"id","categoryPath","displayName"
"faaa5433-b6ca-4d6b-baf5-19c22b9a1231","\Microsoft Outlook 2016\Outlook Options\Preferences\Calendar Options\Schedule View","Do not allow horizontal calendar view"
"8767feb2-a848-4283-9af4-c2987bbeaa2b","\Microsoft Word 2016\Word Options\Security\Trust Center","Dynamic Data Exchange"
"e0ec450b-5403-49df-add1-29fe7d3c4982","\Microsoft Edge","Enable Picture in Picture overlay feature on supported webpages in Microsoft Edge"
"c38f05ea-7545-45cb-b655-b95ba12b777a","\Microsoft Edge","Allow users to configure Site safety services"
"c996f3b3-4a47-40ca-904d-510daa3d35a5","\Google\Google Chrome","Allow proceeding from the SSL warning page on specific origins"
"54680f75-52d1-41ee-850e-4b4aa91549d7","\Google\Google Chrome\Allow or deny screen capture","Allow Same Origin Tab capture by these origins"
"a03367be-6ff1-454b-bb7e-ae47b44fa056","\Microsoft Edge\Content settings","Enable default legacy SameSite cookie behavior setting"
"7d381aef-d595-4d92-8218-92f1ed0a37b4","\Microsoft Edge\HTTP authentication","Configure list of allowed authentication servers"
"d304c347-5afa-48ab-8d57-0e5777684df9","\Microsoft PowerPoint 2016\PowerPoint Options\Security\Trust Center\File Block Settings","Legacy converters for PowerPoint"
"39ba3e51-11b6-46d5-a2e3-43384854f016","\Google\Google Chrome","Enable signin interception"
"91e71d55-1949-4753-b810-e2b4d25e9969","\FSLogix\Logging","IE plugin"
"018e03b1-4b20-4924-bd3a-e9e41a6e35fd","\Microsoft Outlook 2016\Outlook Options\Other","Disable Preview Place"
"e396f8a4-87a0-4d79-99d1-517f1321c62e","\Microsoft Word 2016\Japanese Find","Match old kana forms"
"c0f0b8fe-1c92-47a4-b780-8d3077846ecd","\Google\Google Chrome\Default search provider","Parameters for suggest URL which uses POST"
"6c2a0394-68dc-4217-900d-f5c82a4fbf08","\Microsoft Word 2016\Japanese Find","Match 'repeat character' marks"
"29814681-ac59-4920-b4a9-07b380e5b530","\OneDrive","Exclude specific kinds of files from being uploaded"
"fffd47b7-5926-4bd9-84d8-e8518fb8e412","\Microsoft Office 2016\Contact Card\Contact Tab","Replace Label - E-mail"
"7312a73b-7c84-4dba-9096-ac93bbc983e0","\Microsoft Project 2016\Project Options\Calculation\Calculation options for 'Project1'","Move start of remaining parts before status date forward to status date"
"0e99767d-2761-4add-9a1f-388b564162fe","\Google\Google Chrome\Remote access","Enable firewall traversal from remote access host"
"48767004-82c4-4fc6-aa26-f0c2bd353a0d","\Microsoft Edge\Permit or deny screen capture","Allow Window and Tab capture by these origins"
"9bfcbbc1-2a9b-497f-a942-17138d0cde28","\Microsoft Outlook 2016\Outlook Options\Preferences\E-mail Options\Advanced E-mail Options","When sending a message"
"9d8ba71e-53ce-4fae-aced-96ab164bf595","\Microsoft Excel 2016\Excel Options\Security\Trust Center\Protected View","Open files on local Intranet UNC in Protected View"
"5830537b-2a13-417a-806b-8ac374201941","\Microsoft Edge - Default Settings (users can override)","Configure the default paste format of URLs copied from Microsoft Edge, and determine if additional formats will be available to users"
"495ce9d2-4833-476f-8812-fa662692d4ec","\Microsoft Edge\Startup, home page and new tab page","Set new tab page company logo (obsolete)"
"8fd9711e-3d47-42e0-9ab0-0d19cf2eb680","\Microsoft Word 2016\Japanese Find","Match se/she, ze/je"
"b593c104-136d-4a3a-bb99-ad5739bd2567","\Microsoft Edge","Set the default ""share additional operating system region"" setting"
"4f909505-c642-459e-9861-498137319684","\Google\Google Chrome","Allow the audio process to run with priority above normal on Windows"
"5b56af76-684f-46d1-80a9-5d6ee8129706","\Google\Google Chrome\Removed policies","Enable Instant"
"9bd98ff8-5caf-411f-9dbd-d8d5fc147859","\Microsoft Office 2016 (Machine)\Licensing Settings","Allow extended offline use for Office 365 ProPlus"
"bdc62192-a825-44ce-b0f4-8db04f7ff93b","\Microsoft Word 2016\Word Options\Advanced","Show pixels for HTML features"
"435352ce-9db0-41de-a3fc-2c9cac5ec435","\Microsoft Word 2016\Word Options\Security\Trust Center\File Block Settings","Set default file block behavior"
"1c96bce3-3a2a-434c-bfb4-79bcf0a15755","\Microsoft Excel 2016\Miscellaneous","Disable Office Scripts in Excel for Windows Desktop"
"c83d8f5f-a0c2-4fc6-bdfb-2b088c1d975c","\Microsoft Office 2016\File Open/Save dialog box\Restricted Browsing","Activate Restricted Browsing"
"b1ec6fdc-9c4d-4bb5-b840-f884c2e129e7","\Google\Google Chrome\Content settings","Automatically select client certificates for these sites"
"75c292cd-f8ed-4ff9-87d9-3a72996addf7","\Microsoft Office 2016\Security Settings\Trust Center","Trusted Location #17"
"08c9711b-72f8-4804-8cd2-9c77049fd4db","\Microsoft Excel 2016\Excel Options\Formulas","R1C1 reference style"
"89ccb43e-aa85-4a8c-9891-82e0821c3e47","\Microsoft Edge","Control use of the Serial API"
"4fd20a9b-ec0d-4fc0-8b4d-fd5443a840c5","\Google\Google Chrome","Incognito mode availability"
"8cdccf0e-39af-4ad1-b261-f5e485fb3775","\Google\Google Chrome\Native Messaging","Configure native messaging allowlist"
"f12310b4-40f6-4e1f-be82-479f08810898","\Microsoft Office 2016\Contact Card\Contact Tab","Replace MAPI - Mobile"
"81f14fd5-68aa-431f-b169-68383c74055b","\Microsoft Edge","Allow users to bypass Enhanced Security Mode"
"22209a77-7394-427d-99ea-fc73d6e04f1f","\Microsoft Outlook 2016\Outlook Options\Other\Advanced","Enable mail logging (troubleshooting)"
"834b4fa3-da2a-433e-9d00-197e0fc12b28","\Microsoft Office 2016\Contact Card\Contact Tab","Replace Label - IM"
"d80956d6-54b2-41ca-bf4e-426c50f3502f","\Microsoft Office 2016\Security Settings","Enable Minimizing VBA Project Digital Signature Invalidation"
"466bfcfd-b919-4e25-b3af-52e3fdd686cf","\Microsoft OneNote 2016\OneNote Options\Note Flags","Copy items when moving them"
"50bdcf66-6ab1-4d66-8085-45de63cf903f","\Microsoft Edge","Set WPAD optimization"
"caa342a1-5d49-42c9-a492-55052145de4e","\Microsoft Office 2016\Business Data\Web Service","Set maximum web service return size limit"
"ebee1a62-efb1-4628-b313-9964552208a9","\FSLogix\Profile Containers","Reattach Count"
"8c20c3f5-8e4f-432d-9c7c-02bf3fa52c59","\Microsoft Office 2016\Security Settings\Trust Center","Set the minimum operating system for verifying agile VBA signatures"
"51a6226e-858e-4090-970a-ef60730e655b","\Google\Google Chrome","Application locale"
"af3fdfab-c165-403c-aa68-96476341b089","\Microsoft Project 2016\Project Options\Security\Trust Center","Trusted Location #15"
"72fc7382-3c7e-4c8c-ae6d-def2d17233e4","\Google\Google Chrome","List of types that should be excluded from synchronization"
"0ca063a9-5016-439d-933a-f40771ee7bdb","\Google\Google Chrome - Default Settings (users can override)","Set download directory"
"d7838d50-c783-447f-bd4a-aa486a341083","\Microsoft Outlook 2016\Disable Items in User Interface\Custom","Disable command bar buttons and menu items"
"1f0a3e60-cfa2-476d-a231-2d5b1b37c1b5","\Microsoft Access 2016\Application Settings\Security\Trust Center\Trusted Locations","Trusted Location #13"
"b3ebe1df-54bd-433a-b6e7-bf1ce995571a","\Microsoft Edge - Default Settings (users can override)","Allow importing of favorites"
"0e02717c-2532-4d35-b5af-6e29f9cb88ad","\Microsoft Word 2016\Word Options\Advanced","Add control characters in Cut and Copy"
"9cd4617c-4144-456b-bde9-9ab1067694e0","\Microsoft Edge\Content settings","Block multiple automatic downloads in quick succession on specific sites"
"b5b487b4-ea04-4c15-b7bf-14001dccb34c","\Microsoft PowerPoint 2016\File Tab\Check Accessibility","Stop checking for table header accessibility information"
"a7ebcf09-c1fe-4f7a-8ef1-64120155e015","\Google\Google Chrome","Do not set window.opener for links targeting _blank"
"3032e90b-ba18-4698-8c0c-b509fa068a77","\Google\Google Chrome","List of file types that should be automatically opened on download"
"0234007c-fb85-4cfd-9961-0f1d05507ec4","\Google\Google Chrome\Deprecated policies","Configure the list of domains on which Safe Browsing will not trigger warnings."
"2c5d2177-bf98-4536-b75e-33a1d7684bf3","\Microsoft Edge","Live captions allowed"
"01282c00-91d9-45da-9f36-3bca56180e92","\Microsoft Office 2016\Language Preferences\Editing Languages\Enabled Editing Languages","English (Jamaica)"
"05736aff-93d5-4f0a-9da5-b7a574ca90cf","\Google\Google Chrome","Allow QUIC protocol"
"73d52afc-3218-4933-8072-c33bf5d1bb84","\Microsoft Excel 2016\Excel Options\Security\Trust Center\Protected View","Turn off Protected View for attachments opened from Outlook"
"9cf92212-f1b2-4966-b1b4-d094e6818982","\Microsoft PowerPoint 2016\PowerPoint Options\Security","Turn off file validation"
"a3429877-019c-4c56-95db-940ef215117e","\Microsoft Edge - Default Settings (users can override)","Edge 3P SERP Telemetry Enabled"
"708d3224-2c59-48ef-b911-a407c87e57fd","\Microsoft Edge","Require that the Enterprise Mode Site List is available before tab navigation"
"92994517-705d-4ce1-bd92-ab46e0542ff1","\Microsoft Outlook 2016\Account Settings\RSS Feeds","Run rules on RSS items"
"d1133ae4-7399-4fd5-a696-96095f03736a","\Google\Google Chrome","Allow users to customize the background on the New Tab page"
"5e7ef299-55f7-47c6-9e4b-d965c6b53c10","\Microsoft Office 2016\Tools | AutoCorrect Options... (Excel, PowerPoint and Access)","Correct accidental use of cAPS LOCK key"
"ba9db4ec-6fcd-47c5-a1de-484b761dfe50","\Microsoft Edge - Default Settings (users can override)\Startup, home page and new tab page","Enable preload of the new tab page for faster rendering"
"5487ee82-3a03-4e12-8f2a-bbfea2f483a4","\Microsoft Word 2016\Japanese Find","Match contractions (yo-on, sokuon)"
"367c1b2f-84ee-4f03-9144-a041edb8851f","\Microsoft Outlook 2016\Disable Items in User Interface\Custom","Disable shortcut keys"
"21aa976e-3a59-4922-a344-78f955eea4c4","\Microsoft Edge","Restrict which accounts can be used to sign in to Microsoft Edge"
"0b66f464-52c9-4738-8451-2357ad5dcaa2","\Google\Google Chrome\Removed policies","Enable PAC URL stripping (for https://)"
"b93bc0ba-d110-4274-bae0-a59c8feeb271","\Microsoft Edge\Identity and sign-in","Switch sites on the IE mode site list to a work profile"
"bed25edf-44fa-4ab2-8bfe-50663b81e21f","\Microsoft Edge","Block third party cookies"
"d5d1638f-1af7-4344-b2d6-0cfd65f468cc","\Google\Google Chrome","Enable add person in user manager"
"9a14e2aa-2b1c-4583-af21-be4600273fea","\Google\Google Chrome","Enable Media Recommendations"
"28dae48d-9319-4139-9c9b-3c276e6d6364","\Microsoft Edge","Show thumbnail images for browsing history"
"b26ecded-1043-45e6-a05d-792240b00d91","\Microsoft Word 2016\Word Options\Security\Trust Center\File Block Settings","Word 2003 binary documents and templates"
"413ec732-c9e7-486c-8b61-cb20e680d2c9","\Google\Google Chrome - Default Settings (users can override)","Enable Bookmark Bar"
"8defd572-5f47-4956-b2ec-973d63b44102","\Microsoft Edge","Use Windows proxy resolver (deprecated)"
"d3c4620a-b253-4f79-b85e-f6b3dd8bab99","\Google\Google Chrome","URLs that will be granted access to audio capture devices without prompt"
"f68fa2e3-7fd7-451d-b5e9-1e9a691efed7","\Microsoft Edge","Allow importing of home page settings"
"6e4b87cc-0230-4805-bb34-c3cb72cb68bc","\Google\Google Chrome","URLs for which local IPs are exposed in WebRTC ICE candidates"
"bbb98fa9-d5db-416e-825c-e21462acf5cd","\Microsoft Edge","Double Click feature in Microsoft Edge enabled (only available in China)"
"f43af38f-75c2-4060-a7bb-b1fe2a44be9a","\Microsoft Word 2016\Word Options\General","Allow LinkedIn Resume Assistant feature"
"14711f3d-a887-4221-adeb-3af2c967cc40","\Microsoft Edge\Content settings","Allow Window Management permission on specified sites"
"1c780530-6352-4143-a375-515afdca853c","\Microsoft Edge","Control use of the Serial API"
"8e9d75b5-8852-484e-92c5-5260a49e1a4c","\Microsoft Access 2016\Application Settings\General","Number of files in the Recent list"
"116dcc62-03b1-4d9f-83cf-cc009a2dbf52","\Microsoft Office 2016\Shared paths","Web Query dialog box home page"
"d41151fd-175c-4090-a368-23b4d4e8244b","\Microsoft Office 2016\Present Online\Presentation Services","Configure presentation service in PowerPoint and Word 7"
"2e74209f-5870-4c47-9f0c-7e3a96d7c28c","\Microsoft Office 2016\Document Information Panel","Document Information Panel Beaconing UI"
"f3e73ad7-ac15-4616-9c3f-925dff9e993b","\Google\Google Chrome\Removed policies","Parameters for instant URL which uses POST"
"35b0309c-2fad-4d92-85b9-256d192644e7","\Microsoft Access 2016\Application Settings\Security\Trust Center\Trusted Locations","Trusted Location #15"
"3d2b512e-73da-4efc-910a-3804f71cac1c","\Google\Google Chrome\Content settings","Default geolocation setting"
"e51726ad-277d-43e4-bfa1-bb890fe642a9","\Microsoft Office 2016\Contact Card\Contact Tab","Replace Label - Work Address"
"a584648d-d151-4309-8e70-78d5e78b7352","\Microsoft Office 2016\Miscellaneous","Do not automatically hyperlink screenshots"
"ec97fcc1-3c4b-4d70-a46e-31fdc063f22c","\Microsoft Edge\Startup, home page and new tab page","Show Home button on toolbar"
"c53eda5f-f2ad-4375-8b69-ae9d0e89c70c","\Microsoft Outlook 2016\Outlook Options\Preferences\Search Options","Prevent installation prompts when Windows Desktop Search component is not present"
"d87ac25c-c8d9-4b54-9950-bc641bc3021a","\Microsoft Edge","Allow legacy TLS/DTLS downgrade in WebRTC (deprecated)"
"4253bb53-2d3e-4e98-a9bc-fd8e27b84b97","\Google\Google Chrome\Removed policies","Allow users to show passwords in Password Manager (deprecated)"
"af508509-9518-4596-867a-52161b718d49","\Microsoft Office 2016\Language Preferences\Editing Languages\Enabled Editing Languages","Spanish (Puerto Rico)"
"8328c1d7-9324-423e-b936-164cedfc36a7","\Microsoft Office 2016\Language Preferences\Editing Languages\Enabled Editing Languages","Tatar"
"9391b19c-b5c0-4650-9bf1-a168f7e5f80b","\Microsoft Office 2016\Language Preferences\Editing Languages\Enabled Editing Languages","Khmer"
"7a32f996-b133-46e6-8973-5b04be20c048","\Microsoft Office 2016\Contact Card\Contact Tab","Replace AD - Other"
"5bee4aad-7dd5-4714-9419-f56677c8df9b","\Microsoft Edge Update\Applications\Microsoft Edge Canary","Allow installation"
"3c65e402-d973-4046-bd6a-8f6bd2ff083c","\Microsoft Outlook 2016\Miscellaneous\PST Settings","Default location for PST files"
"50ac5742-3b71-40b1-8aa2-2acddec56c47","\Microsoft Outlook 2016\Outlook Options\Preferences\Calendar Options","Working hours"
"95dca55c-07d9-4562-95e9-1b3e3507c969","\Microsoft Edge","Re-enable Web Components v0 API until M84 (obsolete)"
"de9b62b1-d176-45be-a9f2-8a857264225d","\Microsoft Edge - Default Settings (users can override)\Default search provider","Default search provider search URL"
"cda6d053-8d96-4b78-b83c-0d29cce0e2c0","\Google\Google Chrome\Deprecated policies","URL to a proxy .pac file"
"12d46083-8616-4c49-91ff-e05145d532c1","\Microsoft Office 2016\Language Preferences\Editing Languages\Enabled Editing Languages","German (Austria)"
"8aecb99a-53ca-4ba4-a566-2cc42e327620","\Microsoft Edge - Default Settings (users can override)\Sleeping tabs settings","Configure sleeping tabs"
"cdeb7fbb-46f3-4bf4-8a8a-8fe6e2e0e55e","\Microsoft Edge","Allow importing of autofill form data"
"08c228ef-25e3-45b2-9afe-47bb2f2ab7eb","\Microsoft Edge","Force minimum YouTube Restricted Mode"
"fd5486fd-fd63-484f-8f98-dff1a334ad55","\Microsoft Visio 2016\Visio Options\Security\Trust Center","Trusted Location #19"
"271e0dff-418d-44b1-b02e-352a692ea420","\Microsoft Outlook 2016\Outlook Options\Other","Hide the Office Store button"
"334a9789-c134-4f26-9677-7221942fd173","\Microsoft Edge","List of file types that should be automatically opened on download"
"550ce29c-c66a-47f1-b7af-3733b601fe16","\Google\Google Chrome","Import search engines from default browser on first run"
"5fc25b57-c798-44bd-a226-b110d92d99eb","\Microsoft Edge","Set disk cache size, in bytes"
"83b6c37f-61aa-45bf-af58-eba26df3321c","\Microsoft Office 2016\Language Preferences\Editing Languages\Enabled Editing Languages","Hindi"
"2ebbb533-ba96-4745-9477-2e4bc93d6a93","\Microsoft Office 2016\Language Preferences\Editing Languages\Enabled Editing Languages","Azerbaijani (Latin)"
"187fea5e-1885-40d9-8f03-696fb1048d96","\Google\Google Chrome","Specifies whether WebAssembly modules can be sent cross-origin"
"7f4609b5-f10e-402f-98b3-a7b6cb326f4c","\Microsoft Outlook 2016\Security\Security Form Settings\Programmatic Security\Trusted Add-ins","Configure trusted add-ins"
"721ccaf8-5e94-40b3-a1db-a9efcf833e9b","\Microsoft Office 2016\Language Preferences\Editing Languages\Enabled Editing Languages","Swedish (Finland)"
"12c551cd-81aa-4ddd-a24b-6fc6a7d2aea8","\Microsoft Edge","Enable scrolling to text specified in URL fragments"
"f76b48b2-bb56-42ca-8959-9ac2aa8c928c","\Microsoft Outlook 2016\Miscellaneous","Do not display ""Open this task"" button for workflow tasks"
"7f6c32dd-9afe-4f7b-a847-d0a34733a919","\Microsoft Edge","Allow the Search bar at Windows startup"
"e4f796fc-4224-4dc7-acba-9c6dd463c2c1","\Microsoft Excel 2016\Excel Options\Security\Trust Center","Disable Trust Bar Notification for unsigned application add-ins and block them"
"136fad07-aba1-4da1-b8e2-0cc83cd5c9f2","\Microsoft Edge","Configure the Share experience"
"14659c2d-4618-4768-b832-d6a8ec7c5d34","\Microsoft Edge\Sleeping tabs settings","Configure auto discard sleeping tabs"
"66fcd9f0-95e1-4b90-b199-ae1f8b5a25c1","\Microsoft Excel 2016\Excel Options\General","Show all windows in the Taskbar"
"5710c217-f21c-4b6c-b4ce-f4e0b5fe42f3","\Microsoft Access 2016\Application Settings\Security\Cryptography","Specify CNG random number generator algorithm"
"39ffdc26-9979-4c48-af23-dd93d6db4ca2","\Microsoft Edge","Disable support for 3D graphics APIs"
"0cf75c9a-10fa-4ca9-bddb-a211efac2806","\Microsoft Edge\Identity and sign-in","Enable proactive authentication"
"6786d65c-3a36-47cf-a991-2ba7f965ae16","\Microsoft Office 2016\Language Preferences\Editing Languages\Enabled Editing Languages","Malay (Brunei)"
"17c0b3a2-1f18-4dc3-bf05-6ccc14be6252","\Microsoft Outlook 2016\Security","Prevent users from customizing attachment security settings"
"50196d52-8b70-4ca8-8f66-23d15b950b0c","\Google\Google Chrome\Removed policies","Use Legacy Form Controls until M84."
"d07d8dbb-a919-4519-8a3b-752030e745cc","\Microsoft Excel 2016\Excel Options\Advanced","Enable fill handle and cell drag-and-drop"
"849b57ee-9e6c-4cc3-b2f6-5f76c65a97eb","\Google\Google Chrome","Limits the number of user data snapshots retained for use in case of emergency rollback."
"e2f3324c-5798-4fba-aec5-c194112e8fe1","\Microsoft Edge\Content settings","Automatically grant sites permission to connect to USB serial devices"
"9902dd57-e5f5-4ed8-bef1-7194f152132b","\Microsoft Edge","Control Copilot with Commerical Data Protection access to browser context for Microsoft Entra ID profiles"
"3e91c0d9-722f-4deb-8403-ee65f59f1910","\Microsoft Edge","Ads setting for sites with intrusive ads"
"ef15b876-6f75-4c84-95ce-473d460f05e8","\Microsoft Outlook 2016\Outlook Options\Other","Hide photo link"
"8cd7925c-e86c-41d3-9f67-31d5e18079b3","\Microsoft Outlook 2016\Account Settings\Exchange","Disable AutoDiscover"
"ae5c23b1-55b1-404e-b7b6-7428565d14f3","\Microsoft PowerPoint 2016\PowerPoint Options\General","Turn off QuickStarter"
"a22b7196-3e82-43e1-8ac9-35f4c69beafd","\Google\Google Chrome\Removed policies","Allow Google Chrome Frame to handle the listed content types"
"e23b5d11-7573-453c-9f2b-90160c981435","\Microsoft Edge","Enable Drop feature in Microsoft Edge"
"10c6b11c-e341-4d46-a939-4df61ba5113f","\Google\Google Chrome","Enable Translate"
"b74dd8e1-83b9-4219-908f-b1b2b1b2d81e","\Google\Google Chrome - Default Settings (users can override)","Allow default search provider context menu search access"
"5e134e2e-cc2c-444f-aa5c-a5c393d7282d","\Google\Google Chrome\Removed policies","Allow users to opt in to Safe Browsing extended reporting"
"6b640a5a-6836-452d-a611-506dc547a7a1","\Microsoft Office 2016\Language Preferences\Editing Languages\Enabled Editing Languages","Serbian (Cyrillic, Serbia and Montenegro (Former))"
"69a9ff87-fae7-4b71-9d3f-3e71983bcf41","\Microsoft Edge","Enable or disable the User-Agent Reduction"
"dc234258-5594-4064-8185-613f9a725a3a","\Microsoft Edge","Mouse Gesture Enabled"
"64dd28b9-db59-4ff1-9fb3-988569d5da73","\Google\Google Chrome","Specifies whether to allow insecure websites to make requests to more-private network endpoints"
"8f06656a-59e7-4f27-8229-175e533a87d6","\Visual Studio\Install and Update Settings","Enable administrator updates"
"3ebb5506-fef1-4a21-babb-1cf11ba469ef","\Microsoft Edge","Enable online OCSP/CRL checks"
"28320553-980b-4515-ab3e-48563b8ed1cc","\List Sync","Blocks syncing of external lists via Lists sync"
"e9b22dac-4bf6-412a-8ef2-1b90182c9ee1","\Microsoft Office 2016\Language Preferences\Editing Languages\Enabled Editing Languages","Bosnian (Cyrillic, Bosnia and Herzegovina)"
"589368a6-4425-45a6-9d5d-d7864f8b3e93","\Google\Google Chrome","Fetch keepalive duration on Shutdown"
"7d11d2c3-92b8-4dec-89ef-0ca0528f90d2","\Microsoft Office 2016\Language Preferences\Editing Languages\Enabled Editing Languages","Swahili"
"07a2fd85-f6de-4d8e-a9d1-1f89b1bb6c54","\Google\Google Chrome\Printing","Disable Print Preview"
"222a5879-68dd-424f-ac83-647aae8ee3e3","\Microsoft Edge","Block all ads on Bing search results"
"ee0deeaf-1b02-4090-bcae-fe14566ed9b0","\Microsoft Edge\Default search provider","Specifies the search-by-image feature for the default search provider"
"1af3f820-1ca5-4bf0-a794-bc5fb3dbf569","\Microsoft Edge - Default Settings (users can override)","Single sign-on for work or school sites using this profile enabled"
"2aa2d333-6ef7-41af-b1cb-df6e33429eb3","\Microsoft Visio 2016\Visio Options\Advanced\File Locations","Start-up"
"f974758d-1fab-42fe-ad36-3a6cd25c49c1","\Microsoft Outlook 2016\Account Settings\Exchange","Automatically configure profile based on Active Directory Primary SMTP address"
"7587e241-d674-44fa-8452-8290a23a71ea","\Google\Google Chrome","Control how Chrome Cleanup reports data to Google"
"3aec9a93-52aa-4d00-b5c2-4fe7a6ce9c8f","\Microsoft Office 2016\Security Settings","Allow Basic Authentication prompts from network proxies"
"439d17d2-8c84-4f66-864c-defc25bdce49","\Microsoft PowerPoint 2016\PowerPoint Options\Save","Default file format"
"20fdccbf-8b39-43f0-8cd0-43d828a3a856","\Google\Google Chrome - Default Settings (users can override)","Import saved passwords from default browser on first run"
"42d13330-e48f-4831-aa7c-8076c202c908","\Microsoft Office 2016\Telemetry Dashboard","Specify custom tags for Office telemetry data"
"58f89121-a6b7-4457-b28c-06fc19ddc0c7","\Microsoft Edge - Default Settings (users can override)\Identity and sign-in","Enable sign in click to action dialog"
"cd47281b-c2ca-4ad7-b9b6-1a7c8e007a68","\Microsoft Edge - Default Settings (users can override)","Allow importing of open tabs"
"823c3228-4bc4-45c7-996b-2ac0ef36a7ad","\Microsoft Edge","Check RSA key usage for server certificates issued by local trust anchors"
"d594310a-e641-4851-891e-ef27c9232a76","\Microsoft Outlook 2016\Account Settings\Exchange\Cached Exchange Mode","Use the Online Global Address List for Nickname Resolution"
"fb6c7c1d-ec0f-4340-b6aa-2480ed31ae4d","\Microsoft Office 2016 (Machine)\Security Settings","Disable Package Repair"
"7518f72f-fd30-4b29-8a93-0f4364428149","\Microsoft Project 2016\Project Options\Calendar","Use starting year for FY numbering"
"dc97ba0f-64cb-47b4-bc32-6353b50e3ef7","\Microsoft Excel 2016\Excel Options\Advanced","Enable automatic percent entry"
"5bbd86b7-e201-4355-aba9-4132e237803f","\Microsoft Edge","Allow clipboard use on specific sites"
"81191de0-0536-4178-b60f-ae60b523c869","\Google\Google Chrome","Allow user cloud policies to override Chrome Browser Cloud Management policies."
"dab1d9cb-6639-4c9b-97f5-b3d8781e72ff","\Microsoft Edge - Default Settings (users can override)","Enable search suggestions"
"24be357b-8ef2-463a-97a2-bd73af01ea14","\Microsoft Office 2016\Tools | Options | Spelling","Ignore words in UPPERCASE"
"5f200d4d-073c-4829-b0ef-21230d95062f","\Microsoft Office 2016\Global Options\Customize","Large icons"
"3e3ef429-ba9c-4bf5-9c54-5caf3aac9831","\Microsoft Edge\Startup, home page and new tab page","Configure the new tab page URL"
"d91c1959-83d9-4004-bd0a-13eb8a768ac0","\Microsoft Publisher 2016\Publisher Options\Advanced","Turn off drag preview"
"72d9f132-f1ee-4029-850d-3221313b8259","\Microsoft Outlook 2016\Outlook Options\Preferences\Calendar Options","Hide lucky days when using Rokuyou (Japanese) calendar"
"9087c04a-608d-45b3-82a1-5d3feb848cce","\Microsoft Office 2016\Global Options\Customize\Shared Workspace","Disable user from setting personal site as default location"
"e4ba15f0-15fe-4629-ba89-46eb7516d3d0","\Microsoft Edge - Default Settings (users can override)","Allow the use of your organization's branding assets from M365 on the profile-related UI of a work profile"
"3f5a25ac-d437-4439-96cc-71b511dc6abe","\Google\Google Chrome","Disable Certificate Transparency enforcement for a list of subjectPublicKeyInfo hashes"
"e9dcdb94-a228-4e66-92ed-d2960929f14f","\Microsoft Project 2016\Miscellaneous","Personal templates path for Project"
"0f337a4e-5d00-46b2-aebf-cac4b1d9f464","\Microsoft PowerPoint 2016\File Tab\Check Accessibility","Stop checking for Section with valid name"
"89518ce6-24a3-4b92-8ba6-2758fffbaabd","\FSLogix","VHD Compact Disk"
"be300335-1f3e-4977-a6ce-9e6cc7f4366e","\Microsoft Edge\Startup, home page and new tab page","Hide the default top sites from the new tab page"
"03695ebf-bd8f-499b-82be-3d13233e05db","\Microsoft Office 2016\Tools | Options | General | Web Options...\Files","Check if Office is the default editor for Web pages created in Office"
"c74ceea9-d758-4df5-9399-28cbf7384cc2","\Microsoft Outlook 2016\Account Settings\Exchange\Cached Exchange Mode","Disable Exchange Fast Access"
"274d9535-3e43-40bc-b95f-810f87d7b12a","\Microsoft Outlook 2016\Outlook Social Connector","Do not show social network info-bars"
"c74ebfb6-7188-47a2-b949-c38921e2f96a","\Microsoft OneNote 2016\OneNote Options\Versions and Recyle Bin","Maximum number of once-per-day version history items kept"
"5a89469b-42a3-429d-99cc-f4db31e84e6f","\Microsoft Word 2016\Word Options\General","Prompt the user if Word is not the default application for its file extensions"
"b8801e04-683d-4159-9000-613a0fa559b0","\Microsoft Visio 2016\Visio Options\Security\Trust Center","Trusted Location #1"
"4157d57b-1c4d-4321-ae72-95f6731927fa","\Google\Google Chrome\Removed policies","Default HTML renderer for Google Chrome Frame"
"1c25186c-a651-4957-beec-4f9f5c3cf22e","\Google\Google Chrome\Removed policies","Disable SPDY protocol"
"74d87fbe-d4c6-4cf2-820e-a9c816420143","\Microsoft PowerPoint 2016\PowerPoint Options\Advanced","End with black slide"
"016a47ba-99e6-4022-89c9-2cd8c33f4466","\Microsoft OneNote 2016\OneNote Options\E-mail","Allow OneNote e-mail attachments"
"26c913cf-a392-4a46-8f44-af2c6ffcfd11","\Microsoft Edge - Default Settings (users can override)\Performance","Performance Detector Enabled"
"80835f0b-a0cc-49a2-9207-3589c405113b","\Microsoft Edge - Default Settings (users can override)","Allow importing of shortcuts"
"4504dd68-a550-4b7f-a997-9d0e02705ef2","\Microsoft Outlook 2016\Outlook Options\Other","Disable Preview Place."
"cc2f6573-33a0-4839-addd-29faac806480","\Microsoft Edge - Default Settings (users can override)","Show the Reload in Internet Explorer mode button in the toolbar"
"7fb7beb3-da24-4aab-bf0f-18b8ef3bbff5","\FSLogix\Profile Containers","Redirection XML Source Folder"
"5b9e0dda-db58-49e4-9b36-24b7d2f4606c","\Microsoft Project 2016\Project Options\Security\Trust Center","Trusted Location #5"
"3a9169ce-29b7-4619-a2f3-c242f4c80e42","\Microsoft Project 2016\Project Options\Schedule\Scheduling options for 'Project1'","Work is entered in"
"639546a7-9f46-4794-a361-1fc1807ef310","\Microsoft Outlook 2016\Miscellaneous","Set the time-out interval for Outlook people search"
"b3e16f9b-d569-4bff-ab78-3ba643397d5b","\Google\Google Chrome\HTTP authentication","Allow Basic authentication for HTTP"
"60a4ea8c-d25c-4e5b-8bfe-8fc2504084ae","\Microsoft Outlook 2016\Security\Cryptography","Fortezza certificate policies"
"ac631108-b941-47f7-8fed-d3b65fc56dda","\Google\Google Chrome\Content settings","Control use of the Web Bluetooth API"
"1ba02cac-c6cd-4566-bddf-2c20a7fffe42","\FSLogix\ODFC Containers","Enabled"
"6aa6300f-9349-42ba-b742-a0064b551cb2","\Microsoft OneNote 2016\OneNote Options\Other","Multiplier for Presence sync interval for notebooks stored on SharePoint"
"3d93210c-37ec-44b5-9228-f706392d8539","\Microsoft Edge - Default Settings (users can override)","Enable Translate"
"504e59cc-ab56-4120-83b2-41c4a2c2b9ea","\Microsoft Outlook 2016\Account Settings\RSS Feeds","Turn off RSS feature"
"92a9f78d-d9a0-48b0-9380-75f3fa10034a","\Microsoft Project 2016\Project Options\Calculation\Calculation options for 'Project1'","And move start of remaining parts back to status date"
"d4ad2581-78c5-4f5f-9af2-ae4b01a14d57","\FSLogix\Logging","Search Roaming"
"b2650773-6b82-41a6-b523-dd4d1fc7aebf","\Skype for Business 2016\Microsoft Lync Feature Policies","Configure SIP compression mode"
"8bdf9bb2-d25d-4387-b855-f3a2d7df215e","\OneDrive","Configure team site libraries to sync automatically"
"904fba66-88e8-4537-b575-15f89815f1dd","\Microsoft Edge - Default Settings (users can override)\Sleeping tabs settings","Block sleeping tabs on specific sites"
"e845567f-3a6b-4ca2-8768-72dba2c6b48d","\Microsoft Visio 2016\Visio Options\Security\Trust Center","Trusted Location #2"
"41d907bf-1d7d-4fc3-b36a-8df143586f7c","\Microsoft PowerPoint 2016\PowerPoint Options\Advanced","Print inserted objects at printer resolution"
"5878c4ea-48e8-4707-a4aa-4545b5674bd2","\Microsoft PowerPoint 2016\PowerPoint Options\Save","Suppress file format compatibility dialog box for OpenDocument Presentation format"
"b8332a38-1bc5-471d-b6d8-e3c046494119","\Google\Google Chrome\Removed policies","Allow background tabs freeze"
"44296add-5836-4d48-86b3-aef8b265601e","\Microsoft Edge","Allow features to download assets from the Asset Delivery Service"
"5f693b91-6262-49ab-b547-c635e989660c","\Google\Google Chrome - Default Settings (users can override)\Default search provider","List of alternate URLs for the default search provider"
"d1711d51-dcb1-4547-ba9b-61e9d5a5466a","\Microsoft Edge","Allow or deny screen capture"
"fd29a938-bd5a-4707-b3d5-43b92cb70f90","\Microsoft Word 2016\Word Options\Security\Trust Center\Trusted Locations","Trusted Location #5"
"55292cf6-61f6-47f3-837f-a3e01ce64493","\Microsoft Edge","Force WebSQL in third-party contexts to be re-enabled (deprecated)"
"05444f81-ca74-47db-88da-3c71e2b38df4","\Microsoft Office 2016\Disable Items in User Interface","Hide built-in shape style presets"
"e86f17a2-cad0-455e-bf03-1fd7cc70ea2b","\Microsoft PowerPoint 2016\PowerPoint Options\Security\Trust Center","Require that application add-ins are signed by Trusted Publisher"
"f29273bb-7f51-4c57-9280-0e13bc7dbce2","\Google\Google Chrome","Refresh rate for user policy"
"1d333e6a-896f-41e8-9a81-709e3b419694","\Microsoft Edge\Identity and sign-in","Configure the automatic profile switching site list"
"e1da688d-d576-4745-9a85-cc06e83ffd74","\Microsoft Edge","Browsing Data Lifetime Settings"
"274c38cf-a11b-4d84-8efd-ccd85c59442e","\Microsoft Edge - Default Settings (users can override)\Performance","Pin browser essentials toolbar button"
"8c880ed7-ad2b-43d7-b786-95c98e79b4e2","\Microsoft Edge","Enhance images enabled"
"c0ae68b1-da56-4740-9f60-f6691019895d","\Microsoft PowerPoint 2016\Collaboration Settings\Co-authoring","Don’t automatically save changes when working in the same PowerPoint presentation as others"
"1ebb03bb-6862-40c1-aa98-f3a0d6065ed1","\Microsoft Word 2016\Word Options\Security\Trust Center","Allow embedded TrueType fonts to be sent in messages"
"3a751ac6-1536-4441-8e93-e267f08755f5","\Google\Google Chrome\Content settings","Allow access to sensors on these sites"
"6bd3adbe-6892-42f1-981d-45ad29f97a4e","\Microsoft Office 2016\Language Preferences\Editing Languages\Enabled Editing Languages","Danish"
"fd6ede09-8c25-4b10-b41f-ed951db0651d","\FSLogix\ODFC Containers","Access Network as Computer Object"
"cc6f38ce-a550-431b-82c0-a6d52d110f36","\Microsoft Teams","Prevent Microsoft Teams from starting automatically after installation"
"8c202117-5ec8-44a4-ae20-79186e67e831","\Microsoft Edge","Block clipboard use on specific sites"
"1b1e9e66-e07f-4019-b471-a89b5ed8f997","\Microsoft Office 2016\Contact Card\Contact Tab","Replace AD - IM"
"eefc04b9-c246-4c3d-83fd-0c2bb7376be9","\Microsoft Edge","Enable site isolation for every site"
"0da98f81-3e13-4feb-9603-2defa3e32940","\Microsoft PowerPoint 2016\PowerPoint Options\Security\Trust Center\Trusted Locations","Trusted Location #18"
"5123d95b-7380-4104-893c-0970fa2b46b7","\Google\Google Chrome","Origins or hostname patterns for which restrictions on
insecure origins should not apply"
"31b5eecf-8ae0-4be8-baf6-71b14c3a1f9e","\Microsoft Office 2016\Miscellaneous\Workflow Cache","Workflow Cache 2"
"ba9cbd29-ee4f-4eee-8033-abce2d3289e2","\Google\Google Chrome\Removed policies","Skip the meta tag check in Google Chrome Frame"
"593bfdf8-dbf5-4c1a-92fa-0c292d9217ac","\Microsoft Office 2016\Language Preferences\Editing Languages\Enabled Editing Languages","French (France)"
"ec11dc12-4c24-46ba-befe-afe96743433c","\Microsoft Office 2016\Services\Fax","Disable Internet Fax feature"
"0139025a-e133-4ca0-83a9-0d9a390ea659","\Microsoft Office 2016\Security Settings\Trust Center","Trusted Location #19"
"abeb6a60-4d1c-459f-9d8f-38f9feb83536","\Microsoft Office 2016\Privacy\Trust Center","Allow the use of connected experiences in Office"
"d3fe3353-de49-4b3f-ac7f-36fef6b5f748","\Microsoft Excel 2016\Excel Options\Save","Keep the last AutoSaved versions of files for the next session"
"c95a778c-cd67-4713-8494-db5e337f429a","\Google\Google Chrome\Removed policies","Specify a list of plugins that the user can enable or disable"
"8cb87155-5dd9-41a8-8bb3-f8f8158d21d7","\Microsoft Office 2016\Language Preferences\Editing Languages\Enabled Editing Languages","Azerbaijani (Cyrillic)"
"25be9d3b-d932-42ee-b9dc-4dd4f2af79ed","\Microsoft Project 2016\Miscellaneous","List of managed add-ins"
"d529b8d0-31d3-4c36-acef-1ea3dd4b5125","\Google\Google Chrome","Disable taking screenshots"
"74b526f5-8ec5-46d0-ba8c-35e453608ee1","\Microsoft Edge\Native Messaging","Allow user-level native messaging hosts (installed without admin permissions)"
"5856f8ec-1892-4b71-b31f-9b75ab207ce3","\Microsoft Edge","Enable guest mode"
"c9f777f7-7326-411f-8c74-26ef9ff8db26","\Microsoft Edge - Default Settings (users can override)","Allow importing of search engine settings"
"86d7cb75-304e-48c9-a53e-e9f746cb75db","\Microsoft Office 2016\Present Online\Presentation Services","Configure presentation service in PowerPoint and Word 9"
"0bafb7ee-f4cf-4974-af2e-43e27a683d23","\Microsoft Office 2016\Language Preferences\Editing Languages\Enabled Editing Languages","Macedonian"
"9e4c321f-1e99-4d06-a34f-514b6cf81d6f","\Microsoft Edge","Minimum TLS version enabled (obsolete)"
"d0222d39-e1f5-427d-8c6c-6411e4e46b6b","\Microsoft Excel 2016\Excel Options\Advanced","Default sheet direction"
"dc3eb237-8efe-4c0c-8dae-bc45078ffb5e","\Microsoft Outlook 2016\Outlook Options\Preferences\Calendar Options","Calendar week numbers"
"83b8f699-95ed-411b-aae5-6c6ef8d45284","\Microsoft Office 2016\Language Preferences\Editing Languages\Enabled Editing Languages","Gujarati"
"42e5d35b-b70e-4a71-9cc8-ff22d16c22b5","\Microsoft Outlook 2016\Outlook Options\Mail Format","Do not allow signatures for e-mail messages"
"4cdd932f-cbb3-4b93-86e6-8bc209856878","\Microsoft PowerPoint 2016\Disable Items in User Interface\Predefined","Turn off audio recording for screen recording"
"68931692-f778-4de5-97ce-268c54d07751","\Microsoft Outlook 2016\Outlook Options\Other","Recommend the Microsoft Outlook Extension"
"996f6ff8-554e-417a-b879-bd67b48dd259","\Microsoft Edge","Enable browser legacy extension point blocking"
"2cdb63ca-b9b5-49bf-b1e2-c8b4057e6cd6","\Microsoft Outlook 2016\Account Settings\SharePoint Lists","Define custom label for SharePoint store"
"35346423-9eea-48d8-9dec-f59616ae0aae","\Microsoft Office 2016\Office 2016 Converters","Block opening of pre-release versions of file formats new to PowerPoint 2016 through the Compatibility Pack for Office 2016 and PowerPoint 2016 Converter"
"3ffe857c-c177-4b4a-a924-a4a1a3da1df4","\Google\Google Chrome","Enable scrolling to text specified in URL fragments"
"1ec5e916-8551-4b40-8f48-5e15fd09532e","\Microsoft Outlook 2016\Security\Security Form Settings","Outlook Security Mode"
"750b950a-6fcd-4447-a91f-5937340230b1","\Microsoft Edge\Startup, home page and new tab page","Sites to open when the browser starts"
"d136fc97-9e17-47bc-8b74-45c3dbc6b94f","\Google\Google Chrome - Default Settings (users can override)","Set default download directory"
"45d9f554-2f20-4341-97a7-aac42737402c","\Microsoft PowerPoint 2016\Disable Items in User Interface\Predefined","Disable shortcut keys"
"fc5c15bc-169b-4a12-8650-9d8871bbe89d","\Microsoft Office 2016\Security Settings\Escrow Certificates","Escrow Key #8"
"15cef32e-d6ac-458a-93f1-95c828d37bcd","\Microsoft OneNote 2016\OneNote Options\Pen","Disable scratch out"
"d0f2dd98-b869-4c68-87bc-e79d0de33f7c","\Microsoft Outlook 2016\Account Settings\Internet Calendars","Disable roaming of Internet Calendars"
"52b5cba1-3b1f-44ec-9593-bbd734679b26","\Microsoft Publisher 2016\Security\Trust Center","VBA Macro Notification Settings"
"b62b418e-ff65-4e50-ad6f-f27599e84c50","\Google\Google Chrome - Default Settings (users can override)\Default search provider","Enable the default search provider"
"6b49466d-135e-476a-9681-62a33cb6157e","\Microsoft Edge","Enable security warnings for command-line flags"
"458c18a4-a5d4-43d1-b11f-8ee112fd2ebb","\Microsoft Access 2016\Miscellaneous","Default file format"
"7687f839-877f-4242-bef8-e203e162108a","\Microsoft Edge - Default Settings (users can override)","Allow unconfigured sites to be reloaded in Internet Explorer mode"
"3041300e-0b33-42dd-8688-ce8367fb7d13","\Microsoft Edge","Block smart actions for a list of services"
"a54cca2d-34ad-4505-bd71-30e729a25d49","\Microsoft Word 2016\Word Options\Proofing\AutoFormat as you type\Apply as you type","Automatic bulleted lists"
"9f2823ba-ec56-4f97-b5bf-06f309b385a9","\Microsoft Access 2016\Application Settings\Security\Trust Center\Trusted Locations","Trusted Location #20"
"f0979ca4-671e-45d1-842e-8b6b64daf76c","\Microsoft Edge\Manageability","Microsoft Edge management service policy overrides platform policy."
"760a68e7-e246-4ad4-9f32-711a28d36f5d","\Microsoft Office 2016\Security Settings","Macro Runtime Scan Scope"
"27be8f2e-f839-4ce5-8850-1bf0908f1288","\Microsoft Edge\Experimentation","Configure users ability to override feature flags"
"2f62c9fc-2d83-4465-a92d-f76756c5b5d9","\Microsoft Office 2016\Global Options\Customize","Menu animations"
"32cb2ceb-a08a-4406-8977-a1a124c2de42","\Microsoft Edge\Native Messaging","Control which native messaging hosts users can use"
"964871a3-fc27-42dc-aab1-48b55c9bfe6f","\Microsoft Edge","Enhanced Security Mode configuration for Intranet zone sites"
"99b9055d-8fda-4845-a2b5-e21d99969e06","\Microsoft Outlook 2016\Account Settings\Exchange","Configure Outlook Anywhere user interface options"
"fd849b1c-4577-4705-94ed-73d57d9a6f0b","\Google\Google Chrome - Default Settings (users can override)\Startup, Home page and New Tab page","URLs to open on startup"
"d506ea05-fd76-42e6-ae26-e6273fba4b2a","\Microsoft Office 2016\Language Preferences\Editing Languages\Enabled Editing Languages","Kashmiri (Arabic)"
"a47b9bb4-0f7e-43e6-a16f-ddfeffece7c7","\Microsoft Project 2016\Project Options\Save\Tools | Local Project Cache","Local Project Cache Location"
"6d127cbe-189f-4988-bdc1-dfc7e02ba372","\Microsoft Outlook 2016\Miscellaneous\PST Settings","Do not send meeting forward notifications"
"606fa0dd-676b-4c2e-bc78-990d4738e9af","\Microsoft Edge\Proxy server","Configure address or URL of proxy server (deprecated)"
"677cd31e-710d-4148-a353-06f4abc77a34","\Microsoft Publisher 2016\Publisher Options\Advanced\Complex scripts","Use sequence checking"
"80e47c30-5070-49de-902f-b339886bfca5","\Microsoft Visio 2016\Miscellaneous","Email message for 'Send To' commands"
"cf9bfdab-bf7b-4d6c-a352-50f1c3aa585d","\Microsoft Excel 2016\Miscellaneous","List of managed add-ins"
"151b34c1-20aa-410f-9a89-15768c9b9d59","\Microsoft Office 2016\Privacy\Trust Center","Configure the level of client software diagnostic data sent by Office to Microsoft"
"e541ea5a-50f7-4841-b9c0-9dabe9374116","\Google\Google Chrome - Default Settings (users can override)","Enable or disable spell checking web service"
"f6b92e1f-9dda-46f1-a05d-0044f2143552","\Microsoft Visio 2016\Visio Options\Security\Trust Center","Trusted Location #7"
"8a1899f2-3f21-496a-a829-51e5249ce75d","\Microsoft Office 2016\Security Settings\Trust Center\Trusted Catalogs","Allow users to control the Trusted Shared Folder Catalogs"
"b91f06f0-2e24-498b-a21f-69e22188240e","\Microsoft Access 2016\Miscellaneous","Personal templates path for Access"
"da0b57c8-8a82-47ee-9d4b-b6d702d190ef","\Microsoft PowerPoint 2016\PowerPoint Options\Security\Trust Center\Trusted Locations","Trusted Location #6"
"9153f948-78cb-4b9a-944c-aa1bd463845d","\Microsoft PowerPoint 2016\PowerPoint Options\Save","Disable Package For CD"
"1b449aa4-a252-4de1-8ed1-089e5e91102e","\Microsoft Edge","Do not set window.opener for links targeting _blank"
"9b3b3720-08eb-4a60-b7a5-ce2330e8eb78","\Microsoft Word 2016\Word Options\Security\Trust Center","Trust access to Visual Basic Project"
"686deccc-7146-4ea9-9e03-c09bc9b147e4","\Microsoft Office 2016\Present Online\Presentation Services","Configure presentation service in PowerPoint and Word 3"
"4a6526e9-1d9b-4525-94b2-0c57a8ca2530","\Microsoft Edge\Content settings","Block pop-up windows on specific sites"
"dbc1b49f-c4ba-4dd6-a6d1-c1c039f0dd09","\Microsoft Edge\Content settings","Allow images on these sites"
"d97ec5df-7fcc-4c99-a0c9-e200cdf36eab","\Microsoft Visio 2016\Visio Options\Advanced\General Options","Open each ShapeSheet in the same window"
"0fa447c3-79b3-40a0-af3e-0e99acc26241","\Microsoft Excel 2016\Excel Options\Advanced","Extend data range formats and formulas"
"a2ec50fd-7a62-49fb-a36e-b6cc93dc947e","\Microsoft Office 2016 (Machine)\Security Settings\IE Security","Consistent Mime Handling"
"e50b822c-6076-430e-a070-dbfce92a7778","\Microsoft Office 2016\Language Preferences\Editing Languages\Enabled Editing Languages","English (U.S.)"
"ab59004d-691e-48a9-ac7c-cab49204f949","\Microsoft Office 2016\Security Settings\Escrow Certificates","Escrow Key #12"
"3efb9c09-6150-46a9-9afd-cd4668630e5c","\Microsoft Edge","Manage exposure of local IP addressess by WebRTC"
"fcf0d8ea-991d-4f64-b66a-8ccc5333ffba","\Microsoft Office 2016\Language Preferences\Editing Languages\Enabled Editing Languages","Serbian (Cyrillic, Montenegro)"
"505e622b-6810-4bb1-ae32-90d0d60ca27b","\Microsoft Office 2016\Language Preferences\Editing Languages\Enabled Editing Languages","Punjabi"
"348a952f-48e3-49dc-a868-a72df6ce6865","\Microsoft Office 2016\Language Preferences\Editing Languages\Enabled Editing Languages","Basque"
"51de4cfd-2fc6-4ac6-8842-9ac81f8bbe3f","\Microsoft Word 2016\Word Options\Advanced","Keep track of formatting"
"dd15a0a6-bffa-4db6-8019-a7f5d317bfd3","\Microsoft Office 2016 (Machine)\Updates","Hide option to enable or disable updates"
"25ebbc63-1eca-46e7-93a6-f2cea0103059","\Microsoft Edge\Content settings","Allow cookies on specific sites"
"57f92c46-ebdf-4aa3-b4a0-00159faeb22c","\Google\Google Chrome\Default search provider","Parameter providing search-by-image feature for the default search provider"
"244f2f50-9815-47b9-bb2b-a692b83effe9","\Google\Google Chrome - Default Settings (users can override)\Removed policies","Enable Instant"
"a54bcbbf-a72a-49fb-bbb2-0a802b70d7ba","\Microsoft Edge - Default Settings (users can override)","Set the default ""share additional operating system region"" setting"
"e9e8c791-79ac-4e09-b905-314e1309c658","\Google\Google Chrome - Default Settings (users can override)\Password manager","Enable leak detection for entered credentials"
"b58c9378-5bd8-47ac-b5e1-bd82539d79d1","\Microsoft Office 2016\Microsoft Office Document Cache","Check-out to local disk"
"5ab474b7-17c4-4123-9f95-ee8ddd794195","\Google\Google Chrome - Default Settings (users can override)","Enable network prediction"
"e1e690c5-82f3-434d-b3e5-979b65ffb593","\Microsoft Visio 2016\Disable Items in User Interface\Custom","Disable commands"
"2ec0bd01-fe9d-4c64-be7a-ec6bcedecccb","\Microsoft Edge","Force minimum YouTube Restricted Mode"
"b2a170a1-bb56-4380-a5d4-8e432086e07e","\Microsoft Project 2016\Project Options\General\General options for 'Project1'","Default standard rate"
"df442d2f-1008-4186-ad1c-f49031b104b1","\Microsoft Project 2016\Project Options\Edit\Hyperlink appearance in 'Project1'","Underline hyperlinks"
"1df46564-a02a-416d-bbe9-0915067183b4","\Google\Google Chrome","Allow or deny video capture"
"f6872a12-19f4-4a19-846d-0bbb4313fd25","\Microsoft Outlook 2016\Outlook Options\Preferences\Calendar Options","Calendar item defaults"
"4df2bbfd-9e8c-4351-875f-da329d6dff42","\Skype for Business 2016\Microsoft Lync Feature Policies","Prevent users from running Microsoft Lync"
"ca176e3a-97f3-40c2-84fb-ad57bf08fad3","\Skype for Business 2016\Microsoft Lync Feature Policies","Additional server versions supported"
"044817ba-eb10-439e-998b-f73ca3625280","\Google\Google Chrome","Configure the color of the browser's theme"
"a4c44608-5af0-4e8c-aad2-86a10cb5a12d","\Google\Google Chrome","Allow Chrome to block navigations toward external protocols in sandboxed iframes"
"587e8ad4-8ad2-4a64-95e3-9809fc3abc1a","\Microsoft Word 2016\Word Options\General","Remove the Acronyms command from the ribbon"
"769868c7-0dd7-4dd4-bd70-2ae67b408d3a","\Microsoft Office 2016\Language Preferences\Editing Languages\Enabled Editing Languages","Punjabi (Pakistan)"
"9a648e7c-80c9-4467-884d-f05110acd495","\Microsoft Edge\Content settings","Control use of the WebUSB API"
"a5a04f58-7a4e-4be6-b442-1d8b15afc143","\Microsoft Edge - Default Settings (users can override)\Sleeping tabs settings","Block sleeping tabs on specific sites"
"899a7de7-9662-4ec2-b45b-ab2e752c6db6","\Microsoft Office 2016\Security Settings\Trust Center","Trusted Location #10"
"3b8e2724-b02c-4d51-9e44-29165c7f6930","\Visual Studio\Feedback Settings","Disable the send-a-smile feature"
"5a3843e9-ac4b-4c41-99e2-60e0e189f422","\Microsoft Office 2016\Language Preferences\Editing Languages\Enabled Editing Languages","Chinese (Macao S.A.R.)"
"95ba81bf-3b12-4d31-835c-a2fe8a72e75e","\Google\Google Chrome\Remote access","Configure the required domain names for remote access clients"
"3122ec49-03dc-4928-87d5-65243fee9760","\Google\Google Chrome\Content settings","Allow access to sensors on these sites"
"d1d4fb96-f776-4fcb-8784-0e207d9c4ad3","\Google\Google Chrome\Content settings","Default geolocation setting"
"2ce2f507-aae8-49a1-98ce-dc3faafcd331","\OneDrive","Prevent users from redirecting their Windows known folders to their PC"
"f2e9d965-39e3-4efa-8d25-e11e8ff5ef57","\OneDrive","Configure team site libraries to sync automatically"
"212c03a6-1721-49f0-b784-7d277e8e8a01","\Microsoft Office 2016\Language Preferences\Editing Languages\Enabled Editing Languages","French (Luxembourg)"
"bfcc7d86-c581-4aca-a600-0b8883521901","\Microsoft Edge WebView2\Network settings","Make Access-Control-Allow-Methods matching in CORS preflight spec conformant"
"f2a3f4ca-88c4-4fca-a7ac-f0c7086cdb13","\Microsoft Edge\Content settings","Allow intranet zone file URL links from Microsoft Edge to open in Windows File Explorer"
"17d8c47a-dfb3-4532-a747-70970c85336c","\Microsoft Project 2016\Project Options\Schedule\Scheduling options for 'Project1'","Tasks will always honor their constraint dates"
"64fef476-1249-42b9-9162-7d86a8da6d54","\Microsoft Office 2016\Tools | Options | General | Service Options...\Online Content","Online Content Options"
"74dd2cc9-2a9f-446f-aae7-d016c616cc1f","\Microsoft Edge","Enable profile creation from the Identity flyout menu or the Settings page"
"7821bd5c-4105-475b-8588-fd68b0fbf1b2","\Microsoft Edge","Allow launching of local files in Internet Explorer mode"
"d1717d82-7e5f-4cdc-a78f-a5c39d24538e","\Microsoft Outlook 2016\Account Settings\RSS Feeds","Synchronize Outlook RSS Feeds with Common Feed List"
"6189eace-13bd-435e-b438-2f38495bf9cc","\Microsoft Edge","Allow users to proceed from the HTTPS warning page"
"d3ca61ee-865e-4edb-a5bc-29ddc25f3dec","\Microsoft Edge","Enable Windows to search local Microsoft Edge browsing data"
"f2c2e384-1d1e-4e9d-89fe-747b103f0ce6","\Windows Components\Remote Desktop Services\Remote Desktop Session Host\Azure Virtual Desktop","Enable watermarking"
"3d088c17-d2a3-4ec5-9fec-e49e36d7403b","\Microsoft Edge","Websites or domains that don't need permission to use direct Security Key attestation"
"9c0c3659-da67-4826-8200-35eefdf4d461","\Microsoft Edge","Force direct intranet site navigation instead of searching on single word entries in the Address Bar"
"c7fa1122-dccb-4d35-b4e3-de0ad017a985","\Microsoft Office 2016\Miscellaneous","Open Directly in Office Client Application"
"f999eb03-a4cb-4040-89bc-1e3a7d6222f1","\Microsoft Edge - Default Settings (users can override)\Startup, home page and new tab page","Configure the new tab page URL"
"297cbbbf-c674-4778-a16f-4891bccae85d","\Microsoft Edge - Default Settings (users can override)","Allow importing of autofill form data"
"cf21c181-5747-4673-b43a-92bebba99453","\Microsoft Office 2016\Miscellaneous","Disable Office Backgrounds"
"3aef6f49-cac7-4f77-a25f-79eeffabe51e","\Microsoft Outlook 2016\Account Settings\RSS Feeds","Default RSS Feeds"
"47bc66e5-9f6c-462a-87d6-7da813f2cd15","\Microsoft Edge","Re-enable the Event.path API until Microsoft Edge version 115 (obsolete)"
"fcdf89a5-f63d-4d55-8963-4043dde3348d","\Microsoft Word 2016\Word Options\Security\Trust Center\Protected View","Open files on local Intranet UNC in Protected View"
"f8324242-18c0-40bf-ae08-52db57201372","\Microsoft Edge\Default search provider","Default search provider URL for suggestions"
"3104954a-0e67-4996-b484-dabf15ea5242","\Google\Google Chrome","Set the roaming profile directory"
"ff04a1e3-7fb5-44d5-850c-e96472a7efe9","\Microsoft Word 2016\Word Options\Proofing\AutoFormat as you type\Replace as you type","Symbol characters (--) with symbols"
"3cd2dd51-91a6-4ddd-9cb2-963d8db7b813","\Microsoft Edge\Sleeping tabs settings","Configure sleeping tabs"
"89eb4fcb-af3d-400a-9375-ea2bbd2012f5","\Microsoft Edge - Default Settings (users can override)","Allow users to configure Site safety services"
"76c82e4e-b2d6-43be-bcfe-386332aba80a","\Microsoft Edge\HTTP authentication","List of origins that allow all HTTP authentication"
"e90d92aa-0f96-470c-bf87-3e96deb1cf7d","\Google\Google Chrome\Deprecated policies","Enable force sign in for Google Chrome"
"c0a32542-86dc-4ea7-9ddb-4274c775fad6","\Google\Google Chrome - Default Settings (users can override)\Default search provider","Default search provider suggest URL"
"03fbabf4-5647-43a0-aeb6-d25d2328fcb2","\Google\Google Chrome","Ads setting for sites with intrusive ads"
"a6620406-557e-4fc7-88a1-2bc55918332d","\Google\Google Chrome","Allow remote debugging"
"ef3890b2-41f7-453d-a52b-2bb202f28efc","\Google\Google Chrome\Safe Browsing settings","Configure the change password URL."
"043dea49-e62a-4cdc-b862-164c7ed4e685","\FSLogix\Logging","Profile Container"
"cdbccd5b-a9ba-4213-8ca8-3f867396766c","\Microsoft Outlook 2016\Security\Cryptography\Signature Status dialog box","Missing CRLs"
"5a75ce37-22ea-451f-b840-437b25a6584d","\Google\Google Chrome\Content settings","Block read access via the File System API on these sites"
"7876d62d-a59e-4e9f-a95a-1e179d344e72","\Microsoft Edge\SmartScreen settings","Prevent bypassing of Microsoft Defender SmartScreen warnings about downloads"
"672714b9-fd77-4618-af4f-add60aeaacae","\Microsoft Outlook 2016\Folder Home Pages for Outlook Special Folders","Calendar Folder Home Page"
"37cded86-b88b-4f9d-8747-30f9882fa91d","\Microsoft Publisher 2016\Security\Trust Center","Require that application add-ins are signed by Trusted Publisher"
"1287ea96-15f2-4e2d-a15b-51032e2af574","\Microsoft Edge","Text prediction enabled by default"
"079d674d-e92c-4e08-9f2c-c332ce136ab6","\Microsoft Edge\HTTP authentication","Specifies a list of servers that Microsoft Edge can delegate user credentials to"
"88dd62f1-938a-4d16-b120-d9e33b73b83c","\Google\Google Chrome\Content settings","Allow popups on these sites"
"2ff1fbaf-6689-4d61-af65-10bc9138be5a","\Microsoft Edge","Configure ShadowStack crash rollback behavior"
"67f52d75-a3af-4f4d-953e-d7a336964559","\Microsoft PowerPoint 2016\PowerPoint Options\Security\Trust Center\File Block Settings","Graphic Filters"
"0c15c824-056d-4701-afd6-b912058befbe","\Microsoft Edge\SmartScreen settings","Disable SmartScreen AppRep based warnings for specified file types on specified domains"
"f8622a61-bdb7-46a1-a4fa-fdc6c85ab76d","\Windows Subsystem For Linux","Allow WSL1"
"5b2d5567-7fce-4ddb-9712-0409e2a60b82","\Microsoft PowerPoint 2016\File Tab\Check Accessibility","Check for accessibility issues while editing"
"f50c7e09-75fe-4fd2-92b0-5daf9db20d85","\Microsoft Office 2016 (Machine)\Licensing Settings","Specify the location to save the licensing token used by shared computer activation"
"4662e301-def6-49e7-acb4-a39ceafca387","\FSLogix\ODFC Containers","Include OneNote"
"05f5e1d0-f1ab-4f94-8765-c122cadaa381","\Microsoft Office 2016\Contact Card\Contact Tab","Replace MAPI - Other Address"
"a4d9ce73-af48-401c-beba-85dbc3e2a7b3","\Microsoft Edge\Printing","Print PostScript Mode"
"950843db-55de-47b6-a92f-d590dcd38d21","\Microsoft Visio 2016\Visio Options\Security\Trust Center","Trusted Location #5"
"a243f11e-fa89-4558-aaee-0c0f2431ae4e","\Google\Google Chrome\Content settings","Block insecure content on these sites"
"d6b774d8-a66f-4472-9367-da3b3ae45a71","\Microsoft Office 2016\Tools | Options | General | Web Options...\General","Rely on CSS for font formatting"
"10fff68b-c009-4a73-ad20-c506898afbc1","\Microsoft Office 2016\Miscellaneous\Workflow Cache","Workflow Cache 13"
"c110cee3-98d0-4f97-a776-4280944df093","\Microsoft Office 2016 (Machine)\Security Settings\IE Security","Scripted Window Security Restrictions"
"1d6aabe8-06fa-4b9e-b930-77528fe56e54","\Microsoft Access 2016\Application Settings\Security\Cryptography","Specify CNG salt length"
"40b01290-d3a7-4c3d-bcad-94fc08d915aa","\Microsoft Office 2016\Security Settings\Digital Signatures","Check the XAdES portions of a digital signature"
"c7d07bee-f8a1-4ee4-b75b-29f64f90ccf3","\Microsoft Project 2016\Project Options\Edit\Edit options for Microsoft Project","Ask to update automatic links"
"03ae66ec-7543-47a5-a094-2c083c23f5a1","\Microsoft Word 2016\Word Options\Security\Trust Center","Disable Trust Bar Notification for unsigned application add-ins and block them"
"5d8a4811-219c-4f2b-b2ad-8b853c5bae73","\Microsoft Word 2016\Word Options\General","Enable Live Preview"
"c211512e-eda6-4144-a017-eb9f9862ab50","\Google\Google Chrome\Content settings","Block write access to files and directories on these sites"
"9c84fa9a-a499-4f43-8933-5b8989c72cae","\Microsoft Project 2016\Project Options\Security\Trust Center","Trusted Location #7"
"7cc4f0fe-8003-4ab3-b427-f8f7d9f8cf35","\Microsoft PowerPoint 2016\PowerPoint Options\Security\Trust Center\Trusted Locations","Trusted Location #2"
"8533bf06-c8c5-4302-9a8f-0fffe4f0e4b8","\Google\Google Chrome\Content settings","Automatically grant permission to sites to connect to USB serial devices."
"781c071a-bc7f-4746-a151-78994111b342","\Microsoft Office 2016\Language Preferences\Editing Languages\Enabled Editing Languages","Uyghur (China)"
"313dadad-942b-4fa1-8dcf-050694c39c28","\Microsoft Edge\Content settings","Block images on specific sites"
"c5905570-ed13-44f6-8ee7-acc6d9862944","\FSLogix\Profile Containers\Container and Directory Naming","SID Directory Name Match"
"0663385d-ee48-44a9-bee9-a015e2f6e3d1","\FSLogix\ODFC Containers","Include Outlook"
"432ebcde-83cc-4103-bb2e-e75674d37aaf","\Microsoft Outlook 2016\Account Settings\Exchange","Do not allow users to change permissions on folders"
"4d81be55-d711-4c28-a829-03a0d313a32f","\Microsoft Office 2016\Language Preferences\Editing Languages\Enabled Editing Languages","Syriac"
"d1d6c395-57cf-445f-8b33-42205544e969","\Microsoft Office 2016\Language Preferences\Editing Languages\Enabled Editing Languages","Norwegian (Bokmål)"
"1d2c2827-da8b-4e0f-a2e2-ab2e6bc54f09","\Microsoft Edge","Restore PDF view"
"f9805c2d-c21b-484c-ba7b-841bbb55ebf1","\Google\Google Chrome\Removed policies","Allow WebDriver to Override Incompatible Policies"
"67f3ff79-887a-40cc-93d4-0e1cc57bbea3","\Microsoft Office 2016\Security Settings\Trust Center\Application Guard","Disable hardware acceleration for Office in Application Guard"
"90e47685-e50e-432c-97bc-72357a17093f","\Microsoft PowerPoint 2016\PowerPoint Options\Customize Ribbon","Display Developer tab in the Ribbon"
"71dbd41e-6d33-45cd-a166-eae87f7c676f","\Microsoft Outlook 2016\Security\Cryptography","Do not provide Continue option on Encryption warning dialog boxes"
"ea1cd997-5be9-4fc3-a40d-73448567230d","\Microsoft Office 2016\Security Settings\Escrow Certificates","Escrow Key #5"
"b6c386e3-a4f3-4c18-8e65-710ccc5a9726","\Microsoft Edge","Enable warnings for insecure forms"
"254b549b-20d0-49c7-945c-07866e3ba76c","\Google\Google Chrome","Allow DNS queries for additional DNS record types"
"eec03a81-c21b-4151-9990-6a1167a2f051","\Microsoft Office 2016\Web Archives","Allow Web Archives to be saved in any HTML encoding"
"28970d0e-7673-45f7-999c-e564d58e2d64","\Microsoft Excel 2016\Excel Options\Security\Trust Center","Trust access to Visual Basic Project"
"21e2fdfe-860d-4736-9394-a22c5c216a89","\Google\Google Chrome","Allow the listed sites to make requests to more-private network endpoints from insecure contexts."
"ed63a700-4e99-4e04-9017-cb56bcbf72a2","\Google\Google Chrome\Allow or deny screen capture","Allow Tab capture by these origins"
"b844c0de-3678-4bcf-aa50-768fced544e9","\Microsoft Edge","Hide the one-time redirection dialog and the banner on Microsoft Edge"
"4251950d-1abf-46b6-9eba-be6b3ab70b1c","\Google\Google Chrome","Continue running background apps when Google Chrome is closed"
"37334846-66a7-4f8e-b3fe-e3aad929a6d9","\Microsoft Edge","Search for image enabled"
"8709d62b-1851-429b-8761-3d903e4584e1","\Google\Google Chrome","Enable third party software injection blocking"
"88bd0bea-539a-4923-8ca1-6d4017f7a810","\Google\Google Chrome","Use hardware acceleration when available"
"d49760d5-7910-42bb-a0f2-cc747ab1db24","\Microsoft Edge","Enable split screen feature in Microsoft Edge"
"c76dd847-7832-41fe-8616-4bacc143850c","\Microsoft Edge - Default Settings (users can override)","Enable Translate"
"e2bec26e-0f44-4041-ae05-a3244fbb79f0","\Microsoft Edge\Password manager and protection","Prevent passwords from being deleted if any Edge settings is enabled to delete browsing data when Microsoft Edge closes"
"1e295de0-6a11-421a-8aba-73cd80df5209","\Microsoft Edge\Content settings","Allow intranet zone file URL links from Microsoft Edge to open in Windows File Explorer"
"06fa1b0c-2f95-4e0f-a8d7-b0143f65c6e2","\Microsoft Outlook 2016\Account Settings\Exchange","Turn off Hierarchical Address Book department selection"
"8332d0eb-f6b6-4c95-90d0-5754f7c4960e","\Microsoft Edge\Content settings","Allow listed sites to connect to any HID device"
"65f4cd26-1d2d-4923-8f61-78fc3c720b41","\Microsoft PowerPoint 2016\PowerPoint Options\Security\Trust Center","Set maximum number of trust records to preserve"
"49953b0c-47c6-4c72-a00a-410f6be10a48","\Google\Google Chrome\Removed policies","Block key generation on these sites"
"e80e7e90-149e-4dd4-a7fe-e01371d73faf","\Microsoft Office 2016\Security Settings","Automation Security"
"84d70019-6167-4a7e-96d0-dff643075d64","\OneDrive","Prompt users when they delete multiple OneDrive files on their local computer"
"075f8184-bf1b-457a-bddc-f23631002ae2","\Microsoft Edge - Default Settings (users can override)\SmartScreen settings","Enable new SmartScreen library"
"d4dd785a-9989-4484-b02b-3bb5d9407f4c","\Microsoft Edge","Allow importing of favorites"
"500c35b7-9b36-44ab-b9e3-69e1cf1903e5","\Microsoft Edge - Default Settings (users can override)\Default search provider","Parameters for an image URL that uses POST"
"73fe455d-fdc7-4b0f-a6bb-f7ba3a5e14a2","\Microsoft Edge","Configure the View in File Explorer feature for SharePoint pages in Microsoft Edge"
"1d0fc8d0-5140-4a16-8ea6-1b142a919090","\Microsoft Edge","Set the user data directory"
"38b8cd4b-c3ab-4d71-b199-295966e94f1e","\Microsoft Edge - Default Settings (users can override)\Identity and sign-in","Configure the automatic profile switching site list"
"c3821de2-d30d-4182-8adf-0cedd1176e08","\Google\Google Chrome\Deprecated policies","Choose how to specify proxy server settings"
"0d94664a-0aff-4311-9c33-4295eb9fcb39","\Microsoft Office 2016\Language Preferences\Editing Languages\Enabled Editing Languages","Italian (Switzerland)"
"6834e009-c6c7-4ad8-918c-f56c2097a67b","\Microsoft Edge","Allow feature recommendations and browser assistance notifications from Microsoft Edge"
"1b720bed-f1f4-4c0e-b711-d2fbf9ddb346","\Microsoft Edge","Clear cached images and files when Microsoft Edge closes"
"cb33e719-e6ae-4060-a4cf-dd5b80ccd1ce","\Microsoft PowerPoint 2016\PowerPoint Options\Security\Cryptography","Configure CNG cipher chaining mode"
"09969128-f690-4dce-b297-86af809a8a8b","\FSLogix\Profile Containers\Cloud Cache","Clear Cache on Logoff"
"d48ce199-a576-4686-ada6-61bc51e9b256","\Microsoft Edge","Shows button on native PDF viewer in Microsoft Edge that allows users to sign up for Adobe Acrobat subscription"
"af940fd7-2c6a-4697-9d2b-68f60c56fa5a","\Google\Google Chrome\Removed policies","Enable trust in Symantec Corporation's Legacy PKI Infrastructure"
"41429655-658e-40ac-b490-f9dc953164f2","\Google\Google Chrome","Enable desktop sharing in the omnibox and 3-dot menu"
"54a56cc2-012e-43cd-a0a2-2179e41369e1","\Microsoft Office 2016 (Machine)\Updates","Update Path"
"de19baec-c70e-4f3a-8163-4c062dfdedce","\Microsoft Office 2016\Language Preferences\Editing Languages\Enabled Editing Languages","Arabic (Iraq)"
"28196c56-89da-4bf5-aeab-c68a4fb0908d","\Microsoft Edge","Configure browser process code integrity guard setting"
"968e94e7-595b-4511-a26b-d65ee75cf903","\Microsoft Edge\Identity and sign-in","OneAuth Authentication Flow Enforced for signin"
"5e4a045e-5a06-4a61-ba6b-2b9f9c2a6a27","\Microsoft Edge","Enhance the security state in Microsoft Edge"
"2044c0ea-9e66-4029-bbd8-5f8d0bede62d","\Microsoft Edge","Block access to a specified list of services and export targets in Collections"
"8a37a463-107f-4989-b3b2-b634fff4f566","\Google\Google Chrome\Removed policies","Allow background tabs freeze"
"17a5c426-d878-4b0e-b9a9-03f1b1ba176b","\Microsoft Edge\Private Network Request Settings","Allow the listed sites to make requests to more-private network endpoints from in an insecure manner"
"04340cc5-0715-4473-9fb9-c0dabc753d1f","\Microsoft Office 2016\Security Settings\Trust Center\Application Guard","Prevent users from removing Application Guard protection on files."
"6d152abf-2e58-41df-873b-89aab7353926","\Microsoft Office 2016\Security Settings\Digital Signatures","Do not allow expired certificates when validating signatures"
"b42e44a1-3a61-4e9e-bdfd-e8e21d16a3ae","\Microsoft Outlook 2016\Outlook Options\Preferences\Junk E-mail","Trigger to apply junk email list settings"
"088d7cc0-4c2b-4df7-bf5b-ac024b7999f9","\Microsoft Edge - Default Settings (users can override)","Visual search enabled"
"bb0f77b7-41c4-43fb-bc30-c9e41b3f164b","\Microsoft Outlook 2016\Outlook Options\Mail Setup","Mail account options"
"de910c42-10e7-49b0-a1ee-c4daddaf0b81","\Microsoft Project 2016\Project Options\Security\Trust Center","Trusted Location #16"
"2b5ebce8-e5f6-407e-8a88-722fbfaa5b2c","\Microsoft Office 2016\File Open/Save dialog box\Places Bar Locations","Places Bar Location 10"
"d8655188-20d2-4573-a34a-3847b409b669","\Microsoft Project 2016\Project Options\View\Show","Automatically add new items to the global project"
"4cf5d9fa-f410-41f5-ae0b-2f6ef2e8e11f","\Microsoft Access 2016\Application Settings\Security\Cryptography","Set CNG password spin count"
"9b7fc801-3651-4c78-97cc-70de73a09bc5","\Google\Google Chrome","Enable Site Isolation for specified origins"
"9ff915aa-7434-4463-a91f-ccbb479646f8","\Microsoft Word 2016\Miscellaneous","Block all unmanaged add-ins"
"ee59c79c-8e0e-4c43-bbfa-7411a0525e32","\Microsoft Office 2016\Tools | Options | General | Service Options...\Online Content","Service Level Options"
"293eda45-8f71-4cd9-8cb7-6674b0d305d1","\Skype for Business 2016\Microsoft Lync Feature Policies","Global Address Book Download Initial Delay"
"3f1a5867-4fbc-4eb0-8eac-b50c75ac7512","\Google\Google Chrome\Deprecated policies","Origins or hostname patterns for which restrictions on
insecure origins should not apply"
"f9fb5ef9-ec24-4abc-849a-ce709df19127","\Microsoft Edge - Default Settings (users can override)\Identity and sign-in","Configure the automatic profile switching site list"
"bb44a4b2-74fa-4092-80f1-c6ed1a8b5a48","\Google\Google Chrome\Deprecated policies","Enable AutoFill"
"56a6ab7e-b61d-4405-8db0-ebc4e91c023c","\Microsoft Office 2016\Server Settings\SharePoint Server","Enable Colleague Import Outlook Add-in to work with Microsoft SharePoint Server"
"d62620b7-020e-4bbe-b36a-f46f8c758496","\Microsoft Office 2016\Manage Restricted Permissions","URL for location of document templates displayed when applications do not recognize rights-managed documents"
"a60685f1-3c82-4c85-aacf-7ec547e0e168","\Microsoft Office 2016 (Machine)\Miscellaneous","Age out the locally cached copies of server document versions that are more than n days old"
"9d2386d2-1df3-4e77-8d7b-e4f6a9a127b6","\Microsoft Edge - Default Settings (users can override)\Startup, home page and new tab page","Action to take on Microsoft Edge startup"
"cb0e1d20-40f4-4f15-9eb1-072cd9a1ce75","\Google\Google Chrome","Enable reporting of usage and crash-related data"
"3f150b3d-f420-40aa-8a3d-bd793f75dd80","\Microsoft Office 2016\Miscellaneous","Disable caching when opening server-only files."
"0bcbe963-112a-4538-b1d6-bc96bf2a2504","\FSLogix\ODFC Containers\Container and Directory Naming","SID Directory Name Match"
"4842f6f2-89a9-43ae-9c0f-d095e5ce0894","\Google\Google Chrome\Deprecated policies","Configure the list of domains on which Safe Browsing will not trigger warnings."
"0c63356a-6a13-45cc-b33b-eecf253e967f","\Microsoft OneNote 2016\OneNote Options\Other","Disable OneNote Screen Clippings"
"2059ce84-b1dd-4e30-ae03-d10c5ebd6d0a","\Microsoft Edge","TLS Encrypted ClientHello Enabled"
"6d270f99-f6ef-4777-988b-51d1ad9cf007","\Microsoft Office 2016\Language Preferences\Editing Languages\Enabled Editing Languages","English (Caribbean)"
"a4fc6180-9cba-4db8-84ed-b6de2ded7a42","\Microsoft Office 2016\Security Settings\Escrow Certificates","Escrow Key #18"
"ecbb8aaa-7d48-4af0-9cda-bae8d6060c84","\FSLogix\ODFC Containers\Container and Directory Naming","No Profile Containing Folder"
"79ce0913-fa90-4d6b-9885-bef34f07cf8c","\FSLogix\Profile Containers","Volume Wait Time (milliseconds)"
"5328040d-9f63-43db-8d85-d844055848e8","\Windows Subsystem For Linux","Allow custom system distribution configuration"
"d1cc19a1-ed31-4c90-99b7-43d17101ba5b","\Microsoft Outlook 2016\Outlook Options\Other","Show Mini Toolbar on selection"
"7d8e6512-0d4f-4b84-ab52-10c37768bf8c","\Microsoft Edge\Sleeping tabs settings","Configure sleeping tabs"
"f0643ac6-766b-429f-aa2f-feefd93537b6","\Microsoft Edge","Web App management settings"
"4215a6e6-c3d8-4329-af13-23c6f0658ab0","\Microsoft Word 2016\Word Options\Proofing\AutoCorrect","Correct accidental usage of cAPS LOCK key"
"bddccd06-a168-4c51-ab16-38fe7b421a34","\Microsoft Word 2016\Japanese Find","Match cho-on used for vowels"
"59922037-5107-4eaf-a72f-249a73c08d16","\Microsoft Edge\SmartScreen settings","Prevent bypassing of Microsoft Defender SmartScreen warnings about downloads"
"bc9efe2c-ba14-48ed-baed-b9a676f43ff8","\Microsoft Edge","Show Hubs Sidebar"
"ac2e3195-ed54-45f3-ae3e-f09ed171c546","\Microsoft Edge - Default Settings (users can override)","Enable AutoFill for payment instruments"
"973638c5-f494-412d-9eed-275c5d0f5c4e","\Microsoft Edge - Default Settings (users can override)","Allow importing of saved passwords"
"6cc388ff-66ec-4a58-a833-6b0b3a6fc6e5","\Microsoft Word 2016\Word Options\Proofing\AutoCorrect","Correct keyboard setting"
"3112467b-594d-4ffe-81e2-d9000b080e9f","\Google\Google Chrome\Legacy Browser Support","Keep last tab open in Chrome."
"15904c00-1579-4bc6-b5be-e756a6f6bf08","\Microsoft Office 2016 (Machine)\Miscellaneous","Set the max size of the Office Document Cache"
"c12cd0b7-a46f-4cc5-8dbd-1ce17d69c702","\Microsoft Edge","Disable saving browser history"
"12b8706e-0c76-4254-b455-e7c289555cb2","\OneDrive","Always use the user's Windows display language when provisioning known folders in OneDrive"
"3e265666-8def-4a88-864f-a56cde40e459","\Microsoft Office 2016\Tools | AutoCorrect Options... (Excel, PowerPoint and Access)","Capitalize names of days"
"ba0d6930-6387-4ea4-ba59-773a4f55d77b","\Microsoft Visio 2016\Visio Options\Security\Trust Center","Trusted Location #8"
"da7d8284-e322-49b1-989a-375ecc2d324f","\Microsoft OneNote 2016\OneNote Options\Editing","Show Paste Options buttons"
"98d233bc-f228-4ce1-9352-53d4c770b703","\Microsoft Office 2016 (Machine)\Miscellaneous","Prevent document inspectors from running"
"e9ff700d-1f8e-48a3-a9a6-196b46b6b5a2","\Google\Google Chrome","Allow queries to a Google time service"
"0e50cbab-195d-45ad-8064-c1d5b271b639","\Microsoft Word 2016\Word Options\Advanced\Smart cut and paste","Merge pasted lists with surrounding lists"
"78fd3a36-d188-43a6-ad9c-7b26c8327613","\Google\Google Chrome\Allow or deny screen capture","Allow Same Origin Tab capture by these origins"
"6e636345-17cf-4abf-aaaf-6bb2f8c48209","\Microsoft Edge","Block tracking of users' web-browsing activity"
"6a5fb62d-4d89-429c-ac24-0112a570c00a","\Google\Google Chrome\Remote access","Enable curtaining of remote access hosts"
"e35d53f2-cea8-47e2-b25e-c336d9870173","\Microsoft Edge","Let users snip a Math problem and get the solution with a step-by-step explanation in Microsoft Edge"
"ba4c0f59-e2a0-4f96-95fc-07d060639ee4","\Microsoft Visio 2016\Miscellaneous","Disable the Office Start screen for Visio"
"a87d3a80-592d-4d3b-8196-10b353491a8c","\Microsoft Edge","Configure the default paste format of URLs copied from Microsoft Edge, and determine if additional formats will be available to users"
"d4e64503-0338-4cae-9712-efec0461b8fe","\Microsoft Edge\Content settings","Configure cookies"
"dd2dbbf2-e2b4-49ad-a1d6-0f4cdb499a7c","\Google\Google Chrome\Remote access","Allow remote access connections to this machine"
"21a47bcd-8536-4a6e-bc89-0a9526a0f3d7","\Microsoft OneNote 2016\OneNote Options\Security\Cryptography","Set CNG cipher algorithm"
"5a7af762-1188-45f3-a672-e57ca7f02915","\Microsoft Edge","Display zoom in IE Mode tabs with DPI Scale included like it is in Internet Explorer"
"1b5061d7-398e-4ee1-ac2a-913006352783","\Microsoft Word 2016\Word Options\Security\Cryptography","Set parameters for CNG context"
"3c50780c-2997-4577-978b-50acdf5e2585","\Microsoft Edge\Default search provider","Configure the new tab page search box experience"
"1b84a106-ddec-45c7-b88b-299940628cca","\FSLogix\Logging","Printer Visibility"
"b707c9c2-23a3-4709-80c9-875f0c0e581e","\Microsoft Outlook 2016\Outlook Options\Preferences\Junk E-mail","Specify path to Safe Senders list"
"01e0d541-6bed-4a65-a5a0-b76b1e93f2da","\Microsoft Edge","Allow download restrictions"
"36d3da2c-c239-42b3-8c48-c9e1021369e8","\Microsoft Office 2016\Web Archives","PowerPoint: Save an additional version of the presentation for older browsers"
"8d9348dc-84f7-4e3d-8fd5-e18ce444708c","\Microsoft Edge\Default search provider","Default search provider search URL"
"34360db8-db70-4316-9cec-bf014d0d0d36","\Microsoft Edge Update\Microsoft Edge WebView","Allow installation"
"c571687b-0037-413d-bea4-4763d0dff681","\Microsoft PowerPoint 2016\Miscellaneous","Block all unmanaged add-ins"
"e67df4ed-000f-4dce-93de-dfa4464021cd","\Microsoft Edge","Limits the number of user data snapshots retained for use in case of emergency rollback"
"2f75424f-7a35-4c2e-b5d6-a675a8da3b5a","\Microsoft Office 2016\Tools | Options | Spelling","Arabic modes"
"3238bcef-ff85-4629-8002-68203add6138","\Microsoft Outlook 2016\Customizable Error Messages","List of error messages to customize"
"78cf2e3e-11dd-4127-aab8-1bd1603375fd","\Microsoft Edge\Content settings","Allow read access via the File System API on these sites"
"a33ea0ca-23ee-4bfe-86a9-40883fab9bda","\Google\Google Chrome\Printing","Default printer selection rules"
"668f02fc-3448-4c82-b2a0-ce34d71f7d47","\Microsoft Edge\Password manager and protection","Configure the change password URL"
"9f5a7cbd-3e22-49ff-8be1-9316f4dadc08","\Microsoft Edge - Default Settings (users can override)","Set the default ""share additional operating system region"" setting"
"ccaf7ffd-0407-463b-8261-2c921730e7c5","\Google\Google Chrome","Allow HTTPS-Only Mode to be enabled"
"5729c455-fd69-49bd-8c10-2a39d779c207","\Microsoft Edge\Application Guard settings","Application Guard Container Proxy"
"16027f5c-41c3-4dfa-a83f-55e1529430a8","\Microsoft Edge","Enable Translate"
"5934eb5b-1715-4244-8808-016752772513","\Microsoft Edge","Allow importing of autofill form data"
"d5b711bc-57ff-45f2-9a81-7da7d607547e","\Microsoft Word 2016\Word Options\Proofing\AutoFormat as you type\Replace as you type","*Bold* and _italic_ with real formatting"
"44b4006d-fab0-4460-9ce7-c92d36fe8999","\Google\Google Chrome\Removed policies","Enable CORS check mitigations in the new CORS implementation"
"3a58e509-e314-4f89-845c-cd06b0768f6a","\Microsoft PowerPoint 2016\PowerPoint Options\Advanced","Allow PowerPoint to also automatically extend the display when presenting on a desktop"
"889cd3a0-14fc-4cb6-b03f-08aa4d0845c6","\OneDrive","Disable silently sign in users to the OneDrive sync app with an existing credential that is made available to Microsoft applications"
"b04025c3-6b37-4e84-b68e-69f66f451b53","\Microsoft Edge\SmartScreen settings","Force Microsoft Defender SmartScreen checks on downloads from trusted sources"
"6fe176de-3680-47ea-8536-2e0f4b06352f","\Microsoft Edge\Extensions","Configure extension management settings"
"09077e39-3731-45fc-bd01-a4b5dd1776df","\Google\Google Chrome\Password manager","Enable saving passwords to the password manager"
"5a750058-7aff-4605-82b3-91388b07b3c4","\Microsoft Excel 2016\Excel Options\Advanced","Edit directly in cell"
"b32f5500-8655-4101-a26e-f6a22a4344b9","\Microsoft Project 2016\Project Options\Interface","Disable Internal ID Matching"
"1ab295c9-18bf-4ff7-977a-a3b3a0288bc9","\Microsoft Office 2016\Security Settings\Trust Center\Protected View","Unsafe Location #13"
"632981d4-1818-4307-a555-2e5fdac64c1d","\Microsoft Office 2016\Miscellaneous\Workflow Cache","Workflow Cache 10"
"f41d835e-c340-46af-9c01-130fd4769d65","\Microsoft PowerPoint 2016\PowerPoint Options\General","Prompt the user if PowerPoint is not the default application for its file extensions"
"c86b3664-b9a4-4357-a172-9217cdbf40a6","\Microsoft PowerPoint 2016\PowerPoint Options\Security\Trust Center\File Block Settings","Microsoft Office Open XML converters for PowerPoint"
"41421c4c-31e3-43a7-a67f-9ae51d752925","\Microsoft Excel 2016\Excel Options\Security\Trust Center\External Content","Don’t allow Dynamic Data Exchange (DDE) server lookup in Excel"
"ae19c4ad-09c7-4275-84c5-4f495e60a7a3","\Microsoft Project 2016\Project Options\Schedule\Scheduling options for 'Project1'","Autolink inserted or moved tasks"
"abb83fef-ead0-4979-b6c5-27d90d3a88c6","\Microsoft Edge\SmartScreen settings","Configure the list of domains for which Microsoft Defender SmartScreen won't trigger warnings"
"858b6822-7a0b-423e-a2e9-03ef70b18a3b","\Microsoft Visio 2016\Visio Options\Proofing\AutoCorrect Options","Smiley faces and arrows with special symbols"
"04fc6749-4f7f-4ace-87f7-6c2a2caf8df3","\Microsoft Office 2016\Language Preferences\Editing Languages\Enabled Editing Languages","Spanish (Ecuador)"
"3f258060-0bf2-4019-89db-d267034695d4","\Microsoft OneNote 2016\OneNote Options\Security\Cryptography","Specify CNG salt length"
"bd6bdcab-6375-47fb-9e3a-d9966f933382","\Skype for Business 2016\Microsoft Lync Feature Policies","Disable automatic upload of sign-in failure logs"
"211de954-14f0-4bd3-8a34-849fb6fac876","\Microsoft Edge - Default Settings (users can override)","Manage Search Engines"
"81ac3ecb-ec09-49ad-bf02-dca5b274f2b1","\Google\Google Chrome","Set Google Chrome as Default Browser"
"035f5354-0f08-4d45-8b98-e871ff956704","\Microsoft Edge","Configure the list of domains for which enhance security mode will always be enforced"
"a8dc73ad-39a2-4f5b-8b74-23ef09c29262","\Google\Google Chrome\Removed policies","Enable Instant"
"6e757d3b-f5d5-4e4f-b509-fc16a3635854","\Microsoft Edge","Define a list of allowed URLs"
"4acf7a5c-c205-4c4e-9056-c47004efddee","\Microsoft PowerPoint 2016\PowerPoint Options\Advanced","Allow formatting and labels to track data points"
"8e3250e6-038a-4d2e-be1e-0c1b14447a7e","\Microsoft Edge","Allow Microsoft Edge to block navigations to external protocols in a sandboxed iframe"
"732b39c3-e2c5-4c6c-a6a3-9b4fcdde3feb","\Microsoft Edge","Disable support for 3D graphics APIs"
"a2d836d2-e822-4383-8acc-2f68540a55d7","\Microsoft Office 2016\Security Settings\Trust Center\Application Guard","Restrict printing from Office of documents opened in Application Guard"
"bc0cb95f-e76b-4ee5-abca-12fcca82e2f3","\Microsoft Outlook 2016\Outlook Options\Preferences\Calendar Options\Schedule View","Turn off auto-switching from vertical to horizontal layout"
"c9c00765-d6c4-47f5-a793-c4f9f11d3291","\OneDrive","Enable sync health reporting for OneDrive"
"0a125ca8-f0eb-4914-83ee-a41ee85a0e2b","\Microsoft Edge","Allow file selection dialogs"
"939005b1-f41b-4c57-a1d4-d231b42790e2","\Microsoft Edge","Restore PDF view"
"754c0592-4a96-467f-ba52-034140a00a0b","\Microsoft Office 2016\Downloading Framework Components","Hide missing component download hyperlinks"
"44cddd6e-24d5-473f-a665-c6cb52260cdb","\Microsoft Edge WebView2","HTTP Allowlist"
"9aba5e9b-4cf5-437f-8828-109669639023","\Microsoft PowerPoint 2016\PowerPoint Options\Security\Trust Center","Disable Trust Bar Notification for unsigned application add-ins and block them"
"a63f097a-1a72-4f2d-9d22-b78f5f3545df","\Google\Google Chrome","Show Full URLs"
"d1b7ba6d-a302-49fc-85e5-73d1afbe8790","\FSLogix\ODFC Containers","Volume Wait Time (milliseconds)"
"1f6e7eab-a339-4392-8ab8-df2f2ca925ac","\Microsoft Project 2016\Project Options\Security\Cryptography","Configure CNG cipher chaining mode"
"77d9d004-ec01-4ddc-945c-94bc297e051c","\Microsoft Office 2016\Language Preferences\Editing Languages\Enabled Editing Languages","French (Belgium)"
"b3b6b77d-62bc-466e-aaca-d4689aa3d3bf","\Microsoft Office 2016\What's New","Don’t show the What’s New information for Visio"
"d0e69c61-32a8-4717-a901-dcc1b4f2cc3c","\Microsoft Office 2016\Customizable Error Messages","Base URL"
"6d2ad068-084f-4705-8c6b-1583a7eb5983","\Microsoft Edge","Allow surf game"
"b15f3df0-e64d-46b0-aa5d-ec443fef92fe","\Microsoft Office 2016\Language Preferences\Editing Languages\Enabled Editing Languages","Chinese (Singapore)"
"83de6768-d3c2-40aa-9c7e-57d97918ef4d","\Microsoft Outlook 2016\Account Settings\Exchange","Prevent adding non-default Exchange accounts"
"474b764b-3403-4244-8c53-f8e287ff5bda","\Microsoft Edge","Enable a TLS 1.3 security feature for local trust anchors (obsolete)"
"dd8482e7-8079-42fd-9bee-df658400d81a","\Microsoft Outlook 2016\Search Folders","Maximum Number of Online Search Folders per mailbox"
"60be221f-d94f-4134-a1af-a09b0253a116","\Microsoft Office 2016\Tools | Options | General | Service Options...\Conversion Service","Conversion Service Options"
"e42e73e8-44de-4393-8d34-47a01bc775b8","\Microsoft Visio 2016\Visio Options\General\User Interface Options","Do not show Mini Toolbar on selection of text"
"399e6324-f079-4d2c-9454-5b0ee34f7935","\Google\Google Chrome - Default Settings (users can override)","Enable Translate"
"4d12fe99-f555-4c28-8688-6624e7532f2b","\Microsoft Edge - Default Settings (users can override)","Disable synchronization of data using Microsoft sync services"
"48f66325-d80f-4bf8-bd05-1e52b4d920cb","\Microsoft Office 2016\Security Settings\Trust Center","Trusted Location #20"
"fd2da296-2e9c-483e-99e7-45cf14d356a2","\Google\Google Chrome\Remote access","Enable the use of relay servers by the remote access host"
"fe6a4802-6bcb-489d-a767-8fab6ff28046","\Microsoft Edge","Allow websites to query for available payment methods"
"e41e2ffe-0efd-4809-be42-0615012624e9","\Google\Google Chrome","Import search engines from default browser on first run"
"961b0e35-57a7-49c0-b499-0fb49394ba4a","\Microsoft Edge","Redirect incompatible sites from Internet Explorer to Microsoft Edge"
"b631da4c-12d4-4517-a3df-ecdfe85cb98b","\Microsoft Outlook 2016\MIME to MAPI Conversion","Change the limit for the number of MIME body parts"
"59fbdcda-6c8d-4d8c-9b8b-e81270337dde","\Microsoft Edge","Fetch keepalive duration on shutdown"
"308f5abf-aa1a-43f2-87a5-6298c8bb4944","\Microsoft Office 2016\Language Preferences\Editing Languages\Enabled Editing Languages","Marathi"
"e80bb24d-7114-4250-af4f-819da744189a","\Microsoft Office 2016\Security Settings","Disable all Trust Bar notifications for security issues"
"9e54e52b-b075-4dcf-ba18-8af6cbe30e8a","\Microsoft Edge - Default Settings (users can override)","Enable network prediction"
"01d8c73f-b9e7-48fa-a110-e200e4432bf5","\Microsoft Edge - Default Settings (users can override)\SmartScreen settings","Enable Microsoft Defender SmartScreen DNS requests"
"fd6e0fd7-83e3-4df7-843e-ed3fad99ddf2","\Microsoft Office 2016\Language Preferences\Editing Languages\Enabled Editing Languages","Inuktitut (Syllabics)"
"9ab14a1a-a801-478f-acfe-a03e0feef3ae","\Microsoft Edge","Enable the Web widget"
"ddb4803a-7d1e-47a8-ae43-a28aa67bd9f9","\Microsoft Word 2016\Word Options\Security\Trust Center\File Block Settings","Web pages"
"4875d227-e4c3-4bf3-a1e2-a7f41591fdb8","\OneDrive","Silently move Windows known folders to OneDrive"
"16ce4ddb-95a9-4f4b-92bc-7ca3e4478410","\Google\Google Chrome\Google Cast","Show the Google Cast toolbar icon"
"78e6f087-5103-40f9-857e-08667c35f3be","\Microsoft Edge","Allow users to open files using the DirectInvoke protocol"
"b0159616-2c29-4e83-b2e9-4239fc8a7d0f","\Microsoft Outlook 2016\Outlook Options\Preferences\Calendar Options\Schedule View","Prevent Reporting Line Group Calendar from appearing"
"6de75621-3362-4dc6-84dd-1353be00121c","\Microsoft Excel 2016\Excel Options\Security\Trust Center\File Block Settings","OpenDocument Spreadsheet files"
"ac4cffd0-2c05-4c47-b6a1-a9523bb9d3ce","\Microsoft Office 2016\Language Preferences\Editing Languages\Enabled Editing Languages","English (Indonesia)"
"ee15ce71-b0bd-4936-95fb-ece7350bf068","\Microsoft Edge - Default Settings (users can override)","Allow importing of browsing history"
"b55a1775-e22a-42b4-a59e-d316d6ceb45a","\Microsoft Edge\Application Guard settings","Application Guard Favorites Sync Enabled"
"a77b0a8a-01f6-4404-adfb-07de4f930b3c","\Google\Google Chrome\Removed policies","Minimum TLS version to fallback to"
"098ba66a-f556-4add-925a-ba28cc078619","\Microsoft Office 2016\Services\Fax","Disallow custom cover sheet"
"813bfc97-c9ef-40c7-9488-f8729ae1233c","\Microsoft Excel 2016\Excel Options\Advanced","Alert before overwriting cells"
"731f1bfe-5ed1-4e20-8ad6-c7dde7821ac2","\Google\Google Chrome\Deprecated policies","Configure the required domain name for remote access hosts"
"1a5be591-2f61-4305-a8c6-f1ade507d1c0","\Microsoft Edge","Configure Automatic HTTPS"
"b53e7f43-b49b-4202-8e63-587bae809fc1","\Google\Google Chrome\Content settings","Allow read access via the File System API on these sites"
"a65776f6-8e1a-43ed-8c4a-7dc83b958949","\Microsoft Office 2016\Shared paths","User queries path"
"6e8ef1a7-13f7-4eef-934d-891675adc62c","\Google\Google Chrome\Removed policies","Policy overrides for Debug builds of the remote access host"
"b64014b6-7cfd-4769-8620-bfd3d534296c","\Google\Google Chrome\Content settings","Allow insecure content on these sites"
"43cbf68b-6ea4-4cbb-a7bd-502cecd72e89","\Microsoft Edge","Enable Native Window Occlusion (deprecated)"
"a08aa5d0-16b0-43e5-b632-136ec1db41c1","\Microsoft Word 2016\Word Options\Proofing\AutoFormat as you type\Replace as you type","First line indent"
"601f9867-4ff7-46a1-9d49-53da33e5d492","\Google\Google Chrome\Printing","Default printer selection rules"
"41e5fa5e-486d-46fd-8264-ea62cac18657","\Google\Google Chrome\Content settings","Automatically select client certificates for these sites"
"8f46b88e-bb80-4731-926a-9158f580784c","\Microsoft Outlook 2016\Outlook Options\Other\Advanced","Minimize Outlook to the system tray"
"4ae698c8-fdc6-4631-a1ba-b4d1d460d567","\Microsoft Word 2016\Word Options\Proofing\AutoFormat as you type\Apply as you type","Automatic numbered lists"
"e054a5d9-8528-41ab-9d2e-e7099326d3c2","\FSLogix\ODFC Containers\Cloud Cache","Healthy Providers Required For Unregister"
"46436297-0d1e-45db-be13-5e3fccff84af","\Microsoft Edge\Content settings","Default notification setting"
"fd4fb7b5-01dc-4a9f-8a0f-ffc89f0f85a1","\Microsoft Edge","Configure the list of names that will bypass the HSTS policy check"
"15458388-1b92-4b41-bc7b-36c9024ce77d","\Microsoft Word 2016\Word Options\Advanced","When selecting, automatically select entire word"
"f1022fff-c55d-43a8-bb55-d23afebf077d","\Google\Google Chrome","Set disk cache directory"
"63cf5be2-6515-42e0-b26b-9e55dedac348","\Microsoft Edge","Configure whether Microsoft Edge should automatically select a certificate when there are multiple certificate matches for a site configured with ""AutoSelectCertificateForUrls"""
"b18381de-c2b4-46b2-a9ad-f0dcaef81f13","\Microsoft Visio 2016\Visio Options\Security\Trust Center","Set maximum number of trust records to preserve"
"13d8c8eb-27eb-4e63-bb15-cfc8ee4b1a2c","\Microsoft Excel 2016\File tab\Check Accessibility","Stop checking to ensure workbooks allow programmatic access"
"428c8c26-d51b-40c1-b9a3-3224e9a106c4","\Microsoft Excel 2016\Excel Options\Security\Trust Center\Trusted Locations","Trusted Location #18"
"768f9eef-5e63-411f-a863-82652c198060","\Microsoft Office 2016\Language Preferences\Editing Languages\Enabled Editing Languages","Spanish (Costa Rica)"
"59e6f0aa-25ee-4757-af5a-6e135e0ae0b3","\Microsoft Office 2016\Present Online","Restrict programmatic access for creating online presentations in PowerPoint and Word"
"cca98289-3e42-42df-9aa1-7dbf1d369e12","\Skype for Business 2016\Microsoft Lync Feature Policies","Specify server"
"8a158206-c401-4324-8cd4-68a405bf795e","\Microsoft Visio 2016\Visio Options\Security\Trust Center","Trusted Location #15"
"e07f14ad-3ead-4932-84a6-6fd3f55c2c23","\Microsoft Word 2016\Word Options\Display","Paragraph marks"
"40a51a9b-577e-4bd1-bf2c-be6ff761bf0f","\Microsoft Edge - Default Settings (users can override)\Content settings","Register protocol handlers"
"b99a0338-524d-4288-8d30-7ffa7fbf7e41","\Microsoft Outlook 2016\Account Settings\Exchange","Exchange Unicode Mode - Ignore OST Format"
"7c5f79f3-eb27-4b34-a6e1-136b4a3e05ae","\Microsoft Office 2016\Miscellaneous","Do not validate printers before using them"
"1e7f8de2-f500-48eb-b262-1abcc6ce11f2","\Microsoft Edge\Content settings","Default pop-up window setting"
"a82c8307-85a0-499e-a9f5-ab8974337b65","\Microsoft Office 2016\Server Settings","AD attribute containing Personal Site URL"
"09fd008c-8b73-4b0b-a89a-22af74b25968","\Microsoft Office 2016\Security Settings\Trust Center","Trusted Location #14"
"e7f4f1a9-97c6-4249-b947-c9e2d7e78099","\Google\Google Chrome","Specifies whether SharedArrayBuffers can be used in a non cross-origin-isolated context"
"a6fc6147-3f79-426f-afd9-3b305ba75e46","\Microsoft Edge - Default Settings (users can override)","Allow download restrictions"
"f6b49a7c-3d62-4c08-8a4e-3f79f77cd9c7","\Microsoft Project 2016\Project Options\General\General options for Microsoft Project","Number of folders in the Recent Folders list"
"8d2ef8fc-e89f-46fb-ac98-8f7573ae7ce8","\Microsoft Excel 2016\File tab\Check Accessibility","Stop checking for alt text accessibility information"
"7a3f0b1e-9316-4a5b-b520-9ef1fafcd14e","\FSLogix\ODFC Containers\Container and Directory Naming","VHD Name Pattern"
"f33d0547-8e22-4442-b33a-4cddd6935934","\Microsoft Edge\Content settings","Default Window Management permission setting"
"bc6ad743-e045-41a8-a0a2-5b60e0b1f3e1","\Microsoft Edge","Single sign-on for work or school sites using this profile enabled"
"d39cab09-bfd4-4fad-b060-ed754c3c3234","\Microsoft Edge","Allows the AppCache feature to be re-enabled, even if it's turned off by default"
"c99a09a2-fd58-45b9-83ed-8d8e141f8c40","\FSLogix\ODFC Containers","Locked Retry Count"
"43697fbe-fcb7-45b2-a853-8014683c40e2","\Microsoft Edge","Allow user feedback"
"a6abd876-dba4-49a1-a01e-dba2b571c54e","\Microsoft Edge","Configures availability of a vertical layout for tabs on the side of the browser"
"fea8e6d9-9f97-4837-8fed-b392f62261c8","\Microsoft Word 2016\Miscellaneous","Use online translation dictionaries"
"90903749-1486-468a-a2dc-d13631a82a22","\Microsoft Outlook 2016\Account Settings\Exchange\Cached Exchange Mode","Disallow Download Headers then Full Items"
"ae2af4bf-6408-4dcf-a644-adba43cff448","\Microsoft Outlook 2016\Outlook Options\Preferences\Search Options","Change color used to highlight search matches"
"a632bc21-125b-48f4-9607-34c98ac9b16c","\Microsoft Project 2016\Project Options\Edit\View options for time units in 'Project1'","Years"
"fa41e48d-2eec-475e-841b-38660880b0ec","\Google\Google Chrome","Allows a page to perform synchronous XHR requests during page dismissal."
"c57ac479-d4a2-447a-8a9a-300a4e62973a","\Microsoft Project 2016\Project Options\Calculation\Calculation options for Microsoft Project","Automatic Calculation"
"ff92adf2-9575-43cd-a432-832a5f575835","\Microsoft Edge","Ask where to save downloaded files"
"fb7a09ee-cd1e-4e0d-a817-504df8d9bea2","\Microsoft Project 2016\Project Options\Security\Cryptography","Specify CNG salt length"
"4be5e8d7-1d1a-4269-a038-5b288f07c41f","\Microsoft Office 2016\Tools | Options | General | Web Options...\Browsers","Target monitor"
"414dcc15-bc8e-441e-b8b6-273161800bf6","\Microsoft Outlook 2016\Outlook Options\Mail Format\International Options","Encoding for outgoing messages"
"15c9bdf8-c904-4bfc-88d8-51aab7d6d3b6","\Google\Google Chrome\Removed policies","Enable showing the welcome page on the first browser launch following OS upgrade"
"fb91e8c3-7e00-4022-965f-bd790e35a4fc","\Microsoft Office 2016\Language Preferences\Editing Languages\Enabled Editing Languages","Serbian (Latin, Serbia and Montenegro (Former))"
"9ef22762-0412-4efc-81bb-378c89028576","\Google\Google Chrome\Removed policies","Additional command line parameters for Google Chrome"
"42278e7e-876a-40b4-9d04-e0ee6fd2e148","\Microsoft Project 2016\Project Options\Schedule\Schedule options for Microsoft Project","Show assignment units as"
"c9dae08e-34d8-434d-aa28-e1afffa907b7","\Microsoft Office 2016\Tools | Options | Spelling","German: Use post-reform rules"
"d76ed91b-f125-4a12-95af-826c0a95fc5c","\Microsoft Office 2016\Language Preferences\Editing Languages\Enabled Editing Languages","Dutch (Netherlands)"
"6737507e-38ee-421d-805c-4a2f5055f628","\Microsoft PowerPoint 2016\Disable Items in User Interface\Predefined","Disable predefined commands"
"6458ed17-28ad-491c-aa61-e1586a1f77f1","\Microsoft Office 2016\Language Preferences\Editing Languages\Enabled Editing Languages","Persian"
"f6accf91-7dbf-4b49-a3a8-9e2901b328cd","\Microsoft Word 2016\Word Options\Security\Trust Center\File Block Settings","Plain text files"
"35aa053d-4f36-4748-bff6-cf6c8963d7e1","\Microsoft Office 2016\Privacy\Trust Center","Allow the use of connected experiences in Office that download online content"
"ea23d639-9667-44c7-84ab-af4c94e86a84","\FSLogix\ODFC Containers\Cloud Cache","CCD Max Cache Size in MBs"
"34ea5292-4ae2-49fc-b1d4-4881aa5d2673","\Microsoft Office 2016\Security Settings\Trust Center\Application Guard","Turn off protection of unsupported file types in Application Guard for Office"
"1c910a15-3137-427e-9ab2-d13765cdad75","\Microsoft Office 2016\Collaboration Settings\Default message text for a reply...","With just a simple Web discussions link"
"799979fd-f0ee-4c36-94ae-f861c4cc3c5d","\FSLogix\Profile Containers\Container and Directory Naming","VHD Name Match"
"d6c8eb48-9a3d-4c71-a701-09b9c05a5386","\Microsoft Edge","Specifies whether the display-capture permissions-policy is checked or skipped"
"fa7b1013-670a-4841-91e0-4207c869dd31","\Microsoft Edge","Enable deleting browser and download history"
"166f20b0-6ba6-420f-a00d-9794e1fe515e","\Microsoft Access 2016\Miscellaneous","Do not prompt to convert older databases"
"dfbf18dc-0a91-4abd-9438-6333a49b463e","\Microsoft Edge","Allow personalization of ads, Microsoft Edge, search, news and other Microsoft services by sending browsing history, favorites and collections, usage and other browsing data to Microsoft"
"c280ef3d-4632-489a-9876-cb37b7fe4f66","\Microsoft Edge","Specifies whether the display-capture permissions-policy is checked or skipped"
"2773ace8-e946-4468-ba23-7a24ba20ded3","\Microsoft Office 2016\Security Settings\Trust Center\Trusted Catalogs","Trusted Catalog Location #2"
"d7ff3856-4091-4190-8c96-1e1cd74ae8dc","\Visual Studio\Install and Update Settings","Allow standard users to execute installer operations"
"7667fe48-4708-405a-a632-bc1fd7951267","\Microsoft Word 2016\Word Options\Track changes and compare","Insertions color"
"3347ce1b-dca2-432e-b498-95f070022290","\Google\Google Chrome - Default Settings (users can override)","Enable AutoFill for credit cards"
"6c2a4282-888a-4e3a-95ac-9ff7dcb4a5ff","\Google\Google Chrome","Enable additional protections for users enrolled in the Advanced Protection program"
"54755c7f-d7f7-4766-ae2e-c337214002c9","\Microsoft Office 2016\Miscellaneous\Workflow Cache","Workflow Cache 9"
"02301587-b7bd-4162-acb9-6625af80c0a6","\Microsoft Project 2016\Project Options\Security\Trust Center","Trusted Location #13"
"a3d6e0be-5a3a-4d5a-b1b2-34b100d1f465","\Microsoft Edge - Default Settings (users can override)","Visual search enabled"
"2b44b595-16e1-479f-936e-7421ef6dda04","\Microsoft Edge\Content settings","Default images setting"
"0255b498-61e0-489b-8147-73f5f9a14d1e","\Microsoft Edge\Startup, home page and new tab page","Set new tab page quick links"
"67ec95d7-1b90-4c6b-b985-0698344cb6d8","\Microsoft Office 2016\Contact Card\Contact Tab","Replace MAPI - E-mail"
"8f7ac062-2839-435c-832f-418b2509cef1","\Microsoft Edge - Default Settings (users can override)\Default search provider","Default search provider encodings"
"d34294d1-bdcd-4f6d-86da-ed6d8c84d6bd","\Google\Google Chrome","Ads setting for sites with intrusive ads"
"c17d5da6-1b4f-4a3c-b317-2c4eefd35f28","\Microsoft Project 2016\Project Options\Interface\Show indicators and Option butons for","Deletions in the Name column"
"506e3be7-21db-4b9b-abcd-1eb8f49c3949","\Google\Google Chrome\Removed policies","Allow the File Handling API on these web apps"
"e20c22c1-1fc6-497b-850e-bfc8be2cff48","\Microsoft PowerPoint 2016\PowerPoint Options\Security","Scan encrypted macros in PowerPoint Open XML presentations"
"7784922c-0fee-45fc-9d77-b6924575943b","\Microsoft Edge Update\Applications","Allow Microsoft Edge Side by Side browser experience"
"55f7e3d2-af81-4136-9c54-f379999121ed","\Microsoft Edge - Default Settings (users can override)\Password manager and protection","Enable saving passwords to the password manager"
"4e244341-c7db-4120-8b0e-11ba85e4d8df","\Microsoft Word 2016\Word Options\Advanced","Add double quote for Hebrew alphabet numbering"
"f8d2bf7a-8475-42f8-822a-d227a0855733","\Microsoft Office 2016\Language Preferences\Editing Languages\Enabled Editing Languages","French (Caribbean)"
"de371a44-eb94-468f-a883-ddb8a013c127","\FSLogix\Profile Containers","Reboot On User Logoff"
"7b95b8fe-ad17-4457-b801-1271c9f1c430","\Microsoft Edge - Default Settings (users can override)\HTTP authentication","Windows Hello For HTTP Auth Enabled"
"631ab5bf-61a2-4577-b4c8-53b8bc63b2e0","\Microsoft Edge","Configure reporting of IE Mode user list entries to the M365 Admin Center Site Lists app"
"c5561f98-4740-4b57-afc7-3a9419fd6335","\Microsoft Word 2016\Word Options\Advanced","English Word 6.0/95 documents"
"b436b4bd-8ae3-414e-9987-084300b526c4","\Microsoft Edge","Shopping in Microsoft Edge Enabled"
"bf527496-7504-4d5f-9565-4e8c6ae04606","\Microsoft Word 2016\Word Options\Proofing","Writing style"
"c7073630-5957-4f17-a5d9-6e8fd0ce3a88","\Microsoft Edge","Enable tab organization suggestions"
"6ad13dbb-ca02-4c22-acdd-bc67988de94e","\Microsoft Excel 2016\Miscellaneous","Disable the Office Start screen for Excel"
"82fe0c20-7d18-45e9-b5b5-1b8ff352f768","\Microsoft Edge","Discover feature In Microsoft Edge"
"2455ac2b-862f-47ea-879d-48580528e15b","\Google\Google Chrome\Content settings","Block popups on these sites"
"5bc1e611-2425-4dfd-8a34-3dd8847a9afb","\Microsoft Edge","Super Drag Drop Enabled"
"9caa421c-131f-4a88-9667-1baa321d69e0","\Google\Google Chrome\Removed policies","Enable DHE cipher suites in TLS"
"db664b39-87f0-4149-811e-b464410ce043","\Microsoft Office 2016\Language Preferences\Editing Languages\Enabled Editing Languages","Tamil"
"842f6777-72f0-414e-a56a-416a516b0514","\Google\Google Chrome","Allow using the deprecated U2F Security Key API"
"fab81466-0537-4da7-8d62-cf6e00618308","\Microsoft Edge","Wallet Donation Enabled"
"f1f78f17-8b96-42ac-9831-181e64c81691","\Microsoft Office 2016\Language Preferences\Editing Languages\Enabled Editing Languages","Arabic (Tunisia)"
"a528fa81-279d-4db8-8f03-c0d4caa09a66","\Microsoft Edge - Default Settings (users can override)","Allow importing of autofill form data"
"2553966d-7d1c-46a6-b94b-11d384fb0070","\Microsoft Office 2016\Privacy\Trust Center","Send personal information"
"8ffa2406-5f0b-4d39-8cd6-66cbf02294c8","\Google\Google Chrome","Enable online OCSP/CRL checks"
"b77e2a02-992f-4e42-85b3-bc15c4283254","\Google\Google Chrome\Deprecated policies","Disable URL protocol schemes"
"c27e2d05-ee55-4084-bd3f-1db3b07517b2","\Microsoft Edge","Allow the audio sandbox to run"
"a1764cb3-f5e3-4933-8ebf-20929a72ecf7","\Microsoft Edge\Content settings","Block read access via the File System API on these sites"
"503f604d-2ad6-4d8a-abfa-f8a09b3616c2","\Microsoft Edge\Printing","Configure the sticky print preview settings"
"c5d70a12-588e-4aac-a67d-9cb69441a28a","\Microsoft Office 2016\What's New","Don’t show the What’s New information for Outlook"
"6b795b52-671e-4d37-a3ac-89d420e20922","\Google\Google Chrome\Removed policies","Allow Google Chrome Frame to handle the listed content types"
"f84f1e3b-1caf-4a5e-81ea-2a15afb2ad61","\Google\Google Chrome\Removed policies","Enterprise web store name (deprecated)"
"4a6e4ce1-34f8-4aa4-a8d4-64802e90c63d","\Microsoft Edge","Enable Drop feature in Microsoft Edge"
"24d5768f-b4d8-4806-82d1-035dc39a4dcb","\Microsoft Office 2016\Services","Disable Roaming Office User Settings"
"0d4bc7de-d7e1-4c28-97a1-c293e105b490","\Google\Google Chrome","Allow queries to a Google time service"
"221782f8-5b56-4954-85c4-9096ebf6c247","\Microsoft Edge - Default Settings (users can override)","Allow features to download assets from the Asset Delivery Service"
"8d6c958c-863a-4f71-9dda-978be0076dfb","\Microsoft Edge\Cast","Disable DIAL protocol for cast device discovery"
"8813111c-2fdd-4dec-b8f4-2927d5a13bf6","\Microsoft Office 2016\Collaboration Settings\Default message text for a review request...","With a Web discussions link"
"2bf62f48-55a4-44c7-9748-26e6c96c9aa5","\Microsoft Excel 2016\Excel Options\Save","Do not show AutoRepublish warning alert"
"08b62352-4e73-46ad-8e64-77b8ec488672","\Microsoft Edge","Enable web capture feature in Microsoft Edge"
"f1ca296c-1e89-4e67-b3ff-27c59f597e72","\Microsoft Outlook 2016\Security\Cryptography","Enable Retrieval of Remote Certificate Authority Information"
"8bcbb703-e693-435f-9d74-62e9c0440973","\Microsoft Office 2016\Language Preferences\Editing Languages\Enabled Editing Languages","Uzbek (Cyrillic)"
"14864b8f-d46d-4c5b-bca6-8ab8703f0a11","\Google\Google Chrome - Default Settings (users can override)","Enable alternate error pages"
"50bb2af4-c64b-4fd8-b7e1-e3def337860c","\Microsoft Word 2016\Word Options\Security\Trust Center\Trusted Locations","Trusted Location #18"
"98aae339-3d47-422f-bcc1-7e61f6ee50f8","\Microsoft Edge\Manageability","Allow Microsoft Edge management service user policies to override policies set through an enrollment token."
"c8e5126b-f10f-45c1-bf5a-73c4f3bfd6dc","\Microsoft Publisher 2016\Publisher Options\Advanced","Number of publications in the Recent Publications list"
"a74a593d-027b-4a4b-b4d7-438db2aa0f50","\Microsoft Publisher 2016\Miscellaneous","Block all unmanaged add-ins"
"3cde5e66-b893-42d7-a88d-44af15a6a71c","\Microsoft Edge - Default Settings (users can override)","Allow importing of Cookies"
"74895c6e-390e-445c-bba5-d34bf7f50366","\Microsoft Word 2016\File Tab\Check Accessibility","Check for accessibility issues while editing"
"8d208aeb-925e-482c-99b9-44ac0a0df085","\Microsoft Office 2016\DLP","Enable DLP on application boot"
"6ffc7007-be84-404d-b776-ee80892baf93","\Google\Google Chrome","Show history clusters on the Chrome history page"
"2ff38ff0-b30b-42d3-a9b9-9a5ae9ff590b","\Microsoft Office 2016 (Machine)\Licensing Settings","Use a device-based license for Microsoft 365 Apps for enterprise"
"9331496f-97e9-48f0-becd-ee090bddc07e","\Microsoft Office 2016\Miscellaneous","Turn off roaming of on-premises file names and metadata"
"0e93d62f-5e5b-4be0-b30e-4c97cc109cd8","\Microsoft Excel 2016\Excel Options\Security\Cryptography","Use new key on password change"
"bc3a52de-d888-4cdd-a643-3a7a59ac181e","\Google\Google Chrome\Startup, Home page and New Tab page","URLs to open on startup"
"20eabe5d-4d50-4b88-a037-461e582b4a7c","\Google\Google Chrome\Removed policies","Allows a page to show popups during its unloading"
"96fd0e7c-4d04-4601-a8b5-11748f717973","\Google\Google Chrome","Enable AutoFill for credit cards"
"25603287-d406-4669-8fb3-6b8db64ec5de","\Microsoft Edge","Enable full-tab promotional content"
"9de6eb52-9f6a-4dfd-a42f-7d472326da07","\Microsoft Edge\Native Messaging","Control which native messaging hosts users can use"
"c11b405a-7f11-4a29-8db3-2ff308507d11","\Microsoft Publisher 2016\Publisher Options\Save","Save AutoRecover info every (minutes)"
"d9577497-6404-4356-818f-73ce547794fb","\Microsoft Edge","Enable AutoFill for addresses"
"1460045d-4331-4543-bd8a-95f8111e86d8","\Google\Google Chrome","Force WebSQL in third-party contexts to be re-enabled."
"c25a9991-8c1c-487f-92c3-0ba4e4111690","\Microsoft Edge - Default Settings (users can override)\Startup, home page and new tab page","Set new tab page quick links"
"f4055f98-b996-4cdf-9d2f-d1c7f7408ee4","\Microsoft Word 2016\Word Options\Security\Trust Center\File Block Settings","RTF files"
"58b1b19a-dbd5-4770-96a8-40f182a9c189","\Microsoft Office 2016\Language Preferences\Editing Languages\Enabled Editing Languages","Sami, Lule (Norway)"
"8180672a-34d8-4a45-a990-1bdf0ad000e0","\Microsoft Office 2016\Tools | Options | Spelling","Suggest from main dictionary only"
"73be859c-4e0a-47bb-9422-e6af6151e08f","\Google\Google Chrome\Removed policies","Allow SHA-1 signed certificates issued by local trust anchors"
"72bb6373-a33e-4ee8-a6c6-190527130603","\Microsoft Edge - Default Settings (users can override)\Performance","Pin browser essentials toolbar button"
"eb85a51f-bbee-429c-8489-2b706139c2d0","\Microsoft Publisher 2016\Publisher Options\Customize Ribbon","Display Developer tab in the Ribbon"
"d594f3dd-8adc-43a9-9e8b-3e88bf8b7435","\Visual Studio\Install and Update Settings","Disable the ability to rollback or undo a Visual Studio update"
"7dff206d-9101-4581-972c-495fde5084a2","\Microsoft Office 2016\Global Options\Customize","Turn off all user customizations"
"979d44ad-c745-4c26-bc85-b5fcfb865622","\Microsoft Office 2016\File Open/Save dialog box\Places Bar Locations","Places Bar Location 8"
"9a16eabb-17af-4627-b232-bd4610798670","\Microsoft PowerPoint 2016\Collaboration Settings\Co-authoring","Prevent co-authoring"
"ec9825f1-0722-476f-bb62-ccd6806320b3","\Microsoft Office 2016\Language Preferences\Editing Languages\Enabled Editing Languages","English (India)"
"bccdc504-8fc5-449b-a8e0-4d20faad0f02","\Microsoft Project 2016\Project Options\View","Project Summary Task"
"a223987b-f990-44ce-bcb0-9efc6fd8a781","\Google\Google Chrome\Removed policies","Allows a page to show popups during its unloading"
"8279a2f1-7ac8-4d7f-8583-f1ada8f8be72","\FSLogix\ODFC Containers","Reattach Count"
"f04d0699-6f80-434f-a256-3ba9e6570957","\OneDrive","Hide the ""Deleted files are removed everywhere"" reminder"
"0e121e91-6339-4f98-a1ec-cfaa8b3e83b5","\Microsoft Edge - Default Settings (users can override)\Password manager and protection","Allow users to be alerted if their passwords are found to be unsafe"
"a18d721b-d5cf-4725-8fb8-5da71931e9f7","\Google\Google Chrome\Safe Browsing settings","Password protection warning trigger"
"42d5f99a-db5d-4534-8fe5-54eb0e3a83ec","\Microsoft Excel 2016\File tab\Check Accessibility","Stop checking for table header accessibility information"
"d2ce099d-54c3-4d42-a835-2f131030935b","\Google\Google Chrome\Safe Browsing settings","Safe Browsing Protection Level"
"557b763f-07a7-4e66-a1fc-6b7d173e7dd2","\Microsoft Edge - Default Settings (users can override)\TyposquattingChecker settings","Configure Edge TyposquattingChecker"
"1929961f-0f86-4558-99f6-96e261d8c534","\Microsoft Outlook 2016\Outlook Options\Preferences\Calendar Options","Send Internet meeting requests using iCalendar format"
"1cbd835a-eec5-41da-865f-7af9b9628bdc","\Microsoft Office 2016\Security Settings\Trust Center\Protected View","Unsafe Location #12"
"05b02ee9-967b-407a-a71c-3c9a7bbf6f68","\Microsoft Edge","Enable Microsoft Search in Bing suggestions in the address bar"
"f30cf4ef-aae2-4c6f-aa92-5fcf21c322a7","\Microsoft Edge - Default Settings (users can override)\Performance","Configure when efficiency mode should become active"
"848d606c-5dd2-4a08-963d-7ff2e30b1e2a","\Microsoft Excel 2016\Excel Options\Advanced","Move selection after Enter direction"
"2daec783-9596-4947-8592-87deff63d3fa","\OneDrive","Coauthor and share in Office desktop apps"
"b570bf67-f12e-479d-a970-05b96786fdf1","\Microsoft Office 2016\Privacy\Trust Center","Allow users to submit feedback to Microsoft"
"1809f262-deb9-4af2-b9fb-8bb2389fbc62","\Microsoft Edge","Automatically open downloaded MHT or MHTML files from the web in Internet Explorer mode"
"ffd04665-0b05-417b-92e6-ac94f9983614","\Microsoft Edge - Default Settings (users can override)\Password manager and protection","Enable Password reveal button"
"f595c875-1b7c-4371-9e67-e26f1dd6aa51","\Microsoft Edge","Show Microsoft Office shortcut in favorites bar (deprecated)"
"8e0c2f4c-f4f7-4ceb-9461-7478e65afd22","\Microsoft Edge","Allows users to edit favorites"
"c75fdfe9-1038-4909-af86-e826f40cc54a","\Microsoft Outlook 2016\Security\Trust Center","Security setting for macros"
"1b0f1baa-d466-4324-a1f6-0f3fe3995161","\Microsoft Project 2016\Project Options\Calculation\Calculation options for 'Project1'\Earned Value options for Project1","Baseline for Earned Value calculations"
"202ab96d-66fe-41eb-9fec-462d9082c598","\Microsoft Edge","Allow QUIC protocol"
"f211d3a0-0697-46d5-9290-92f54d511dbd","\Microsoft Outlook 2016\Miscellaneous\Miscellaneous","Configure fast shutdown behavior"
"8c553c7e-a4e1-4eee-a277-c37e7ed9c585","\Microsoft Word 2016\Word Options\Proofing\AutoFormat as you type\Automatically as you type","Match parentheses"
"8a66038b-3f66-41da-8125-481c43f34fd8","\Microsoft Edge\Manageability","Microsoft Edge management enrollment token"
"cad8aca9-5293-4f8d-9145-9f24da0e4056","\Microsoft Edge\Kiosk Mode settings","Delete files downloaded as part of kiosk session when Microsoft Edge closes"
"9a52e528-1586-4205-b259-9677897b94f5","\Microsoft Office 2016\Contact Card\Contact Tab","Replace Label - Company"
"894e556d-5c85-422b-b9ae-aef08236f4f7","\Microsoft Word 2016\Word Options\Proofing\AutoFormat as you type\Apply as you type","Headings"
"23772a4b-181d-4117-9e89-fedd6e07ab06","\Microsoft Excel 2016\Excel Options\Advanced","Show values"
"76e9e9dc-9e74-4850-a031-9c0f94d48e99","\Microsoft Edge - Default Settings (users can override)","Clear browsing data when Microsoft Edge closes"
"d7ae1c95-9434-4787-90e5-1cb0b2f56bab","\Microsoft Edge","Specify if online OCSP/CRL checks are required for local trust anchors"
"fe5ef1e0-d9c5-4314-8485-3ae0dc0cb9a2","\Microsoft Outlook 2016\Security","Allow Active X One Off Forms"
"0bc11172-40c7-4fe9-945c-457acac08880","\Google\Google Chrome\Native Messaging","Configure native messaging allowlist"
"8f8ea187-faf2-4f57-8a8d-e3cf09b243d9","\Microsoft Outlook 2016\InfoPath Integration","Do not promote InfoPath forms properties into Outlook properties"
"4b20db3a-3505-4692-bca7-eedd7fc11f6b","\Microsoft Project 2016\Project Options\Calculation\Calculation options for 'Project1'","Calculate multiple critical paths"
"9f73eb02-b52f-405b-a9c4-75fdd2802bad","\Microsoft Outlook 2016\Account Settings\Exchange ActiveSync","EAS Sync Frequency"
"640d3a20-bc3a-4859-a231-b7d0a1d0d57e","\Microsoft Edge - Default Settings (users can override)\Startup, home page and new tab page","Configure the home page URL"
"78e7037a-d516-4775-9cae-b848de7356cd","\Microsoft Edge","Show the Reload in Internet Explorer mode button in the toolbar"
"65a96c75-c2c9-480e-96d2-244ffae2519e","\Microsoft Office 2016\Server Settings","Disable the user from setting the Personal Site URL"
"191ab07a-879d-4e2b-8467-13e4a11765d1","\Microsoft Edge","Suggest similar pages when a webpage can't be found"
"73ef62c0-2b9f-4d14-adf4-bf820defa7f4","\Microsoft OneNote 2016\OneNote Options\Audio and Video","Rewind from start of paragraph by the following number of seconds"
"5dec60ce-15c7-43e9-b606-42e7200761a3","\Google\Google Chrome","Continue running background apps when Google Chrome is closed"
"5ebb144f-6067-4f04-8ace-41de20a125f6","\Microsoft Excel 2016\Excel Options\Advanced","Enable AutoComplete for cell values"
"b657831a-e740-46f2-9f07-d2eb1202473f","\Google\Google Chrome - Default Settings (users can override)\Printing","Print PDF as Image Default"
"bca8f633-bcf5-4917-a06b-2d5a1e5cb5c5","\Microsoft Access 2016\Application Settings\Security\Trust Center\Trusted Locations","Trusted Location #5"
"889b79e8-a234-47d4-8af9-d0ebfe3efc55","\Microsoft Edge\Network settings","Enable zstd content encoding support"
"183c1955-5bdf-4925-8616-0ac8b40ffa66","\Microsoft Edge\Startup, home page and new tab page","Configure the home page URL"
"10f59362-5881-4727-bb76-90e88cd7435b","\Google\Google Chrome\Allow or deny screen capture","Allow Tab capture by these origins"
"3b56ce74-55db-401c-9006-411ee2fbab04","\Microsoft Edge\Content settings","Control use of the Web Bluetooth API"
"5a34e81e-6c91-4c8f-8705-add21a2c0306","\Microsoft Edge Update\Applications\Microsoft Edge Dev","Allow installation"
"27dd3333-085d-4b5b-a9db-408561ffd6bc","\Microsoft Edge WebView2\Loader Override Settings","Set the release channel search order preference"
"c5013b31-2fdd-419c-8d25-e7301ae61b3d","\Microsoft Office 2016\Security Settings\Escrow Certificates","Escrow Key #6"
"70a60f07-3421-419a-b30a-37ec84f3c994","\Microsoft Edge - Default Settings (users can override)","Set the background tab inactivity timeout for sleeping tabs"
"a6d684c3-a656-4515-bec3-eee2e5c903c2","\Microsoft Edge\SmartScreen settings","Prevent bypassing Microsoft Defender SmartScreen prompts for sites"
"09c67ee5-d944-4c74-b69d-527284ceb8c2","\Microsoft Edge\Related Website Sets Settings","Enable Related Website Sets"
"e4478117-642a-4576-a328-419840991db8","\Microsoft Edge - Default Settings (users can override)","Allow users to access the Outlook menu"
"4c850f8c-bbc9-414c-9a78-051d0605f538","\Microsoft Edge","Prevent install of the BHO to redirect incompatible sites from Internet Explorer to Microsoft Edge"
"656772c3-94db-4223-8d52-af1b35d4a773","\Microsoft Edge - Default Settings (users can override)","Save and fill memberships"
"b6628406-e97c-494a-905a-8d3325c83123","\Microsoft Office 2016\Security Settings\Trust Center","Trusted Location #12"
"4dec4ecb-6511-45c6-b819-5c44c6017f18","\Microsoft Edge\Startup, home page and new tab page","Configure the home page URL"
"53efa331-601a-4b3b-b203-4409871639e6","\Microsoft Office 2016\Microsoft Office SmartArt","Log File Entries Number"
"501e3c8e-8b0d-4edb-b5a1-998d2d4a1cb1","\Microsoft Project 2016\Project Options\Edit\View options for time units in 'Project1'","Days"
"a43dbac5-8ade-4c84-999d-072d3364e8d2","\Google\Google Chrome","CORS non-wildcard request headers support"
"975722ad-d072-47d1-93ec-2c15af5dfff6","\FSLogix\ODFC Containers","Include Office Activation"
"f8d5c252-4e89-4cf2-b706-985269027dcf","\Microsoft Outlook 2016\Outlook Options\Preferences\Calendar Options\Office.com Sharing Service","Restrict upload method"
"652eb479-16df-4dca-b1c5-ac68fcf74442","\Microsoft Edge","Enable globally scoped HTTP auth cache"
"b9ab9aa3-a43a-48c3-a6fe-6fa7bb14b757","\Microsoft Office 2016\Contact Card\Contact Tab","Replace MAPI - Other"
"3b82f299-208d-4e25-8cb6-b844e4965d25","\Microsoft Edge","Enable resolution of navigation errors using a web service"
"e58df797-d891-46a4-9273-2cd02be84a2e","\Google\Google Chrome\Removed policies","Allow the Flash plugin on these sites"
"08e7c689-3f83-4a5e-82bc-f5f03b1afb3f","\Microsoft Office 2016\Miscellaneous","Disable Microsoft Office shared drawing code for metafile rendering"
"8d6bd393-3de2-4428-b8b8-66b3b2526c41","\Microsoft Edge","Open local files in Internet Explorer mode file extension allow list"
"6905909b-c361-4870-99b3-8fb90478e7f6","\Microsoft Office 2016\Language Preferences\Editing Languages\Enabled Editing Languages","Hausa (Latin)"
"c0ad491e-4294-4713-a9db-5e3b2f5d55c6","\Microsoft Edge","Enable QR Code Generator"
"d1d707ed-0cd0-4e8c-a53e-bf5b3b9ca000","\Microsoft Excel 2016\Excel Options\Security\Trust Center\Protected View","Always open untrusted text-based files in Protected View"
"613f015c-6cca-4bb2-bc6d-772a89eccdc5","\Microsoft Excel 2016\Excel Options\Security\Trust Center\File Block Settings","Microsoft Office query files"
"5b8a8157-cc87-43cc-92a9-e648c5f7aae1","\Microsoft Edge\Startup, home page and new tab page","Set the new tab page as the home page"
"e59b1599-470d-4e4f-b177-4e497560b531","\Microsoft Edge","Enable Follow service in Microsoft Edge"
"d4e6fd73-0517-4b80-88ef-d72206c0e37a","\Microsoft Word 2016\Miscellaneous\Server Settings","Turn off file synchronization via SOAP over HTTP"
"85f103bf-0fa3-4531-a272-7495dcc8dd7f","\Microsoft Office 2016\Language Preferences\Editing Languages\Enabled Editing Languages","Inuktitut (Latin)"
"a561ede1-7148-4a37-97e7-0c20406a371e","\Google\Google Chrome\Deprecated policies","Kerberos delegation server whitelist"
"1a64206a-b60f-42d5-bc5f-a0471c255540","\Microsoft Office 2016\Present Online\Presentation Services","Configure presentation service in PowerPoint and Word 1"
"942ed139-7b7d-4488-89bb-36c845f97e7a","\FSLogix\Logging","Driver Interface"
"ef3bf8dc-2ebd-4f60-a78a-06acb5936231","\Microsoft Office 2016\Security Settings","Allow specified hosts to show Basic Authentication prompts to Office apps"
"2156fbed-e6fd-4434-9157-a71d7d8f1557","\Google\Google Chrome","Explicitly allowed network ports"
"16b388ed-69c5-4af7-b56c-79112a2f9a04","\Google\Google Chrome\Extensions","Configure extension installation allow list"
"388fd0ee-c247-4e97-b2f4-6652e50ae2d4","\Microsoft Office 2016\Language Preferences\Editing Languages\Enabled Editing Languages","Welsh"
"0f7a176a-298f-4936-9a61-8b9173083e25","\Microsoft Edge - Default Settings (users can override)\Default search provider","Default search provider URL for suggestions"
"f22b58e5-9e89-47b9-8fb1-1adf310e961c","\Google\Google Chrome\Removed policies","Minimum TLS version to fallback to"
"b336bdca-3a8e-4552-82f3-6a432c6e7e51","\Google\Google Chrome","Enable or disable bookmark editing"
"c1448f06-4aac-4cc9-b0d6-8b75a93ca6ac","\Google\Google Chrome\Extensions","Configure extension installation blocklist"
"9753ef6f-dbd8-4243-ad37-a0e781a7a29f","\Microsoft Project 2016\Project Options\Interface\Project Guide settings for 'Project1'","Project Guide Functionality and Layout page"
"19dfe5b2-47d6-43fe-9def-00cc86bac065","\Microsoft Edge\Content settings","Default automatic downloads setting"
"6ef6ff9e-3212-4f76-bb53-11bc1310b39b","\Microsoft Outlook 2016\Outlook Options\Delegates","Saving messages sent from a shared mailbox to the Sent Items folder"
"3bebe7d7-1c13-42f2-938c-c565fe234096","\Microsoft Office 2016\Language Preferences\Editing Languages\Enabled Editing Languages","English (Singapore)"
"60d59dd0-fa66-4564-92a5-8d88980fcb75","\Microsoft Access 2016\Application Settings\Security\Trust Center","Disable Trust Bar Notification for unsigned application add-ins and block them"
"bc6a79f3-77d4-462c-9924-8ea74dc34386","\Microsoft Edge\Native Messaging","Allow user-level native messaging hosts (installed without admin permissions)"
"edb960d1-7a5b-40a2-bccc-55f5ba19e36f","\Google\Google Chrome","Require online OCSP/CRL checks for local trust anchors"
"bf7f6aa2-8f86-455b-baf3-def1e3bbcd79","\Microsoft Office 2016\Miscellaneous","Take users to a custom File menu tab"
"8a6a5d7e-c52e-4598-bcf0-bf86025f6499","\Microsoft Office 2016\Language Preferences\Editing Languages\Enabled Editing Languages","Chinese (Hong Kong S.A.R.)"
"6bbec0d0-5206-43de-b971-95f440c206f1","\Microsoft Edge\Startup, home page and new tab page","Allow Microsoft News content on the new tab page"
"857ccf27-5833-4dd4-b2e2-f2f8c829ce80","\Microsoft Word 2016\Word Options\Save","Save AutoRecover info"
"e92ea21b-8d97-4cc3-80c9-dd396c3d61e4","\Microsoft Word 2016\Word Options\Security\Trust Center","VBA Macro Notification Settings"
"dc0b9fda-c324-4624-b288-b9d3e0b7fb0f","\Microsoft OneNote 2016\OneNote Options\Pen","Show Tablet PC Input Panel on OneNote pages"
"370e7b76-d8ed-4684-b304-7f8694754416","\Microsoft Edge","Disable taking screenshots"
"79c5f3e4-20e3-4298-a0f2-8b25f759d32a","\Microsoft Office 2016\Language Preferences\Editing Languages\Enabled Editing Languages","isiZulu"
"2f050ee5-df49-4014-97d1-5e8439c7fef2","\Microsoft Edge - Default Settings (users can override)","Single sign-on for work or school sites using this profile enabled"
"c3ac1900-fda1-422e-b592-1fa1f5a118a4","\FSLogix\ODFC Containers","Include OneNote UWP"
"1a44d86a-233e-45a1-8127-c507e0c7dde5","\Microsoft Edge","Configure the Enterprise Mode Site List"
"51cf4811-5d8c-4194-abff-d9522f92bd42","\Microsoft Edge","Allows system notifications"
"f1c5b4cf-6ba5-4272-bd84-14483e2137fd","\Microsoft Visio 2016\Visio Options\Advanced\Shape Search","Open results new window"
"de17ef45-1807-4ccf-8233-a271b5f03280","\Microsoft Word 2016\Word Options\Security\Trust Center\Trusted Locations","Trusted Location #20"
"e5b7d9fa-a3ba-4df5-9d01-ae0773d61817","\Google\Google Chrome\Safe Browsing settings","Enable Safe Browsing Extended Reporting"
"006dac2f-f3a8-409c-900c-2956709d55bb","\Microsoft Edge","Define domains allowed to access Google Workspace"
"4c5e6697-2e5c-49ca-ad6a-9492a089952b","\Microsoft Access 2016\Application Settings\Security\Trust Center\Trusted Locations","Trusted Location #10"
"7591f556-1c41-435a-93bc-6ccd4e15ca31","\Microsoft Project 2016\Project Options\Calendar","Fiscal year starts in"
"33ade3b8-b4e7-4fab-8865-d827a29d5e5c","\Microsoft Office 2016\Language Preferences\Editing Languages\Enabled Editing Languages","Kannada"
"4a2d5f13-83ac-41e0-a859-f36902bc5271","\Microsoft Excel 2016\Excel Options\Security\Trust Center\Trusted Locations","Trusted Location #11"
"31c62751-f4c0-4e25-b428-cedff56beb53","\FSLogix\ODFC Containers","VHD Locations"
"439ddbf9-9f2f-4023-8205-7f501aeca614","\Microsoft Edge\Default search provider","Default search provider search URL"
"668b1418-6eec-4b53-83dd-ca1261ee0906","\Microsoft Word 2016\Word Options\Security\Trust Center\File Block Settings","Word 95 binary documents and templates"
"16c8dd3e-79f1-47fc-ac64-418670093302","\Microsoft Edge\Startup, home page and new tab page","Hide the company logo on the Microsoft Edge new tab page"
"43c987af-4b15-4c39-83ed-cfddb17ef6b9","\Microsoft Office 2016\Language Preferences\Editing Languages\Enabled Editing Languages","Portuguese (Portugal)"
"0f5f1917-ff14-4625-9494-679043492320","\Microsoft Edge","Restrict the range of local UDP ports used by WebRTC"
"add83cdb-7c01-4a30-bb03-30c27bf400b5","\Microsoft Office 2016\Language Preferences\Editing Languages\Enabled Editing Languages","Greek"
"e1a1b9c7-3728-4130-b209-72891e44dfaa","\Microsoft Office 2016\Language Preferences\Editing Languages\Enabled Editing Languages","Serbian (Latin, Serbia)"
"3faddfe7-cb3d-4799-a0af-a468d9b20588","\Microsoft Edge","Enable warnings for insecure forms"
"fdf8b6f1-50c2-4007-bdbd-6ee291d81c6e","\Google\Google Chrome - Default Settings (users can override)","Enable Bookmark Bar"
"67025a39-e482-45b0-a70e-4dd33bc3baa7","\Microsoft Office 2016\Security Settings","Check ActiveX objects"
"a4c2f135-7f05-4633-a34f-c934378661c7","\Microsoft Edge - Default Settings (users can override)\Startup, home page and new tab page","Sites to open when the browser starts"
"9f6d347d-a413-49a7-9026-3f6ae9a55bae","\Microsoft Excel 2016\Excel Options\Save","Prompt for workbook properties"
"1597eb62-afb6-4102-948e-6447bb900321","\Microsoft Outlook 2016\Account Settings\Internet Calendars","Automatically download attachments"
"754997a4-2f6d-4a0c-96d0-4cfdaa040db2","\Microsoft Edge - Default Settings (users can override)\SmartScreen settings","Configure Microsoft Defender SmartScreen"
"0de35dd9-462a-41d6-a121-c37f499dc857","\Google\Google Chrome","Controls the mode of DNS-over-HTTPS"
"38a8efd1-027c-45b7-a350-ece0fb3d3add","\Microsoft Office 2016\Business Data\Web Service","Set web service default return size limit"
"ad094ab3-a7f4-43b3-8521-10d42799d5b6","\Microsoft Office 2016\Diagnostics","Configure Get Diagnostics feature's visibility in the Help Ribbon in Office applications and control the feature's mode of operation."
"8f77c361-7067-42ea-88e7-33fdf25093de","\Google\Google Chrome","Enable desktop sharing in the omnibox and 3-dot menu"
"7c36bd8b-9b2e-48c7-8e40-e1721a5a858f","\Google\Google Chrome","Set download directory"
"97323be9-c2bd-4bf4-8592-4321b4cd6ba6","\Microsoft Outlook 2016\Outlook Options\Other","Admin-Controlled Migration to New Outlook"
"46e9d992-1175-4612-a7ee-3efb13b181d5","\Microsoft Office 2016\Language Preferences\Editing Languages\Enabled Editing Languages","Polish"
"49d8399f-324f-4299-a0f8-61b97fcf6a39","\Microsoft Edge","Enable use of ephemeral profiles"
"b17812cb-0638-4613-a714-a13fa3d75ee6","\Google\Google Chrome","Origins or hostname patterns for which restrictions on
insecure origins should not apply"
"089d7924-758d-4d71-8a8b-c07c986ef807","\Microsoft Word 2016\Word Options\Advanced","Mark formatting inconsistencies"
"64c0119a-7ab8-4267-bca1-c3954b368128","\Microsoft Edge","Allow or deny screen capture"
"e41dfc0d-9b8e-43df-81d0-1ac5fa2f9d78","\Microsoft Edge","Forces Microsoft Edge to use its built-in WNS push client to connect to the Windows Push Notification Service."
"25a3cd1f-1a49-4bf7-8dab-2c19ad2eb53c","\Microsoft Word 2016\Word Options\Security\Trust Center\Protected View","Do not open files in unsafe locations in Protected View"
"4817edb2-93f4-43f5-8c6f-4281eae31ed9","\Google\Google Chrome","Enable showing full-tab promotional content"
"39f0f381-78e9-4d16-9726-2b5ac4c737e9","\Microsoft Edge","Define an ordered list of preferred languages that websites should display in if the site supports the language"
"03991c2f-bbdb-41f0-82e1-c757a273c98b","\Microsoft Edge","Allow local MHTML files to open automatically in Internet Explorer mode"
"c452220b-bf41-4655-8ffe-c94222cb1241","\Google\Google Chrome - Default Settings (users can override)\Removed policies","Default search provider instant URL"
"546c6366-b4c5-4f37-bd68-8c9c20f7369b","\Microsoft Visio 2016\Visio Options\Advanced\File Locations","Drawings"
"2917a1e1-bb74-4496-ba61-c1c8595edfbe","\Microsoft Edge\Extensions","Control Manifest v2 extension availability"
"c69574b3-9e8d-406b-b1be-b314eb8016e3","\Google\Google Chrome - Default Settings (users can override)\Startup, Home page and New Tab page","Action on startup"
"48b84825-0d68-469a-b1cb-982be339c978","\Microsoft PowerPoint 2016\PowerPoint Options\Security\Trust Center","Disable all application add-ins"
"9e9f12cc-95ed-45d9-809e-03e79039f1d7","\Skype for Business 2016\Microsoft Lync Feature Policies","Enable using BITS to download Address Book Service files"
"57c75704-e166-4805-a932-961ff5798283","\Microsoft Office 2016\Language Preferences\Editing Languages\Enabled Editing Languages","Central Atlas Tamazight (Arabic, Morocco)"
"71b762a9-110d-4e5f-acc2-4df921810b2c","\Microsoft Outlook 2016\Outlook Options\Preferences\Calendar Options\Schedule View","Prevent My Department Calendar from appearing"
"115c0206-3952-47a8-a0fe-05455b0a93e4","\Microsoft Excel 2016\Excel Options\Security\Trust Center\File Block Settings","Web pages and Excel 2003 XML spreadsheets"
"6ae33fae-6fd4-4c56-8049-0d0cef1aa944","\Google\Google Chrome\Content settings","Control use of JavaScript JIT"
"f169306c-dd84-455c-9597-582c6953ee7d","\Microsoft Edge","Enable ending processes in the Browser task manager"
"ba25990f-d6cb-4cc4-bb5a-b83888bcbfc3","\Microsoft Edge - Default Settings (users can override)","Get user confirmation before closing a browser window with multiple tabs"
"15736d10-faab-4547-b555-ec4607125da9","\Microsoft Office 2016\File Open/Save dialog box\Places Bar Locations","Places Bar Location 6"
"20b08068-5f31-4db4-ab47-78f3c46c2b00","\Microsoft Office 2016\Language Preferences\Editing Languages\Enabled Editing Languages","French (Congo (DRC))"
"05c6873a-adc2-4e66-ba0f-d845c27f60d1","\Google\Google Chrome","Application locale"
"900d3877-c0c5-43d1-b4d1-7eadd26e7201","\Microsoft Outlook 2016\Outlook Options\Other\AutoArchive","Disable File|Archive"
"90cbc72e-5cf5-446d-b1c3-0d46e5257f56","\OneDrive","Sync Admin Reports"
"0aac761d-f28f-42dc-8e40-b9e83af3df23","\Microsoft Word 2016\Word Options\Security\Trust Center","Disable all application add-ins"
"8252e614-11c3-41a8-a319-753f9f735def","\Microsoft Visio 2016\Visio Options\Save\Offline Editing","Save checked-out files to"
"63c611b4-b931-404c-8258-5a82a5555cd7","\Microsoft PowerPoint 2016\Disable Items in User Interface\Predefined","Turn off camera recording by default when recording a slide show"
"9f569140-bd9f-4289-9300-4ecb2959d936","\Microsoft Edge - Default Settings (users can override)","Allow features to download assets from the Asset Delivery Service"
"5336729e-15ef-4e51-b3bc-5026e6ad67da","\Microsoft Office 2016\Contact Card\Contact Tab","Replace MAPI - Office"
"dc0741b1-ac5d-478f-8597-298fca96f6c8","\Microsoft Outlook 2016\Security\Automatic Picture Download Settings","Include Intranet in Safe Zones for Automatic Picture Download"
"d88d7cf0-7832-4dc3-a7aa-d60bd1e876ea","\FSLogix\Cloud Cache Service","Proxy Directory"
"7b8f8d69-f884-4a15-917b-f07842231104","\Google\Google Chrome\Deprecated policies","Configure the required domain name for remote access clients"
"206c88f8-1729-44a9-a38d-722eafe758a8","\Microsoft PowerPoint 2016\PowerPoint Options\Security\Trust Center\Trusted Locations","Trusted Location #13"
"93d89d7b-12ef-4746-9710-a18f6b33c7f7","\Microsoft Outlook 2016\Outlook Options\Preferences\Calendar Options","Work week"
"f4a95d15-acd7-4172-babb-9ddc4fc05e0b","\Google\Google Chrome\Content settings","Allow images on these sites"
"bcdd9bee-9c79-4deb-afde-8141c981e237","\Microsoft Word 2016\Word Options\Security\Cryptography","Specify CNG random number generator algorithm"
"f877003a-9fe1-4229-b29f-bd7367da6157","\Microsoft Office 2016\Miscellaneous","Emulate tabs with spaces when exporting HTML"
"486ba716-bde0-4b1d-9683-8f5ece492766","\Microsoft Word 2016\Disable Items in User Interface\Custom","Disable shortcut keys"
"b1c6de04-21dc-4e1a-b488-ee2439565974","\Google\Google Chrome\Default search provider","Default search provider encodings"
"71feb78e-9810-44d1-9d86-a2886360f46d","\Microsoft Word 2016\Word Options\Security\Cryptography","Configure CNG cipher chaining mode"
"b3422397-3023-471e-ab9a-1750f13437ba","\Microsoft Edge","Define a list of protocols that can not be silently blocked by anti-flood protection"
"8368cf55-8832-46dc-a5ba-ee8557181b6c","\Google\Google Chrome\Printing","Disable printer types on the deny list"
"b6a444da-da39-4bd1-a19d-58c1e7c81c27","\Microsoft Edge","Specifies whether WebAssembly modules can be sent cross-origin"
"4858becc-7e7c-4bda-811e-9e0ff075791b","\Microsoft Office 2016\File Open/Save dialog box\Places Bar Locations","Places Bar Location 5"
"b493c027-9de6-4d40-bffc-6c571ef87653","\Microsoft Outlook 2016\Outlook Options\Preferences\Calendar Options\Schedule View","Turn off sharing recommendation"
"b7165b6d-6642-4f75-88e9-9551e30b580b","\Microsoft Office 2016 (Machine)\Updates","Enable Automatic Updates"
"005579d3-e6bc-41d4-8fe5-f3fb52adca75","\Microsoft Office 2016\Language Preferences\Editing Languages\Enabled Editing Languages","Malay (Malaysia)"
"40e934c1-2698-4774-af89-a4407556dd1d","\Microsoft PowerPoint 2016\PowerPoint Options\Security","Unblock automatic download of linked images"
"109c269a-d652-4c1d-bdba-059f2b82fd4f","\Microsoft Office 2016\Language Preferences\Editing Languages\Enabled Editing Languages","Guarani"
"b479c560-0fe6-44f3-8788-73be346a590b","\Google\Google Chrome","Always Open PDF files externally"
"41f63694-f86d-40f8-96b6-aa615cc40bad","\Microsoft Word 2016\Word Options\Advanced","Provide feedback with animation"
"fce97a28-9921-4481-a849-39ac20fdf228","\Google\Google Chrome\Content settings","Automatically grant permission to these sites to connect to USB devices with the given vendor and product IDs."
"75e9092e-caf9-400c-be2b-f114ed6320d6","\Google\Google Chrome\Removed policies","Enable firewall traversal from remote access client"
"93266656-f707-4af3-9d3c-89d5908c783c","\Microsoft Office 2016\Miscellaneous","Change destination URL for SharePoint hyperlink"
"b226258a-5dec-4877-a538-b73a13d0a50a","\Microsoft Outlook 2016\Security\Security Form Settings\Programmatic Security","Configure Outlook object model prompt when executing Save As"
"d6acf445-28a0-49ac-ab97-b95b54f2a22c","\Microsoft Word 2016\Word Options\Advanced","Confirm file format conversion on open"
"5ab7a123-e86c-4062-b300-c91208ec3d59","\Microsoft Edge","Set a timeout for delay of tab navigation for the Enterprise Mode Site List"
"59cba14b-0b6a-4652-9864-948245a773b2","\Microsoft Edge","Enable the User-Agent Client Hints feature (deprecated)"
"fae956b6-b1fc-4c66-9514-7ee5c9f61f3f","\Microsoft OneNote 2016\OneNote Options\Audio and Video","Specify number of channels to record"
"1c0fc269-68fd-4d61-80da-c505768067c3","\Microsoft PowerPoint 2016\File Tab\Check Accessibility","Stop checking for blank table rows and columns"
"b49a858e-07b8-4004-8eaa-0e88fc8483b1","\Google\Google Chrome","Enable Window Occlusion"
"ceee24d9-1d9a-435f-b75e-e69ad44b0adf","\Microsoft Edge\Proxy server","Configure proxy server settings (deprecated)"
"bc001823-3892-4d6e-8ec5-a2e7dad3650f","\Microsoft Office 2016\Business Data\Database","Set the database default timeout"
"2aeb3649-316d-4725-84f2-868a4e4620f6","\Microsoft Edge Update\Applications\Microsoft Edge","Allow installation"
"49b16ceb-e3bc-4b92-94d5-66c7d4ea9d86","\Microsoft Word 2016\Word Options\Advanced","Show bookmarks"
"9e21a6af-be92-40ae-8767-edaff0b48098","\Microsoft Word 2016\Word Options\Display","Optional hyphens"
"48f06f49-3729-4d7b-8cbc-203a474214cd","\Microsoft Word 2016\Disable Items in User Interface\Predefined","Disable shortcut keys"
"7fab2aa1-6570-4996-bb39-66192f488c75","\Microsoft Edge","Allow media autoplay for websites"
"084f7831-fc68-4435-b4ea-a29b298fc565","\Microsoft Excel 2016\Excel Options\Security\Trust Center\External Content","Always prevent untrusted Microsoft Query files from opening"
"1e1117a9-0479-4a0c-b1bf-0dd590fb6996","\Microsoft PowerPoint 2016\Miscellaneous","Personal templates path for PowerPoint"
"fe1df4fa-4f6c-4f05-b55f-1126fdfefddd","\Microsoft Office 2016\Contact Card\Contact Tab","Replace MAPI - Company"
"4ec82eab-5642-4116-ba6b-2914721c2668","\Microsoft Word 2016\Word Options\Security\Trust Center\Protected View","Set document behavior if file validation fails"
"7fe8b46a-27d2-49d1-b345-6d24c8530bbc","\Microsoft Excel 2016\Excel Options\Advanced","Number of folders in the Recent Folders list"
"3d08681c-3845-4eb8-be06-3f4d086818a4","\Microsoft Outlook 2016\Outlook Options\Out of Office Assistant","Polling Out-of-office Web service"
"06afad80-cd88-4ba8-a0a8-47a56a53be5c","\Microsoft Edge\Default search provider","Default search provider keyword"
"94752281-f54c-4370-aff8-eaaee4296b7f","\OneDrive","Allow syncing OneDrive accounts for only specific organizations"
"79ea405a-9f7f-4fd8-bacc-9c657cbb1990","\Microsoft Edge\Extensions","Blocks external extensions from being installed"
"db387286-719f-4963-97d1-5233777e3254","\Microsoft Office 2016\Tools | AutoCorrect Options... (Excel, PowerPoint and Access)\Additional Actions","Enable additional actions in Excel"
"593b4683-ff5b-45de-b4f5-fdda423d33a4","\Microsoft Office 2016\Language Preferences\Editing Languages\Enabled Editing Languages","Tigrinya (Ethiopia)"
"97b941fd-4e08-4672-9aa0-db0606256a06","\Microsoft Edge\Default search provider","Enable the default search provider"
"655dfde0-1156-41ad-893e-1b843face77b","\Microsoft Publisher 2016\Publisher Options\Advanced\Complex scripts","Use type and replace"
"3fa23c66-9c39-4217-b540-7a85e7fb6fae","\Microsoft Edge\Content settings","Allow insecure content on specified sites"
"1b7c4461-8c73-45a3-9cac-7f0e02b199f7","\Microsoft Office 2016\Miscellaneous","Most Recently Used Template List Length"
"93855c12-3cdf-4a8f-be85-ab7823512be4","\Microsoft Outlook 2016\Outlook Options\Preferences\E-mail Options","Display Sender Picture"
"0e687983-ce4e-4106-bdfe-cd73f3fb0ab9","\Microsoft Visio 2016\Visio Options\Advanced\File Locations","Stencils"
"28dbc0a7-0c13-4fef-9dba-3ced4fce13ea","\Microsoft Office 2016\Security Settings\Trust Center\Trusted Catalogs","Block Web Add-ins"
"3a6d2fbb-9040-4309-9f0c-0ef2fd5337ce","\Microsoft Edge","Control where security restrictions on insecure origins apply"
"203fc310-db7d-4c58-b856-29462c83ad0b","\Microsoft Office 2016\Language Preferences\Editing Languages\Enabled Editing Languages","French (Mali)"
"6984142c-22b1-4e83-8a21-e4b11ad3f329","\Google\Google Chrome - Default Settings (users can override)\Removed policies","Enable Instant"
"3df4c887-604c-4f07-a59d-772289a3b84e","\Microsoft Edge","Shopping in Microsoft Edge Enabled"
"e1e13903-af4d-4b74-8ef8-ab41b93663ae","\Microsoft Outlook 2016\Miscellaneous","Do not download rights permission license information for IRM e-mail during Exchange folder sync"
"e963a639-6dd7-4779-8da2-09a85da82d71","\Google\Google Chrome\Deprecated policies","Force YouTube Safety Mode"
"44c9c1fe-79e9-4da5-bcb4-646ef57d6dcf","\Google\Google Chrome","Disable Certificate Transparency enforcement for a list of URLs"
"c8c0105f-937e-475d-b35a-d56caa7073e1","\Microsoft Office 2016\Microsoft Save As PDF and XPS add-ins","Use the Sensitivity feature in Office to apply sensitivity labels to PDFs"
"76d4f213-b31c-4e4c-bb02-9eaeb5629fc7","\Microsoft Edge - Default Settings (users can override)","Set the background tab inactivity timeout for sleeping tabs"
"614bb3e1-f51b-4622-baa5-dbfd257818d1","\Microsoft Excel 2016\Excel Options\Security\Trust Center","Block macros from running in Office files from the internet"
"961f3e96-d30e-47ec-afbb-6e9aed45205e","\Visual Studio\Privacy Settings","Disable IntelliCode custom model training"
"5f38ecdc-08b5-4702-a82d-20e2c634a30e","\Microsoft Outlook 2016\Account Settings\E-mail","Specify Offline Address Book path"
"b264542f-b733-4020-aa39-9435025db3ba","\Microsoft Edge\Performance","Enable efficiency mode when the device is connected to a power source"
"5b6eee11-248a-4441-a12a-4f534fcdba76","\Google\Google Chrome","Block Browser Legacy Extension Points"
"57201a38-5294-485e-89b9-f04caf866985","\Microsoft Office 2016\Miscellaneous","Hide the Learn more about SharePoint Hyperlink"
"4afa8496-2b04-4d74-ba98-2c11a5165ff7","\Microsoft Excel 2016\Excel Options\Security\Trust Center\Trusted Locations","Trusted Location #20"
"bd6699b7-7aef-4f1a-bc15-3fabd0c267f5","\Microsoft Edge Update\Applications\Microsoft Edge","Target version override"
"f5e561d0-c2fb-4b4d-923b-330a3e900772","\Microsoft Edge","Sites that can access audio capture devices without requesting permission"
"ade90bcf-36e0-414a-8686-44afc3e2e295","\Microsoft Edge - Default Settings (users can override)","Shopping in Microsoft Edge Enabled"
"d2a2df0b-f05e-46ef-a731-63b9e952be84","\Microsoft Edge\HTTP authentication","Include non-standard port in Kerberos SPN"
"84974cd4-cd4a-478a-a30a-0072c34a686a","\Google\Google Chrome - Default Settings (users can override)\Startup, Home page and New Tab page","Configure the home page URL"
"ec6f88b4-5130-49f7-92e7-6f0f68183ab2","\Microsoft Edge","Maximum number of concurrent connections to the proxy server"
"16022e01-a5dc-4832-b20f-bc60ec54ca83","\Microsoft Edge - Default Settings (users can override)\Printing","Sets layout for printing"
"e289061c-539c-47e7-bba4-609bfccc5be7","\Microsoft Excel 2016\Excel Options\Security\Trust Center\File Block Settings","Excel 95 workbooks"
"58091422-5ccb-4bdc-bdfd-c39c565ee2a1","\Microsoft Edge","Define domains allowed to access Google Workspace"
"b36bc768-f622-4a8f-b79a-80e5a41167c2","\Microsoft Outlook 2016\MIME to MAPI Conversion","Change the limit for the number of characters in Friendly Name"
"1fb15e35-bf71-43f4-8bba-fd70cdce4f64","\Microsoft Office 2016\Language Preferences\Editing Languages\Enabled Editing Languages","Somali"
"0b6b897e-6899-419a-969f-a2ee3a3fbb77","\Google\Google Chrome\Removed policies","Set media disk cache size in bytes"
"fdfdd6f9-e118-4d44-8048-4a838ab760e4","\Microsoft Visio 2016\Visio Options\Proofing\AutoCorrect Options","Ordinals with superscript"
"28e35a7f-8fa1-4df7-83c2-d4d461dabae5","\Microsoft Edge","Allow importing of open tabs"
"70925023-cbe3-45ed-afd7-9f312283f186","\Google\Google Chrome","Enable the Click to Call Feature"
"4fb07bab-af73-4578-8c23-8bbcf982e75a","\Microsoft Edge","Allow certificates signed using SHA-1 when issued by local trust anchors (obsolete)"
"24db64f1-4b81-41a8-a397-3f5a476b9958","\Google\Google Chrome\Removed policies","Enable firewall traversal from remote access client"
"6103d960-cdbc-4051-8cbc-9df948247625","\Google\Google Chrome\Content settings","Default images setting"
"616da0e5-6531-4d2c-bc3c-13232a8629f6","\Microsoft Edge","Enable CryptoWallet feature"
"064094ff-86bf-4a01-a2ae-6bde47ccb3a0","\Microsoft Office 2016\Language Preferences\Editing Languages\Enabled Editing Languages","English (Zimbabwe)"
"4600a431-c06d-4e1f-952f-35763902a687","\Microsoft Outlook 2016\Outlook Today Settings","URL for custom Outlook Today"
"227f5055-a3c3-4f98-91dc-529000f0015f","\Microsoft Edge\Password manager and protection","Configure the list of domains for which the password manager UI (Save and Fill) will be disabled"
"5cc40d62-6088-40b5-b4a9-8e7d34b1992b","\Microsoft Edge","Allow access to sensors on specific sites"
"408074d9-4b4d-4ed5-8898-d543660c108b","\Microsoft Word 2016\Word Options\Display","Print document properties"
"2404ce43-a311-457f-97ff-77d75b513fa5","\Microsoft Office 2016 (Machine)\Security Settings\IE Security","Restrict ActiveX Install"
"23a9a110-2c83-48c2-b378-6e375b281c1c","\Microsoft Edge\Default search provider","Parameters for an image URL that uses POST"
"612171cc-7566-4748-9b9a-ea8127712d3b","\Microsoft Edge - Default Settings (users can override)","Discover feature In Microsoft Edge"
"5e2a2369-7c6d-4129-8b0d-1cdd567ce715","\Google\Google Chrome\Removed policies","The enrollment token of cloud policy on desktop"
"a7c7841b-c297-4a61-9b46-48a82a3a44ea","\Google\Google Chrome","Enable Safe Browsing for trusted sources"
"e6a2efe3-0e2d-477d-8583-e98ad47527f2","\Microsoft PowerPoint 2016\PowerPoint Options\Proofing\AutoFormat as you type","AutoFit title text to placeholder"
"a24b37fe-928b-4e26-b5fa-1177b2353387","\Microsoft Edge","Allow personalization of ads, Microsoft Edge, search, news and other Microsoft services by sending browsing history, favorites and collections, usage and other browsing data to Microsoft"
"bc0ca2b1-911e-4b7f-ad7c-dcba6de29082","\Google\Google Chrome","Enforce browser guest mode"
"37494689-8209-4f47-8146-e2be6c0356ed","\Microsoft Word 2016\Japanese Find","Match di/zi, du/zu"
"51781659-7469-4293-b124-16136d8235d2","\Microsoft Outlook 2016\Account Settings\Exchange","Prevent personal Microsoft accounts from using MAPI"
"68c223d1-a1f4-486b-9554-49a595f5cada","\Google\Google Chrome\Removed policies","Block the File Handling API on these web apps"
"efebf2d8-274c-483b-bfd5-5ba19f944214","\Microsoft Word 2016\Word Options\Advanced","Show vertical ruler in Print Layout view"
"ac501178-5a16-4ea4-adab-030118f7f033","\Microsoft Edge - Default Settings (users can override)\Performance","Configure when efficiency mode should become active"
"ff90472a-5d46-4633-b8f8-ed7d14ff29f3","\Microsoft Office 2016\Language Preferences\Editing Languages\Enabled Editing Languages","Kazakh"
"7bc427a7-15f2-42ed-911c-de7fb7fbdd45","\Google\Google Chrome\Default search provider","Default search provider icon"
"def04cf6-47ff-43f4-9a16-6771c47e27a9","\Microsoft Edge\Content settings","Block third-party storage partitioning for these origins"
"13ae28d1-2e4e-4f7d-9063-c6f376cf4ceb","\Microsoft Edge\Content settings","Control use of the WebHID API"
"a04f8f8a-5f01-4a30-825f-45e3b3fab4f0","\Microsoft Office 2016\Present Online\Presentation Services","Configure presentation service in PowerPoint and Word 10"
"a0772e19-9c63-41fb-ad3d-46aa15e8afd9","\Microsoft Edge\Permit or deny screen capture","Allow Tab capture by these origins"
"4f4ed8cb-1b1e-4e92-bd5f-0e528425f140","\Microsoft Outlook 2016\Security\Cryptography\Signature Status dialog box","Missing root certificates"
"3d30da44-7a5b-401e-a913-5144680d600b","\Microsoft Office 2016\Telemetry Dashboard","Office applications to exclude from Office Telemetry Agent reporting"
"ba79abbc-82b1-4b7e-9845-09d1b17c1ae2","\Microsoft OneNote 2016\OneNote Options\Editing","Auto Bullet Recognition"
"6c6ca54e-d209-4506-b5f6-e53926a689cd","\Microsoft Office 2016\Tools | Options | General | Web Options...","Disable web templates in File | New and on the Office Start screen"
"087ec609-8650-40ab-bad6-f405113b3d8c","\Microsoft Excel 2016\Excel Options\Security\Trust Center\File Block Settings","Excel 2007 and later macro-enabled workbooks and templates"
"bda38dfb-54a1-47f3-b510-41ffae95cf0a","\Microsoft Outlook 2016\Outlook Options\Preferences\Calendar Options","First week of year"
"514b6f8f-2b8a-483d-8f60-ccce86402d7a","\Google\Google Chrome\Extensions","Configure the list of force-installed apps and extensions"
"09830c33-9310-44a7-b3e3-670a324a55d0","\Google\Google Chrome\Removed policies","Allow users to opt in to Safe Browsing extended reporting"
"b8a02695-7f4b-40f8-977b-8bba7c33e860","\Microsoft Outlook 2016\Folder Home Pages for Outlook Special Folders","Inbox Folder Home Page"
"5edfc259-c342-4e94-bd0e-a026d9b97104","\Microsoft Word 2016\Word Options\Advanced","Cursor visual selection"
"c6ed1370-b3cb-4749-831f-0ed0f9f11a54","\Google\Google Chrome","Suppress the unsupported OS warning"
"e76ce829-0f23-4b06-a366-820ee7dead91","\Microsoft PowerPoint 2016\PowerPoint Options\General","Wait to show users a cloud-based presentation until all content is downloaded"
"f2a95d4b-edd9-4039-947a-460392218841","\Microsoft Edge","Allow the Serial API on specific sites"
"5f9d30da-9de1-4085-a392-25b501864a0f","\Google\Google Chrome\Deprecated policies","Disable Developer Tools"
"51e0c804-16e4-4577-9480-14262d8406ee","\Google\Google Chrome\Legacy Browser Support","Path to Chrome for switching from the alternative browser."
"3705e5ff-18e7-4051-9d6e-12cc93eca35b","\Microsoft Edge\Native Messaging","Configure native messaging block list"
"9b6c0596-4939-4ed5-aa73-b66f3db67826","\Microsoft Excel 2016\Excel Options\Advanced","Show Formula bar in Normal View"
"ee28cf73-a795-44f8-acd2-5030d249cb62","\Microsoft OneNote 2016\OneNote Options\Editing","Default Font Size"
"404bb09a-84d4-40ac-83d8-cd39f3f0b027","\Google\Google Chrome","Restrict which Google accounts are allowed to be set as browser primary accounts in Google Chrome"
"ec935659-31ed-4879-bf0e-640493fc6e08","\Microsoft Edge\Manageability","Allow Microsoft Edge management service user policies to override policies set through an enrollment token."
"bd3551d6-c190-42af-8246-dcadc4466b7b","\Microsoft Visio 2016\Visio Options\Security\Trust Center\File Block Settings","Visio 2003-2010 Binary Drawings, Templates and Stencils"
"461354a0-647e-463b-adcd-fbde7092e6df","\Microsoft Visio 2016\Visio Options\Security\Trust Center","Turn off Trusted Documents on the network"
"6fc2e341-dba2-42f6-924b-2822cfd2495c","\Microsoft Publisher 2016\Publisher Options\Advanced","Prompt user when reapplying a style"
"d469c5af-d2ab-4668-8fa8-7f46c7c72fdc","\Microsoft Office 2016\Language Preferences\Editing Languages\Enabled Editing Languages","Turkish"
"56e0cc93-10fb-4162-8c72-959b4e88310a","\Microsoft Office 2016\Language Preferences\Editing Languages\Enabled Editing Languages","Valencian"
"7e7f8bca-5132-4a2e-9740-eeecf1f148bf","\Microsoft Office 2016\Collaboration Settings","Max number of documents being reviewed using ad hoc review"
"fe37fb62-b2da-4a7b-aa05-8013fb4d5298","\Microsoft Office 2016\Language Preferences\Editing Languages\Enabled Editing Languages","Romanian (Moldova)"
"e0ec0cb1-a376-41ff-a6fe-fe0b91b0f386","\Google\Google Chrome\Removed policies","Disable TLS False Start"
"e4907d13-4aba-473e-b2c3-908997e8c8d4","\Microsoft Edge - Default Settings (users can override)","Get user confirmation before closing a browser window with multiple tabs"
"5f0aabe0-8889-41da-be20-b5e22d6f926e","\Microsoft Office 2016\Language Preferences\Editing Languages\Enabled Editing Languages","French (Morocco)"
"6c8b76ae-5847-439e-9452-bbfd723bf38b","\Microsoft Edge","Enable tab organization suggestions"
"13532b49-e497-46b0-ae72-b31683660364","\Google\Google Chrome\Removed policies","Configure the TalkGadget prefix for remote access hosts"
"9dda219c-2fd7-4582-9748-930b867294a8","\Microsoft Office 2016\IME (Japanese)","Turn off Outlook name dictionaries update"
"72f8da6a-46a3-4c2d-b865-435fe412ed3a","\Microsoft Office 2016\Language Preferences\Editing Languages\Enabled Editing Languages","Hungarian"
"3dd06c36-71c2-4791-8ce6-1034d1fb194b","\Google\Google Chrome\Deprecated policies","Enable Incognito mode"
"24b082f8-4b0a-423e-b926-30bf8346d48e","\Google\Google Chrome\Native Messaging","Configure native messaging blocklist"
"6e845ba3-5a80-4aff-8dc4-0ca07bc8a9b7","\Google\Google Chrome\Content settings","Block JavaScript from using JIT on these sites"
"95b8b3d9-3d3e-43e5-9413-8681bb2bf5bf","\Microsoft Office 2016\Language Preferences\Editing Languages\Enabled Editing Languages","Sesotho"
"74e28185-a364-4461-b379-3b74f73e76ac","\Microsoft Outlook 2016\Miscellaneous\Miscellaneous","Configure fast shutdown behavior for add-ins"
"046ffe09-98ef-487a-8f6f-c320c0ad726c","\Microsoft Office 2016\What's New","Don’t show the What’s New information for Excel"
"e42d9891-5db0-47fd-93f1-6c72a75aa64f","\Microsoft Edge","Specify if online OCSP/CRL checks are required for local trust anchors"
"31228796-360b-4907-98c6-eb15669a0d4e","\Microsoft Edge","Allow download restrictions"
"bec3c09b-15ce-47cc-b12e-ecd03e62854b","\OneDrive","Prevent users from changing the location of their OneDrive folder"
"d663db10-a6b3-41ff-bdd4-fae4eff24b49","\Microsoft Project 2016\Project Options\Schedule\Scheduling options for 'Project1'","Split in-progress tasks"
"1da8d319-6a13-4e6c-893c-e7105e361867","\Microsoft Office 2016 (Machine)\Updates","Don’t install a background service for Microsoft Search in Bing"
"ce4b798f-5b53-4a85-bd0a-ef6c3730cfbe","\Microsoft Excel 2016\Excel Options\Security\Trust Center\File Block Settings","Legacy converters for Excel"
"66e889b4-e1a6-431d-9b22-fe74a255cc1a","\Microsoft Edge","Define a list of protocols that can launch an external application from listed origins without prompting the user"
"63e6b0f5-5f28-464b-89e9-40d946d48467","\Microsoft Office 2016\Language Preferences\Editing Languages\Enabled Editing Languages","Uzbek (Latin)"
"4eebf611-8df5-43fd-b362-4d1fe9fffe1e","\Microsoft Office 2016\Tools | Options | General | Web Options...\Files","Open Office document directly in Office application"
"7e327c2f-2115-47cf-951f-89650783f68f","\Microsoft Word 2016\Word Options\Proofing\AutoCorrect","Capitalize first letter of sentence"
"2b8a65ed-be1b-4f5d-b7db-3e7d4e72f8c7","\Microsoft Project 2016\Project Options\Calendar","Week starts on"
"aa7e3456-c019-4940-8185-c0628ac8c307","\Skype for Business 2016\Microsoft Lync Feature Policies","Global Address Book Download Initial Delay"
"2dbd0d38-a97f-48e1-9358-a5b35f9a1850","\Microsoft Office 2016\Language Preferences\Editing Languages\Enabled Editing Languages","Afrikaans"
"4f721f4e-dcde-4fa9-9bc0-a35e8888afd9","\Google\Google Chrome","Maximal number of concurrent connections to the proxy server"
"8e5d64c2-31db-4ae7-8259-4a72e64a4345","\Microsoft Outlook 2016\Outlook Options\Preferences\Junk E-mail","Trust e-mail from contacts"
"a82a9688-d6c4-4701-9559-b5df7ebe9ddd","\Microsoft Office 2016\Links","Choose which browser opens web links"
"cd3fff92-886a-495f-b94b-b14f4850cf9e","\Google\Google Chrome","Enable lock icon in the omnibox for secure connections"
"8b124fcb-8946-4c7f-996d-e828875bb4a1","\Microsoft Edge","Show context menu to open a file:// link in Internet Explorer mode"
"5b0577e6-3e6c-4c86-ae60-0cfbe37612c6","\Google\Google Chrome","List of file types that should be automatically opened on download"
"4705b574-3f4b-4456-a38c-ba68c12151cb","\Microsoft Office 2016\Shared paths","Location of shared custom themes"
"2515c1d2-f15f-47cc-a24f-0f4574e21c30","\Google\Google Chrome","Allow DNS queries for additional DNS record types"
"a2dea7ab-e9da-40e2-8b6b-89cfb0d3a319","\Microsoft Edge","Web Select Enabled (obsolete)"
"39484753-1d60-4108-b961-35113563d8b8","\Google\Google Chrome","Require Site Isolation for every site"
"d44a79e2-648e-4fac-bb43-d454f2fabbe1","\Microsoft Outlook 2016\Outlook Options\Mail Format\Internet Formatting","Outlook Rich Text options"
"5a487196-0e17-469c-b379-aab40973c3c1","\Microsoft Office 2016\Global Options\Customize\Shared Workspace\Define Shared Workspace URL's","Site 1: "
"7c090b1e-e7c4-4594-b26d-83472a3f4f31","\Microsoft PowerPoint 2016\PowerPoint Options\Security\Trust Center\Trusted Locations","Trusted Location #12"
"a2c1393b-4e76-4359-a7a4-ce8b3f1d558e","\Visual Studio\Privacy Settings","Enable the Visual Studio Customer Experience Improvement Program"
"dbbaf386-9d89-4e98-b074-e7df8c6b09ed","\Microsoft Edge","Force WebSQL in third-party contexts to be re-enabled (deprecated)"
"cc68844f-1fe9-4c39-936e-593e755b4c37","\Google\Google Chrome - Default Settings (users can override)\Startup, Home page and New Tab page","Use New Tab Page as homepage"
"f643b2b6-b477-485c-8824-45ecf8e36c14","\Microsoft Office 2016\Security Settings","Disable password to open UI"
"18301dfe-8283-4d0e-ba4e-84adb6f1ca38","\Microsoft OneNote 2016\OneNote Options\Audio and Video","Disable audio search"
"9885ca1f-2431-4894-95a1-5d11804ee6e8","\Microsoft Office 2016\Tools | Options | General | Web Options...\Browsers","Rely on VML for displaying graphics in browsers"
"56e591d2-f075-4d40-b174-850c13321c8a","\Google\Google Chrome","Enable guest mode in browser"
"1fa73636-97bc-405e-a67a-273896685dae","\Microsoft Office 2016\Security Settings","Protect document metadata for rights managed Office Open XML Files"
"a14d3578-7f42-453e-b84c-57060ae2f5fb","\Google\Google Chrome","Ephemeral profile"
"4d0fe0a2-cd54-44c0-b657-80ae11e4620a","\Microsoft Edge","Search in Sidebar enabled"
"444357cd-ad1b-4838-af87-2907591fa92e","\Microsoft Outlook 2016\Miscellaneous","Disable web add-in installation on migration to new Outlook for Windows"
"5ccb76ed-be81-4249-a159-fa6b6929ff9d","\Google\Google Chrome","Hide the web store from the New Tab Page and app launcher"
"f32292ad-d9f6-4b3e-95b2-517b379a70cb","\OneDrive","Prevent users from moving their Windows known folders to OneDrive"
"d6c85197-7093-41a5-a53d-e87d44f021cc","\Microsoft PowerPoint 2016\PowerPoint Options\Security\Trust Center\Trusted Locations","Trusted Location #1"
"e07ee4d2-16df-487a-974f-427b457f22e3","\Microsoft Word 2016\Word Options\Proofing","Show readability statistics"
"9ba45c2e-c177-439c-9d68-cf1823275b92","\Microsoft Edge","Enable CryptoWallet feature"
"d963625b-f333-4328-b6bc-b627945b1d44","\Microsoft Office 2016 (Machine)\Security Settings\IE Security","Protection From Zone Elevation"
"705795de-23e0-45af-bb36-575a2d880ee2","\Microsoft Excel 2016\Excel Options\Security\Trust Center\File Block Settings","Set default file block behavior"
"a6842229-7abe-4be0-9be7-94adf4603533","\Microsoft Office 2016\Security Settings\Trust Center\Protected View","Unsafe Location #17"
"9daa9efc-10f1-422f-9680-17158e073592","\Google\Google Chrome","Disable support for 3D graphics APIs"
"96781e6d-6a1f-4e5e-9eee-003897dd4cca","\Microsoft Office 2016\Language Preferences\Editing Languages\Enabled Editing Languages","Spanish (Spain)"
"851a4de0-6844-41e8-9e52-57fb5827c870","\Google\Google Chrome\Removed policies","Enable RC4 cipher suites in TLS"
"e3aa2356-c93f-408d-9cb3-57d73e891a9f","\Google\Google Chrome\Content settings","Control use of the WebUSB API"
"d3ba9825-78d5-447b-a1ed-de6905223ca2","\FSLogix\ODFC Containers","Prevent Login With Temp Profile"
"ec06e080-0540-4b1d-b5f2-1ede2be56bd1","\Microsoft Edge","Enable security warnings for command-line flags"
"08f577cc-3be2-44c7-b527-d2d92c9c16e5","\Microsoft Office 2016\Contact Card\Contact Tab","Replace MAPI - Work Address"
"4cc11248-dc35-41cb-81d4-f379b0a56c3c","\Microsoft Edge - Default Settings (users can override)","Search Filters Enabled"
"a23e3199-18c4-473b-8aa0-6f1d993af297","\Microsoft Edge","Always use the OS capture engine to avoid issues with capturing Internet Explorer mode tabs"
"c6e8bf5f-1243-43d9-bccd-937cb195764d","\Google\Google Chrome\Removed policies","Specify a list of disabled plugins"
"88027b94-292c-48b7-8318-c381a92ed62a","\Google\Google Chrome\Deprecated policies","Allow access to a list of URLs"
"5748d459-1fc7-4800-982e-8ff8c6b9d28f","\Google\Google Chrome\Removed policies","Enable RC4 cipher suites in TLS"
"53884d43-6062-45ec-b7c0-5cafc665f634","\Microsoft Edge - Default Settings (users can override)","Block smart actions for a list of services"
"81c07ba0-7512-402d-b1f6-00856975cfab","\OneDrive","Silently sign in users to the OneDrive sync app with their Windows credentials"
"88af1f72-a4fc-4386-bc64-1e3472468fff","\Microsoft Outlook 2016\Outlook Options\Other\Advanced","Save calendar sync conflicts"
"70857786-5d92-45eb-9a37-afa75846e2a9","\Microsoft Excel 2016\Excel Options\General","Default Font"
"6f2a1fa8-30fd-4e3c-87eb-a983e789242a","\Microsoft Edge\Content settings","Block the Adobe Flash plug-in on specific sites (obsolete)"
"ddf18a4a-209c-4c04-9506-0d571c215e1a","\Google\Google Chrome\Legacy Browser Support","URL of an XML file that contains URLs that should never trigger a browser switch."
"4c688db5-7f1f-4a9d-8a17-dae1c2eb3b6b","\Microsoft Word 2016\Word Options\Advanced","Show vertical scroll bar"
"d69f31b0-6771-446a-a4ae-4838b9baa5c7","\Microsoft Office 2016\Miscellaneous","Disallow Convert Document (Excel, PowerPoint, Word)"
"3fac2065-fa2a-42fd-855d-3e04c83b206b","\MS Security Guide","Restrict legacy JScript execution for Office"
"2b835ac4-bf82-4bec-9b29-788bc28de126","\FSLogix\Profile Containers","Remove Orphaned OST Files On Logoff"
"2308766c-c49d-47ae-b3fa-ee23d9e55145","\Microsoft Office 2016\Language Preferences\Editing Languages\Enabled Editing Languages","Amharic"
"9b6ba12a-dfc2-4335-8446-07cdef906acb","\Microsoft Edge\Proxy server","Configure proxy server settings (deprecated)"
"ef150fa9-6c0c-4635-8286-ca7dd1788bfd","\Microsoft Edge","Allow importing of home page settings"
"e16e1f21-a679-40a2-b677-62e2720fa749","\Microsoft Office 2016\Language Preferences\Editing Languages\Enabled Editing Languages","Japanese"
"049c0881-675b-4b5d-8a5b-96226bd2e494","\Microsoft PowerPoint 2016\PowerPoint Options\Security\Trust Center\Trusted Locations","Trusted Location #5"
"b1944fbe-cf34-45b4-bad9-6662a39eecba","\Microsoft Edge","Disable download file type extension-based warnings for specified file types on domains"
"c5aa896c-9803-49c8-a581-c8c13729afd2","\Google\Google Chrome","Clear Browsing Data on Exit"
"0a4a7d23-5498-4f66-86b5-b927980c88f9","\Google\Google Chrome","Managed Bookmarks"
"9aa05be4-eb52-4d4f-94db-fec0a236d420","\Microsoft Visio 2016\Disable Items in User Interface\Predefined","Disable predefined commands"
"0c6f0c52-c85f-45ed-8232-aaa6b7c3d29e","\Microsoft Access 2016\Application Settings\International","Cursor movement"
"9fefe1b3-4be6-4234-96e2-5373d8eb97f0","\Microsoft Edge\Printing","Print headers and footers"
"4440f11f-5815-48d2-a94d-b76a26ca6dc9","\Microsoft Office 2016 (Machine)\Updates","Management of Microsoft 365 Apps for enterprise"
"66108d4d-3a8e-493f-8ec9-2bccefec137a","\Microsoft Office 2016\Language Preferences\Display Language","Change or delete link to the proofing tools download site"
"77b2a2bd-8bc7-48ce-b215-3e9b9eafc0aa","\Microsoft Outlook 2016\Outlook Options\Delegates","Store deleted items in owner's mailbox instead of delegate's mailbox"
"fdf38034-52e5-49aa-b717-fc884524d490","\Microsoft Edge\Printing","Print Rasterization Mode"
"a50e1b70-f388-4d10-bbb1-b7d851149f9f","\Microsoft Edge - Default Settings (users can override)\Extensions","Configure default state of Allow extensions from other stores setting"
"e5483306-d7c7-4109-98c2-9cd9856adbfd","\Microsoft Edge","Allow user feedback"
"0a52260d-d94c-49c1-a26a-fc67a29dcfb5","\Microsoft PowerPoint 2016\PowerPoint Options\Security\Cryptography","Specify encryption compatibility"
"1d3fa22e-0eb8-45b5-8040-1265254dad32","\Microsoft Office 2016\Security Settings\Trust Center\Trusted Catalogs","Default Shared Folder Location"
"ac82feab-5d09-454f-83cc-bf511f0465ff","\FSLogix\Profile Containers","Roam Identity"
"946c61f4-358a-41c5-9bda-01cd25900ad6","\Microsoft Word 2016\Word Options\Security\Trust Center\Trusted Locations","Trusted Location #17"
"c37ce2a6-7ea7-4dc6-acff-34b592e9ec9e","\Microsoft Edge","Enable Picture in Picture overlay feature on supported webpages in Microsoft Edge"
"c5f781c7-0897-494a-ad68-c39b4b8d3e1d","\Microsoft Office 2016\Server Settings\SharePoint Server","Maximum number of rows fetched per request while populating a lookup in the SharePoint list control"
"c220d455-89ad-4d77-a76f-3c979117079d","\Microsoft Outlook 2016\Outlook Options\Preferences\E-mail Options\Advanced E-mail Options\Desktop Alert","Do not display New Mail alert for users"
"1fc4d2fd-34ab-46b9-b97c-88a7ffdcacf8","\Microsoft Edge","Configure the pixel adjustment between window.open widths sourced from IE mode pages vs. Edge mode pages"
"9ef7cea0-a5fb-489b-a17b-dd173ab7167b","\Microsoft Edge\Identity and sign-in","Only on-premises account enabled for implicit sign-in"
"b214f104-f2b5-48cb-9d9b-6858a4567561","\Microsoft Outlook 2016\Outlook Options\Preferences\Calendar Options\Office.com Sharing Service","Publish interval"
"9cc16b4b-2a26-4f78-a20e-7c4a5aed0219","\Microsoft PowerPoint 2016\Customizable Error Messages","List of error messages to customize"
"1e031435-ec7b-4b77-a16e-afd844110137","\Google\Google Chrome - Default Settings (users can override)\Startup, Home page and New Tab page","Configure the home page URL"
"3627efa6-b85e-4c44-a0d5-5eea389e8e75","\Microsoft Office 2016\Language Preferences\Editing Languages\Enabled Editing Languages","Croatian (Bosnia and Herzegovina)"
"123a42f5-e392-4a7a-a532-31bbd3737785","\Microsoft Edge","Set the user data directory"
"dc5ec46f-f14c-4700-8962-72e2929d1085","\Microsoft Edge\Application Guard settings","Application Guard Traffic Identification"
"13c55e1f-3c98-4860-bbeb-c08ce5049261","\Microsoft Visio 2016\Visio Options\Security\Trust Center","Block macros from running in Office files from the internet"
"dcdaf1e3-1883-4aeb-84c1-d57052a4ce2a","\Microsoft Edge\Content settings","Block Window Management permission on specified sites"
"c4043cd1-6cec-453c-a66b-30e12e1fe0b5","\Google\Google Chrome\Google Cast","Show the Google Cast toolbar icon"
"4b573935-f48c-472e-bb80-7e3f53baf7d6","\Microsoft Excel 2016\Excel Options\Security\Trust Center\File Block Settings","Offline cube files"
"6dd2307f-2880-41d0-9298-ddd7314d749b","\Google\Google Chrome","Control use of the Headless Mode"
"4e93e66e-3761-41a8-af66-9433d770330e","\Microsoft Outlook 2016\Outlook Options\Preferences\Junk E-mail","Specify path to Blocked Senders list"
"2e7ea4d7-0aee-48ab-8e2f-98142f642ebe","\Microsoft Word 2016\Word Options\Advanced","Use this color for diacritics"
"4e03ad9b-e7f6-4908-91db-dd8a415140f9","\Google\Google Chrome","Suppress JavaScript Dialogs triggered from different origin subframes"
"98a363cd-f5a0-45ab-8bc3-b626814c00fa","\Microsoft PowerPoint 2016\PowerPoint Options\General","Enable Live Preview"
"2e01678a-0e84-433b-9f41-8ae25394c4dc","\Google\Google Chrome","Define a list of protocols that can launch an external application from listed origins without prompting the user"
"fdb90ccc-ea2c-47c2-aa0b-cd6eeaaa7962","\Microsoft Office 2016\Language Preferences\Editing Languages\Enabled Editing Languages","French (Monaco)"
"b5690369-0b1a-432d-812a-b483a99586cd","\Microsoft OneNote 2016\OneNote Options\Add-ins","List of managed add-ins"
"f85fd25c-fe79-4ccb-946d-984aeb8a9525","\Microsoft Edge","Show Downloads button on the toolbar"
"ad3941f1-35e5-4795-b561-f67eff78a232","\Microsoft Edge","Allow importing of search engine settings"
"64465da5-5ef4-4101-a0d9-c7d5a6f17587","\Google\Google Chrome","Enable or disable spell checking web service"
"ed52394d-8c64-4b79-a2ab-8b3a2a7a4720","\Microsoft Office 2016\Security Settings\Trust Center","Trusted Location #11"
"59ace53d-1e39-4957-bcc5-8c3be91311b3","\Microsoft Office 2016\Contact Card\Contact Tab","Replace MAPI - WorkFax"
"af8c5b73-6078-468c-8346-dfe6ce12fbe1","\Google\Google Chrome\HTTP authentication","Kerberos delegation server allowlist"
"504bb2d7-8d41-4a40-a602-19b6087278ed","\Microsoft Visio 2016\Visio Options\General\User Interface Options","Turn off Live Preview"
"f0ce7d3d-fc3d-4dfc-bfe1-bbd7f689a2d6","\Microsoft Office 2016\Miscellaneous","Enable Smart Resume"
"d25a4baf-2c41-401c-9cd5-b7325a00a451","\Google\Google Chrome\Removed policies","Always render the following URL patterns in the host browser"
"f24541fd-8ee4-4a6d-a635-a40420920ece","\Google\Google Chrome\Removed policies","Default search provider instant URL"
"5915cee6-34bb-4c1e-883e-a8a817c62fd9","\Microsoft Outlook 2016\Outlook Options\Preferences\E-mail Options","Message handling"
"bd20dcd1-ace9-4117-a8ae-d2c7af85bcaa","\Google\Google Chrome","Intranet Redirection Behavior"
"b12421ab-02c9-43cf-b661-6b7ab8a01c68","\Microsoft Word 2016\Word Options\Security\Trust Center\Trusted Locations","Trusted Location #15"
"9a0dda2c-9229-4ff5-84e7-6854645a4996","\Google\Google Chrome","URLs that will be granted access to audio capture devices without prompt"
"e469a3fb-f06a-4902-b753-1cbd31d62f98","\Microsoft Office 2016\Contact Card","Configure presence icons"
"09ffe600-e3ef-4602-90d1-aead6cc69895","\Microsoft Excel 2016\Excel Options\Advanced","Show control characters"
"07776c85-288b-411f-b184-b2a8005ec96d","\Microsoft Outlook 2016\Account Settings\Exchange","Use legacy Change Password authentication dialog boxes"
"394d3371-7c3a-4794-a316-6983cdad794e","\Google\Google Chrome\Removed policies","Control the User-Agent Client Hints feature."
"0888d31f-50f3-48af-94f1-3990264c844b","\Microsoft Visio 2016\Visio Options\Security\Trust Center","Trusted Location #10"
"34456f16-0253-4c49-b312-c7f5a976f24d","\Microsoft Office 2016\Tools | Options | Spelling","Flag Repeated Words"
"a4dff8cb-ff93-4f22-acbe-4de614cb4092","\Microsoft Word 2016\Word Options\Security\Trust Center\Trusted Locations","Trusted Location #2"
"34ad9e75-878f-4586-ab78-b74de46e7ae6","\Microsoft Visio 2016\Visio Options\Advanced\Editing Options","Select shapes partially within area"
"fb75973a-71df-4db9-a066-456acb6487a1","\Microsoft Office 2016\Contact Card","Do not display Hover Menu"
"a11845b7-2220-4b11-90b9-057e4088e9aa","\Microsoft Edge","Enable Domain Actions Download from Microsoft (obsolete)"
"015ba312-55d7-435e-9106-1b868b5394e4","\FSLogix\Profile Containers","Access Network as Computer Object"
"faeb1286-4fcb-47d5-9120-2125f9f90684","\Microsoft Excel 2016\Excel Options\Security\Trust Center\Trusted Locations","Trusted Location #19"
"f24493d6-8b98-401d-9f39-b0d98dbffaee","\Microsoft Office 2016\Manage Restricted Permissions","Turn off Information Rights Management user interface"
"3392cf79-8163-4461-82da-22b5903870d8","\Microsoft Edge","Send site information to improve Microsoft services (obsolete)"
"46c7a82f-6578-49f6-a8ce-088378041361","\Microsoft Edge","Display zoom in IE Mode tabs with DPI Scale included like it is in Internet Explorer"
"ac62611b-3402-4027-9d40-6a856f6a42f0","\Microsoft Edge Update\Applications\Microsoft Edge Canary","Allow installation"
"721ce6c2-b34b-44b1-8ad7-3416b8f2faf9","\Microsoft Word 2016\Word Options\General","Allow Online Videos to play within Word"
"72b819ac-36cb-4518-9782-4927c0ffc3fc","\Microsoft Edge","Re-enable the Event.path API until Microsoft Edge version 115 (obsolete)"
"018fd354-4038-4b2f-bbd1-0ea8fcce9788","\Microsoft Outlook 2016\Outlook Options\Other\Advanced","Save RSS conflicts"
"d4096f7e-962d-4dc1-aa0b-294b5263887f","\Microsoft Edge\Default search provider","Specifies the search-by-image feature for the default search provider"
"dd9055c4-6f57-4b31-bae4-d3779eeb8d4f","\Microsoft Visio 2016\Visio Options\Advanced\File Locations","Add-ons"
"161151a4-4c80-4f0a-b080-b28b7e156b04","\Microsoft OneNote 2016\OneNote Options\Other","SharePoint sync interval for notebooks stored on SharePoint"
"86845cad-ac43-49a5-9f61-146b29cf5d4d","\Google\Google Chrome - Default Settings (users can override)\Startup, Home page and New Tab page","Use New Tab Page as homepage"
"0929cd78-8cbe-4f64-93a0-653b13464790","\Microsoft Access 2016\Application Settings\Security\Trust Center","Disable all application add-ins"
"2e8c8bb7-62d1-4557-b1a7-e448578b767e","\Microsoft Office 2016\Present Online\Presentation Services","Configure presentation service in PowerPoint and Word 8"
"7689fb9e-12fe-4120-b550-afcf8bd6ae19","\Microsoft Excel 2016\Excel Options\Advanced","Show Paste Options button when content is pasted"
"f7f15f20-0a6d-4100-8c32-89a0e67027d1","\Google\Google Chrome\Removed policies","Enable deprecated web platform features for a limited time"
"856f43eb-5acc-4a9e-bd26-ac97026ff308","\Microsoft Publisher 2016\Miscellaneous","Personal templates path for Publisher"
"2516d030-870e-4501-a00c-1910892fa3fc","\Microsoft Word 2016\Word Options\Security\Trust Center\Protected View","Do not open files from the internet zone in Protected View"
"e90ec8c4-046f-4957-9217-f1e8bd457a29","\Microsoft Access 2016\Application Settings\Security\Trust Center\Trusted Locations","Trusted Location #6"
"5435fc57-4f3f-4c87-8b95-15924773fd81","\Microsoft Office 2016\Miscellaneous\Workflow Cache","Workflow Cache 1"
"687827d4-8035-4281-8a1c-0f2d37901c16","\Microsoft Edge\HTTP authentication","Configure list of allowed authentication servers"
"70a2def6-beaa-4fec-b2f5-605a4a9a0094","\Microsoft Outlook 2016\Security\Cryptography","Require SuiteB algorithms for S/MIME operations"
"1eba6c93-6080-4ac2-bb64-924015e33db7","\Microsoft Edge\Kiosk Mode settings","Configure address bar editing for kiosk mode public browsing experience"
"238bd4f4-1b30-4b10-b141-dc223d7d969b","\Microsoft Word 2016\Word Options\Advanced","Add Bi-Directional Marks when saving Text files"
"719b2d76-cec6-42f0-856a-10223f27a7b6","\Microsoft Word 2016\Word Options\Advanced\Smart cut and paste","Adjust formatting when pasting from Microsoft Excel"
"71b0c6fc-647e-450a-8b08-c0ae2c9204d7","\Microsoft Edge\Startup, home page and new tab page","Action to take on Microsoft Edge startup"
"3676b0ef-c5f9-4e02-99f8-b940036ffb8d","\Microsoft Outlook 2016\Security\Security Form Settings\Attachment Security","Display OLE package objects"
"0b097480-f7d8-41f1-8ca4-4b0ff5e1620d","\FSLogix","Roam Recycle Bin"
"60f226c4-c4d9-48a3-a382-f929d3428abe","\Microsoft Visio 2016\Visio Options\Advanced\File Locations","Templates"
"1827afb9-fc29-4df0-8562-b652ed4cef60","\Google\Google Chrome\Extensions","Configure the list of force-installed apps and extensions"
"a7fac183-95cf-49f9-bff8-750d4d0e5aeb","\Microsoft Edge","Enable Signed HTTP Exchange (SXG) support"
"e7ebaabd-d7f2-4dad-a503-4e3f34dd92ff","\Microsoft OneNote 2016\OneNote Options\Security\Cryptography","Set CNG password spin count"
"a0f5794b-3168-4992-92f5-156a901d29ab","\Microsoft Edge - Default Settings (users can override)","Configure Automatic HTTPS"
"9cfa51a6-541e-4902-83e2-aa14426382e4","\Google\Google Chrome - Default Settings (users can override)\Content settings","Register protocol handlers"
"7def2cf5-c03c-4302-96a4-2e42eb277e69","\Google\Google Chrome\HTTP authentication","Disable CNAME lookup when negotiating Kerberos authentication"
"22dd1d58-8b1d-459e-9c7c-55d054cac8cb","\Microsoft Edge","Disable Certificate Transparency enforcement for a list of subjectPublicKeyInfo hashes"
"7198ee47-7ba4-4c28-a519-8bcabac76c7f","\Google\Google Chrome","Enable AutoFill for credit cards"
"80fe2005-887c-4fcb-8d5d-399eb80ddfc5","\Google\Google Chrome\Content settings","Default notification setting"
"0ecce292-9e5e-48f6-8e66-0dc718ce7009","\Microsoft Visio 2016\Visio Options\Advanced\General Options","Enable Automation events"
"82d70317-8928-40a8-ad02-928898f9c54a","\Google\Google Chrome - Default Settings (users can override)","Import search engines from default browser on first run"
"3e90fa36-5127-4a2c-a157-795824be0ef7","\Microsoft Edge","Standalone Sidebar Enabled"
"6159d789-70b2-4726-83c8-8a2c6c7c635e","\Microsoft Outlook 2016\Security\Security Form Settings\Programmatic Security","Configure Outlook object model prompt when sending mail"
"bba0c06c-d92f-41a8-8276-f384ace1a68c","\Microsoft Edge","Configures availability of a vertical layout for tabs on the side of the browser"
"c9ba04db-32bf-432b-b104-297014a0c76c","\Microsoft OneNote 2016\OneNote Options\Security\Cryptography","Configure CNG cipher chaining mode"
"766e0848-a103-4b14-a2b8-2f2cf6119b91","\Microsoft Office 2016\Language Preferences\Editing Languages\Enabled Editing Languages","Divehi"
"5c039319-6d3e-409c-9806-678f31b2178c","\Google\Google Chrome\Legacy Browser Support","URL of an XML file that contains URLs to load in an alternative browser."
"11edf9fd-ce1e-46d7-9af6-ea1d26e18f7d","\Microsoft Edge","Enable deleting browser and download history"
"0b648785-8932-4773-b709-562f4e2dae08","\Microsoft Outlook 2016\Account Settings\Exchange","Exchange Unicode Mode - Silent OST format change"
"97a0e99f-3d39-437a-89bf-6202498c887d","\OneDrive","Convert synced team site files to online-only files"
"d97b0cf7-4917-4d91-b3d2-4d69f5d2d9a5","\Microsoft OneNote 2016\OneNote Options\Backup","Number of backup copies to keep"
"0912435b-db99-4866-bbef-85cc505cb4c3","\Google\Google Chrome","Block Browser Legacy Extension Points"
"2c83dff3-5232-4dd9-976e-a1320e4e05b7","\Microsoft Edge\Content settings","Default Adobe Flash setting (obsolete)"
"2c1ea8d9-f4e5-4c98-bad8-a8edb0137ab4","\Google\Google Chrome","Enable add person in user manager"
"7197d497-015e-4432-ae24-01046d49b421","\Microsoft Edge - Default Settings (users can override)\SmartScreen settings","Configure Microsoft Defender SmartScreen to block potentially unwanted apps"
"e1096236-4113-4a1d-b459-2499c270b0f9","\Microsoft Edge","Use built-in DNS client"
"06e82836-97d2-4ee4-8f73-daf41095ae5e","\Microsoft Edge","Set the background tab inactivity timeout for sleeping tabs"
"921755e7-ae48-48d8-9e0c-f12507829bf5","\Microsoft Office 2016\Security Settings","Encrypt document properties"
"1696c172-da3f-4af1-866c-1e8f84671d19","\Skype for Business 2016\Microsoft Lync Feature Policies","Prevent users from running Microsoft Lync"
"fe928787-e627-46c5-a9dd-ec7950dfe54e","\Google\Google Chrome","Allow collection of WebRTC event logs from Google services"
"09c69a68-fd40-4def-8796-015be7e91056","\Microsoft Word 2016\Word Options\Advanced\Smart cut and paste","Merge formatting when pasting from PowerPoint"
"ea75f3aa-a7bf-47ba-a7c0-41c757397d95","\Microsoft OneNote 2016\OneNote Options\Password","Disable password protected sections"
"3fc78a68-64db-4bfb-abc8-fd494c2a86c1","\Microsoft Publisher 2016\Publisher Options\Advanced","Automatically switch keyboard to match the language of surrounding text"
"d1e74fa9-2f46-4e35-a5c6-45831f3b6460","\Google\Google Chrome\Content settings","Block WebUSB on these sites"
"61f1caa0-1584-4d7d-a717-da82c8e0f1c9","\FSLogix\Profile Containers\Container and Directory Naming","No Profile Containing Folder"
"6a7cea23-3d67-4f3e-97d5-3a2246a570e6","\Microsoft Office 2016\Miscellaneous\Workflow Cache","Workflow Cache 4"
"03da7e1d-1320-47c7-a6f5-e3ae863efc14","\Microsoft Excel 2016\Excel Options\Security\Trust Center\File Block Settings","Microsoft Office data connection files"
"40cd90e2-8896-4633-9b51-3c8c3ee08921","\Microsoft Edge WebView2\Loader Override Settings","Configure the WebView2 release channel search kind"
"a82ab84a-de57-495b-a2c5-1e5c1439ddae","\Microsoft Office 2016\Downloading Framework Components","Set download location for Microsoft .NET Framework 2.0 Language Pack"
"1aa51c8f-ee91-4a6c-8686-5edbaaf978cc","\Microsoft Office 2016\Collaboration Settings\Co-authoring","Set document synchronization timeout"
"813651e3-98e9-46c7-ba5b-724f1b83fe8d","\Microsoft Edge","Configure automatic sign in with an Active Directory domain account when there is no Azure AD domain account"
"186f3969-c7c8-4a18-a435-3290aa80bcb5","\Microsoft Edge - Default Settings (users can override)\Default search provider","Default search provider keyword"
"9f49cd02-57fd-4297-8352-e8b48c39cbd7","\Microsoft Edge","Specify custom help link"
"507a0ccd-d2f4-4bdc-beeb-f616f9e85153","\FSLogix\Profile Containers\Container and Directory Naming","Diff Disk Parent Folder Path"
"93fb2216-0d56-47a6-b14b-07b855907f3f","\Google\Google Chrome\Remote access","Enable curtaining of remote access hosts"
"56cd5287-306d-4654-93c1-63173fae269b","\Microsoft Edge","Enable Domain Actions Download from Microsoft (obsolete)"
"a6e996c5-b19d-48e2-89ce-2200f9cfc744","\Microsoft Edge - Default Settings (users can override)\Startup, home page and new tab page","Configure the Microsoft Edge new tab page experience (deprecated)"
"1c502410-b089-4e02-a254-19b6bc2f8b6f","\Google\Google Chrome - Default Settings (users can override)\Printing","Print Headers and Footers"
"27cf6570-cfb6-493c-9ca5-c32251a8896b","\Microsoft Outlook 2016\Outlook Options\Other","Disable online mode for Get Diagnostics."
"e2da9b9e-b03c-4dc8-9a3f-0404419dbde1","\FSLogix\ODFC Containers","Volume Type (VHD or VHDX)"
"f58068d1-3517-4ead-9f45-a734a998a3e1","\Microsoft Outlook 2016\Security\Cryptography\Signature Status dialog box","Attachment Secure Temporary Folder"
"4b0505bd-47f8-43cd-92d0-993b39145035","\Microsoft Project 2016\Project Options\Security\Trust Center","Trusted Location #12"
"e38c27da-fe48-4a2e-a8a4-7faca25e9552","\Microsoft Edge","Allow full screen mode"
"c0a41385-0c5a-4e57-9993-3bd1a6b2830b","\Google\Google Chrome\Legacy Browser Support","Command-line parameters for switching from the alternative browser."
"3aeb3974-91e1-4222-8b5a-0baa210ec378","\Microsoft Edge","Allow users to open files using the ClickOnce protocol"
"562faf15-6cce-4438-97f4-715554429b19","\Google\Google Chrome","Set download directory"
"bfa7300c-7bef-4751-affe-8e19989411dc","\Microsoft Edge Update\Applications\Microsoft Edge Canary","Create Desktop Shortcut upon install"
"d1c563e4-ab06-483c-a5ca-2b36412fb20a","\Google\Google Chrome","Use built-in DNS client"
"9bead4f6-1cb1-4f99-85ab-b37b5c98b033","\Microsoft Office 2016\Miscellaneous\Workflow Cache","Workflow Cache 3"
"245b539b-82ad-4a58-b8c5-f2a6f87d32b0","\OneDrive","Prevent the sync app from generating network traffic until users sign in"
"839e48a1-c4c8-4cfe-be7b-60f015a45974","\Microsoft Office 2016\Security Settings\Trust Center","Allow mix of policy and user locations"
"ff6c6ba7-f510-481c-8df3-28be06b2dcc2","\Microsoft Outlook 2016\Outlook Options\Other\AutoArchive","AutoArchive Settings"
"2853cdfe-4744-4119-927c-ecddd96214ae","\Microsoft Office 2016\Security Settings\Trust Center\Protected View","Unsafe Location #18"
"d9bbec56-d6c8-4503-baec-4a3458d653cb","\Microsoft Edge","Specify the TLS cipher suites to disable"
"f6b81f22-4d7f-4e37-b973-ecfcb67bfdfc","\Microsoft Edge\Content settings","Allow listed sites connect to specific HID devices"
"8c458d7c-e646-441e-82bf-ce380fc0179f","\Microsoft Edge - Default Settings (users can override)\Performance","Performance Detector Enabled"
"d3cc1bed-68cb-4bd9-8de8-de1246959d5d","\Microsoft Office 2016\Contact Card\Contact Tab","Replace Label - Home2"
"b668412f-eb89-42e0-b549-778689dc3eb9","\Microsoft Visio 2016\Visio Options\Security\Trust Center","Allow Trusted Locations on the network"
"6cca6201-cd4a-43ef-a094-c889dc23b0c5","\Microsoft Edge\Content settings","Block JavaScript from using JIT on these sites"
"9cd0a2b2-b568-4763-aa96-9399ea72a1c3","\Google\Google Chrome","Ephemeral profile"
"cb514ac5-453f-4ae7-afe7-f80aea522926","\Microsoft PowerPoint 2016\PowerPoint Options\Security\Trust Center","Turn off Trusted Documents on the network"
"ed25d61b-86f8-4c39-bf43-4f19f3323742","\Microsoft Edge","Allow importing of browsing history"
"b85c2f15-ee02-4425-8d40-c7f70517c754","\Google\Google Chrome","Set limit on megabytes of memory a single Chrome instance can use."
"156e93e8-fda3-4cec-ae0d-cf4789ae9c1f","\Google\Google Chrome - Default Settings (users can override)","Enable search suggestions"
"a9c76b09-4a45-42dc-a7bf-b704b5ed35aa","\Google\Google Chrome\Removed policies","Default HTML renderer for Google Chrome Frame"
"9ab1aba4-b95c-4e1b-b0a6-c1b1125fb7af","\Microsoft Edge\Content settings","Allow Window Management permission on specified sites"
"74b35456-2488-45be-8d65-ea28e76ad70a","\Microsoft Edge","Suppress the unsupported OS warning"
"ff5858ec-dcd0-4d5d-b0ab-041bed4f371a","\Microsoft Office 2016\Security Settings\Digital Signatures","Configure minimum RSA public key size"
"63deaa00-3be5-4c06-8c45-c2d2024cc33c","\Microsoft Outlook 2016\Outlook Options\Preferences\Calendar Options","Shorten appointments and meetings"
"2789d216-45c0-4f3e-a788-3c2cddce0045","\Microsoft Edge","Allow features to download assets from the Asset Delivery Service"
"e8c9c305-a006-4cb2-928f-0f0a6fab12e6","\Microsoft PowerPoint 2016\PowerPoint Options\Security\Trust Center\File Block Settings","PowerPoint 2007 and later presentations, shows, templates, themes and add-in files"
"2c745b1a-21d5-478f-8f54-380b0bcb59ef","\Microsoft Office 2016\Customizable Error Messages","Default button text"
"44834715-a54e-4150-aae9-1b5dc2b38f5a","\Microsoft Edge","Super Drag Drop Enabled"
"87c9afc5-931b-4788-9787-db4515803558","\Microsoft Edge\Identity and sign-in","Switch intranet sites to a work profile"
"72308bbc-faa0-4843-af66-b556fb699ad8","\Microsoft Outlook 2016\Account Settings\Exchange","Do not display Folder Size button on folder properties dialog box"
"847475cd-27ec-48fd-9b8a-f50b304f50d7","\Microsoft Office 2016 (Machine)\Security Settings\IE Security","Restrict File Download"
"bb9fa188-d7d2-4f7f-8d43-da07e4921ed6","\Microsoft Outlook 2016\Outlook Social Connector","Specify list of social network providers to load"
"9698c627-8d8d-4623-866b-a75be1171269","\Microsoft Edge - Default Settings (users can override)","Enable AutoFill for addresses"
"91c1495e-8571-42c8-b4fa-3bbf3d57463f","\Google\Google Chrome","Configure list of force-installed Web Apps"
"be098757-e9a2-4e1d-969f-fc61182a8f37","\FSLogix\ODFC Containers","Size In MBs"
"b2d9d718-5b88-4cf0-8581-e2b87f92fcb0","\Microsoft Edge\HTTP authentication","Allow Basic authentication for HTTP"
"549b6cbc-ebb6-4de8-a0c0-ea551857672c","\Microsoft Outlook 2016\Account Settings\E-mail","Prevent saving credentials for Basic Authentication policy"
"a4a51c40-bbe5-4fc7-8b2d-d4b6725b6024","\Microsoft Office 2016\Language Preferences\Editing Languages\Enabled Editing Languages","Oromo"
"faf511e3-ec78-4d2b-8ce0-0018d2a622d4","\Microsoft OneNote 2016\OneNote Options\Add-ins","Block all unmanaged add-ins"
"23474b03-e866-45c6-aeeb-7810150ec523","\Microsoft PowerPoint 2016\PowerPoint Options\Security\Trust Center\Trusted Locations","Disable all trusted locations"
"b7389d54-c9e3-4ca7-84ce-ac7b2143e8e7","\Google\Google Chrome - Default Settings (users can override)","Import bookmarks from default browser on first run"
"4736a047-dd62-4e53-a76e-afae6c51e0e9","\Microsoft Word 2016\File Tab\Check Accessibility","Stop checking to ensure documents allow programmatic access"
"7f7e757c-1137-4e59-8cd1-cb51ca6896c0","\Microsoft Edge","Minimum TLS version enabled (obsolete)"
"b025c733-4573-4252-8c14-06a0b96ff769","\Google\Google Chrome - Default Settings (users can override)","Import bookmarks from default browser on first run"
"74833db2-fedc-47bc-b8ab-0c412749d996","\Microsoft Outlook 2016\Account Settings\Exchange","RPC/HTTP Connection Flags"
"b7940df2-b4f4-4aa0-b1fd-3f8e21897732","\Microsoft Office 2016\Server Settings","Folder name for Published Links"
"51affba8-5bc9-4333-8264-b65b47452fbf","\Microsoft Office 2016\Server Settings\SharePoint Server","Maximum number of recipients in an Outlook item to scan to determine the user's colleagues for recommendation"
"01d994a1-224d-43f9-a050-0ef137feea3f","\Microsoft Excel 2016\Excel Options\Advanced","Comments"
"b8d41741-84da-4dd3-a5f8-90a277551253","\Microsoft Edge","Re-enable deprecated web platform features for a limited time (obsolete)"
"54e6aac5-e2eb-4485-b4a6-74cd37652413","\Microsoft Edge\Content settings","Allow WebUSB on specific sites"
"b2cf8604-9971-4793-af30-05f015a9c9d5","\Microsoft Access 2016\Application Settings\Security\Trust Center\Trusted Locations","Trusted Location #3"
"dba7f806-9fc0-4529-9b43-e7c897cd7e4e","\Microsoft Office 2016\Web Archives","PowerPoint:  web page format compatibility"
"4757f2f1-fb89-4258-b9e7-7093fd77c45a","\Google\Google Chrome","Intranet Redirection Behavior"
"857af0e0-c891-4893-9585-8edb96a76aaf","\Microsoft Edge Update","Control updater's communication with the Experimentation and Configuration Service"
"4025de42-0715-4e9e-b831-3afad6bb640e","\Microsoft Edge","Allow websites to query for available payment methods"
"f7738215-3cd9-4615-b284-f97b2c7b5cf4","\Microsoft Office 2016\Language Preferences\Editing Languages\Enabled Editing Languages","Sami, Lule (Sweden)"
"fda38792-9b7f-40bd-b5a4-d879226f3486","\Microsoft Office 2016\Miscellaneous","Disable Clipboard Toolbar triggers"
"8e773e13-645c-4244-98ee-c43f50758b2e","\Microsoft Edge","Allow import of data from other browsers on each Microsoft Edge launch"
"7a362af2-28fb-420f-b222-93220be56e55","\Microsoft Office 2016\Contact Card\Contact Tab","Replace AD - Other Address"
"95bd6cad-b4f0-4310-b9f0-ec45b8320785","\Microsoft Edge\Performance","Efficiency mode enabled"
"a38efb63-4cc4-4991-aab2-ea4748091b83","\Microsoft Edge","Manage exposure of local IP addressess by WebRTC"
"cf5c6b88-f93e-45d6-8219-e6eabcc1488f","\Microsoft Edge\Default search provider","Default search provider encodings"
"dbdc35e4-758a-4ba7-a167-c216e9e5ea0a","\Microsoft Office 2016\Security Settings\Trust Center\Trusted Catalogs","Block the Office Store"
"36f36921-9045-429a-8cd2-047cf27bdedf","\FSLogix\ODFC Containers","Outlook Folder Path"
"93e82d86-2682-4f43-a699-83d40d6f5d17","\Microsoft Office 2016\File Open/Save dialog box\Restricted Browsing","Approve Locations"
"c29762eb-db35-4cec-a525-a85f00b89f09","\Google\Google Chrome - Default Settings (users can override)","Enable or disable spell checking web service"
"6dfb5d36-cc13-4c75-a03a-bc93a73dd344","\Microsoft Office 2016\Shared paths","Set Workgroup path for label page size update files"
"82510b6c-2b59-41c2-a2a9-61b6afabd2db","\Microsoft Outlook 2016\Outlook Options\Other\Advanced\Reminder Options","Reminders"
"363718c1-25dc-4a50-8636-3506cf90a072","\Microsoft Office 2016\Language Preferences\Editing Languages\Enabled Editing Languages","Arabic (Algeria)"
"abf479be-e941-4910-8881-db742938de0b","\Microsoft Office 2016\Office 2016 Converters","Block opening of pre-release versions of file formats new to Excel 2016 through the Compatibility Pack for Office 2016 and Excel 2016 Converter"
"3f117bcd-4ea5-4fe6-ad8d-9a47f01170a7","\OneDrive","Continue syncing when devices have battery saver mode turned on"
"c463e6e2-0cdc-4a17-bd9e-f90f220fc6a3","\Microsoft Office 2016\Language Preferences\Editing Languages\Enabled Editing Languages","Sami, Northern (Norway)"
"bad91ae2-1aa0-4075-9afd-f8e0e73124cf","\Microsoft Office 2016\AutoSave","Turn off AutoSave by default in PowerPoint"
"c4427e68-ef30-43c8-b55f-80d084aac4f8","\Microsoft Office 2016\Language Preferences\Editing Languages\Enabled Editing Languages","Russian (Moldova)"
"61af7880-fd7e-4039-bbf7-cf6de69521fc","\Microsoft Excel 2016\Excel Options\Advanced","Alternate startup file location"
"d27e8706-d4b8-4cb7-b1db-c54e619f1ee0","\Microsoft Project 2016\Project Options\General\General options for Microsoft Project","Open last file on startup"
"65278dd7-1db7-4cd6-a4a9-07097a3ab3de","\Microsoft Word 2016\Word Options\Advanced","Field shading"
"b6d4d7b8-b78a-4dc2-82cc-d2afc300fbc3","\Microsoft Office 2016\Web Archives","Default format for 'Publish'"
"1211efcc-3987-4d49-912c-6f218f74b611","\Microsoft Excel 2016\Excel Options\Security\Trust Center\File Block Settings","Excel 4 macrosheets and add-in files"
"8bbd58ad-98fc-491a-83e1-e87c61d10dc0","\Microsoft Edge\HTTP authentication","Supported authentication schemes"
"87d1ba9c-18bc-4725-afd7-69cd11273216","\Microsoft Edge","Enable renderer in app container"
"081e8e8b-6540-4ec7-b785-528f02361654","\Microsoft Word 2016\Word Options\Security\Cryptography","Set CNG password spin count"
"d08ee39f-f712-4cf7-b187-3dae1e35ec19","\Microsoft Word 2016\Word Options\Advanced","Print pages in reverse order"
"d0f0c24d-bed5-4432-8ea3-3f4f9387200d","\Microsoft Edge","Allow users to open files using the ClickOnce protocol"
"13c7f267-ca19-48b7-b84a-702a63136927","\Microsoft Excel 2016\Excel Options\Security\Trust Center\Trusted Locations","Trusted Location #6"
"41bf9c1d-c8f0-4716-a1d4-31ed8e85e9ae","\Microsoft Outlook 2016\Security\Cryptography","Always use TNEF formatting in S/MIME messages"
"ac36bb68-6f7c-47a7-8c63-4dd21fbdd307","\Microsoft Edge - Default Settings (users can override)\Games settings","Enable Gamer Mode"
"d606c4c8-8cfa-4669-8f12-23a5cceb6ee4","\Microsoft Edge - Default Settings (users can override)","Suggest similar pages when a webpage can't be found"
"c121dee2-ab6e-40e7-89d8-ae9b1a749dd2","\Microsoft Word 2016\File Tab\Check Accessibility","Stop checking to ensure headings are succinct"
"3e66d0fa-6413-413f-89c5-e4e5d2932f3d","\Microsoft Edge","Sites that can access audio capture devices without requesting permission"
"58a40e5c-37c6-4bd8-be53-4e8faca3f376","\Google\Google Chrome","List of names that will bypass the HSTS policy check"
"5ba9bbe1-e2a2-4e6f-98c0-f2e9568b1ca5","\Microsoft Edge","Restrict exposure of local IP address by WebRTC"
"2cd9de2f-802e-4411-abe6-6b19a379a2c9","\Microsoft Publisher 2016\Publisher Options\General","Show the New template gallery when starting Publisher"
"b4a3f69a-d936-4962-8583-0b47b82a684a","\Microsoft Edge\Content settings","Control use of insecure content exceptions"
"b6eae91d-e3e3-4c99-8b3b-806d0c89a235","\Microsoft Office 2016\Language Preferences\Editing Languages\Enabled Editing Languages","Greenlandic"
"6626d2b8-3b44-465c-a320-263be6d53607","\Microsoft Outlook 2016\Miscellaneous","Managing Categories during e-mail exchanges"
"f835dac5-0bd4-435d-8390-e5146424ae55","\Microsoft Edge","Configure list of force-installed Web Apps"
"fd69807e-40ab-47a6-a694-1a1902d18f92","\Google\Google Chrome\Removed policies","Control use of the File Handling API"
"45bb4fe1-833f-453a-b209-dd888dc114a1","\Microsoft Edge - Default Settings (users can override)","Clear browsing data when Microsoft Edge closes"
"b07dfe8d-be0a-40ce-b4d4-fad9b153e962","\Google\Google Chrome","Enable reporting of usage and crash-related data"
"493aea68-8230-4b2f-8f7c-908b93948050","\Microsoft Edge","Set application locale"
"4e22d3b8-b230-415c-b421-cf2fd96401d6","\Microsoft Project 2016\Project Options\View\Show","OLE Link Indicators"
"6344edb5-ecd9-4e46-bc00-ee2afc497ed2","\Google\Google Chrome - Default Settings (users can override)","Enable AutoFill for addresses"
"74971b34-78ce-4a03-8839-5ccaaf8fd8f1","\Microsoft Office 2016\Language Preferences\Editing Languages\Enabled Editing Languages","Maltese"
"69d9da2f-49b9-4d12-b712-20d53d973e12","\Microsoft Edge","Disable download file type extension-based warnings for specified file types on domains"
"7063997e-ffda-4023-a8eb-60ac05e0f2b3","\Microsoft Edge","Block smart actions for a list of services"
"b056d62f-7b7a-4c7d-a5dd-eb76d6f041b8","\Microsoft Office 2016\Tools | AutoCorrect Options... (Excel, PowerPoint and Access)","Show AutoCorrect Options buttons"
"f5cab5a1-679b-4ff6-a996-0d5677ecbc69","\Microsoft Edge Update\Applications\Microsoft Edge Canary","Target version override"
"51d0b441-1a6f-4a75-bc96-9456a9e960d6","\Microsoft Project 2016\Project Options\Calendar","Hours per day"
"e6fe880c-bc27-4d93-af35-c68ce5dec938","\FSLogix\Logging","Profile Configuration Tool"
"23db15a7-8987-47bc-8b1e-cb6004dbf30f","\Microsoft Outlook 2016\Outlook Options\Preferences\Calendar Options","First day of the week"
"9bf10302-e5bd-4a62-a428-dd5cd4518d4e","\Microsoft Outlook 2016\Account Settings\Exchange\Cached Exchange Mode","Disallow Download Headers"
"b173c27d-0c0e-4195-a674-832ee718eecb","\Google\Google Chrome\Content settings","Default JavaScript setting"
"f6891279-3f7b-4345-b310-b9a1b83b7919","\Microsoft Access 2016\Application Settings\Security\Trust Center","Require that application add-ins are signed by Trusted Publisher"
"441ccb65-a7c6-446b-8c52-88d0ebcbddd6","\Microsoft Edge Update\Applications\Microsoft Edge Dev","Target version override"
"ccd94b4b-efdd-42ea-8eec-06022a31e161","\Microsoft Edge\Manageability","Mobile App Management Enabled"
"8eae916a-b384-42a0-abe6-a5ef014546dc","\Microsoft Word 2016\Collaboration Settings\Co-authoring","Do not automatically merge server and local document"
"2f8f02a2-d16d-47f3-9156-c245cc1d5f3c","\Microsoft Edge - Default Settings (users can override)","Enable Windows to search local Microsoft Edge browsing data"
"a11027b6-030b-4aa8-a57f-9407d4c75486","\Microsoft Outlook 2016\Outlook Options\Mail\Compose Messages","Outlook Protection Rules"
"e41697b0-0e66-4894-9567-8a9da07de1be","\Microsoft PowerPoint 2016\PowerPoint Options\Advanced","Show all windows in the Taskbar"
"c7a5c444-c3dc-4541-9390-301b2be8c424","\Microsoft Edge","Allow importing of open tabs"
"4243a32b-7161-4b71-b22e-bca5e0c40f17","\Microsoft Edge - Default Settings (users can override)","Allow importing of browser settings"
"cc829236-89df-4939-a2ad-257d52a669c5","\Microsoft Office 2016\Business Data\Synchronization","Set refresh frequency limit"
"2a3f2f4c-cca0-4655-972f-d437d3ca368c","\Google\Google Chrome\Extensions","Configure extension, app, and user script install sources"
"e172a2bc-3484-4fa9-8b15-226ece541755","\Microsoft Access 2016\Application Settings\Security\Trust Center\Trusted Locations","Trusted Location #8"
"9a6073cb-e273-4186-94b2-50ee2190b01e","\Google\Google Chrome","Disable saving browser history"
"480a31af-b36a-48a6-b590-c2b918360380","\Microsoft Word 2016\Word Options\Security\Trust Center\File Block Settings","Word 97 binary documents and templates"
"ca587b54-eda6-4fae-9e7e-0e8c6c0b45c9","\Microsoft Office 2016\Present Online\Presentation Services","Configure presentation service in PowerPoint and Word 2"
"72af6564-5ecd-4957-9a76-3da5f788d0fb","\FSLogix\Profile Containers\Cloud Cache","Clear Cache on Forced Unregister"
"4b974028-0546-42bd-bcba-d5bb3b3ddb5e","\Microsoft Access 2016\Tools | Security\Workgroup Administrator...","Path to shared Workgroup information file for secured MDB files"
"1ffba00b-7845-4bf1-ad66-4d656db2b4bc","\Microsoft Edge\Proxy server","Configure proxy bypass rules (deprecated)"
"8bd2b9cb-7829-490b-9ab6-f86101cd22eb","\Microsoft Project 2016\Project Options\Security\Trust Center","Disable Trust Bar Notification for unsigned application add-ins and block them"
"3535ac1b-6822-4532-bdec-e145fed0c7ca","\Microsoft Edge","DNS interception checks enabled"
"d77c2b68-149c-40e0-878e-4fe56b99222f","\Microsoft Office 2016\Privacy\Trust Center","Allow the use of additional optional connected experiences in Office"
"624aadc3-7da2-4732-ae95-b458407c554a","\Microsoft Office 2016\Miscellaneous","Show LinkedIn features in Office applications"
"0d1269b6-bfd5-4938-87dd-d9c4fa6b0765","\Microsoft PowerPoint 2016\PowerPoint Options\Security\Trust Center\Protected View","Do not open files in unsafe locations in Protected View"
"7c51c7c0-37fd-4203-9229-6fc5fd49b3fa","\Google\Google Chrome\Content settings","Automatically grant permission to sites to connect all serial ports."
"9fcedae4-be2e-48d9-8b49-2fee6a8052d2","\Google\Google Chrome\Legacy Browser Support","Websites that should never trigger a browser switch."
"9f727c94-70a0-4781-b954-2ccc8a5517a8","\Google\Google Chrome - Default Settings (users can override)","Show Full URLs"
"e9f17a35-5c9e-46d1-bd4e-61ac3133e912","\Microsoft Office 2016\Language Preferences\Editing Languages\Enabled Editing Languages","Finnish"
"3fd854dd-c43c-43d8-9fdf-2b123f109b7d","\Visual Studio\Live Share Settings","Disable shared read write terminal"
"d8c1c2f0-0aaa-4fd8-a159-017bb59d38f3","\Google\Google Chrome - Default Settings (users can override)","Continue running background apps when Google Chrome is closed"
"e2f68613-b852-4721-8ba2-ac845ab68c2f","\Google\Google Chrome\Removed policies","Specify a list of disabled plugins"
"34702ee1-3585-42ab-a7cd-ad4e7bb93cda","\Google\Google Chrome - Default Settings (users can override)\Startup, Home page and New Tab page","Action on startup"
"749e1ab2-8b5a-44ae-958f-71077cc43da9","\Microsoft Outlook 2016\Outlook Social Connector","Block social network contact synchronization"
"98bcff42-14ec-4767-ab63-90ee329d799c","\FSLogix\Profile Containers","Profile Type"
"44d58a37-d001-4f43-b30a-2e8b3d164640","\Microsoft Word 2016\Word Options\Save","Save As Open XML in Compatibility Mode"
"036fe921-abe4-40bb-bc74-513016de03f3","\Microsoft Edge","Search for image enabled"
"7ab30dc1-11a6-4b64-af25-dfe2789f08ef","\Microsoft Word 2016\Word Options\Proofing\AutoFormat as you type\Automatically as you type","Insert closing phrase to match memo style"
"506f63ad-f056-4eaa-ae47-126d8ce338b4","\Microsoft Word 2016\File Tab\Check Accessibility","Stop checking for merged and split cells"
"41f7058f-55bd-4e45-8e55-9c29e4ac9c82","\Microsoft Edge","Disable saving browser history"
"ebb623bf-cfae-4c29-b27b-333be753f5f6","\Microsoft Edge","Set the default ""share additional operating system region"" setting"
"7eb46246-808a-4881-a17f-8b6b557e037b","\Microsoft PowerPoint 2016\PowerPoint Options\Security\Trust Center\Trusted Locations","Trusted Location #11"
"d45b01e8-8d7b-4fce-9651-7cb9508f6588","\Microsoft Project 2016\Project Options\Calculation\Calculation options for 'Project1'","Edits to total task % complete will be spread to the status date"
"3a4ef487-e99e-4e7d-adfa-1137258197aa","\Google\Google Chrome\Default search provider","Default search provider suggest URL"
"eab6af71-6fb4-42d8-851e-4d11f6806c4e","\Google\Google Chrome\Remote access","The maximum size, in bytes, that can be transferred between client and host via clipboard synchronization"
"f3d9cb2a-ff13-43f3-ba64-5ee765e9bd3b","\Microsoft Edge","Secure mode and Certificate-based Digital Signature validation in native PDF reader"
"440bab5b-346f-4683-8139-3028f1678cec","\Microsoft Outlook 2016\Search Folders","Keep Search Folders in Exchange online"
"1358b3c2-10c4-433f-b08b-3c67b8d4c6a3","\Microsoft Excel 2016\Excel Options\Security\Trust Center\Trusted Locations","Trusted Location #2"
"401ef525-83e6-4b82-a3d8-6bc9aead01b5","\Google\Google Chrome","Restrict which Google accounts are allowed to be set as browser primary accounts in Google Chrome"
"0c4ad306-19ac-4b04-9864-9e2cf35c740a","\Google\Google Chrome\Content settings","Default cookies setting"
"ac18ccb7-4c5b-4161-acf0-6ef9d0c2f03a","\Microsoft Office 2016\Present Online","Remove Office Presentation Service from the list of online presentation services in PowerPoint and Word"
"770eb510-cc2f-421a-97c3-36b2ca720bed","\Microsoft Edge","Origin-keyed agent clustering enabled by default"
"6d5c5cc2-b4b2-4113-b270-b2b666d9d1a9","\Microsoft Edge","Configure tab lifecycles"
"74d63093-e205-45bc-ac36-f56e01946058","\MS Security Guide","Block Flash activation in Office documents"
"25247e89-50d5-4515-a1c1-a0ca83d55f71","\Microsoft Edge Update\Applications\Microsoft Edge","Update policy override"
"1dfd340c-7610-47a1-a9da-40a25b084689","\Google\Google Chrome\Native Messaging","Configure native messaging blocklist"
"33bdd3ba-e6cc-438b-8f8e-9fd63a7bf3af","\Microsoft Office 2016\Tools | Options | General | Web Options...\Files","Organize supporting files in a folder"
"2470728f-622d-4881-8eef-b3f750f34544","\Microsoft OneNote 2016\OneNote Options\Editing","Turn off auto calculator"
"87d3ad78-d006-47af-82ee-7211fc7cd6a3","\Microsoft Access 2016\Miscellaneous","Show custom templates tab by default in Access on the Office Start screen and in File | New"
"81eea24d-a4c3-4c6a-bcc2-fdf1de13d0b1","\Microsoft Edge - Default Settings (users can override)\Performance","Efficiency mode enabled"
"847ca348-e06a-4fa7-981d-1b749d4642f9","\Microsoft Excel 2016\Excel Options\Advanced","Allow formatting and labels to track data points"
"2ea944b9-6aa4-474b-8d91-3bf30ac8b79b","\Microsoft Word 2016\Word Options\Security","Warn before printing, saving or sending a file that contains tracked changes or comments"
"b9f62804-b4f9-49e2-a38b-702d6297cd6d","\Microsoft Edge","Restrict exposure of local IP address by WebRTC"
"b50230e3-366b-4156-83b8-b5260764b4af","\Microsoft Edge","Configure enhanced hang detection for Internet Explorer mode"
"7c6286f9-afae-44c4-9eac-25c3744f9668","\Google\Google Chrome\Removed policies","Enable the old web-based signin flow"
"da9c44f4-fac2-44bf-b4b9-b8ef877d92d1","\Microsoft Edge","Intranet Redirection Behavior"
"ac549e92-85a0-4050-9884-275d7b860691","\Microsoft Edge\Identity and sign-in","Switch sites on the IE mode site list to a work profile"
"62c27156-faf8-4777-87fa-ed6ba8038fdd","\Google\Google Chrome\Content settings","Block images on these sites"
"76dc8fb2-de9c-40d5-97eb-444569a54531","\Google\Google Chrome\Removed policies","Enable sending downloads to Google for deep scanning for users enrolled in the Advanced Protection program"
"552b23c3-5bfb-43bc-8de4-167d0bd3b557","\Microsoft Outlook 2016\Outlook Options\Preferences\Calendar Options","End appointments and meetings early"
"df32949c-9954-4462-83af-668c93b38394","\Microsoft OneNote 2016\OneNote Options\Editing","OneNote text prediction"
"64789031-f52a-47d8-b9bd-6cdeae0d20cf","\Microsoft Office 2016\Disable Items in User Interface","Turn off screen clipping"
"a9444833-6553-416b-be3e-013405c04dc0","\FSLogix\ODFC Containers","Include Outlook Personalization"
"e64792a6-57df-4146-a4fd-465f7f885f41","\Microsoft Edge","Enable support for Windows OS routing table rules when making peer to peer connections via WebRTC"
"c2affff5-5290-4b91-847f-783a95dffb9d","\Microsoft Edge","Enable travel assistance"
"2d4936c2-f133-4cfa-b5e2-dcc1babb08c5","\Microsoft Access 2016\Application Settings\Security\Trust Center\Trusted Locations","Trusted Location #9"
"0fa07798-7cde-4b5f-a2a9-83c4840dbace","\Google\Google Chrome\Deprecated policies","Force disable spellcheck languages"
"5a157e3f-c06d-445c-b3d2-575ada2ac9f2","\Microsoft Office 2016\Language Preferences\Editing Languages\Enabled Editing Languages","Thai"
"966ccd24-f3f4-41da-9619-020fae5782d2","\Microsoft Office 2016\Contact Card\Contact Tab","Replace MAPI - IM"
"b367e644-325f-487f-9669-bad566442698","\Microsoft Edge\Identity and sign-in","Switch intranet sites to a work profile"
"92dd50f9-1636-4920-8e23-898b598b6c42","\Google\Google Chrome","Specifies whether WebAssembly modules can be sent cross-origin"
"f864edf3-afdd-4e83-8037-698484f34947","\Microsoft Edge Update\Applications\Microsoft Edge","Rollback to Target version"
"5977abf7-a321-4d45-a518-083a49ee5f44","\Microsoft Office 2016\Miscellaneous","Do not display paths in alerts"
"422d7f15-e79a-4ef1-b013-9d343b44d6d3","\Microsoft Edge\Content settings","Block WebUSB on specific sites"
"ac68084d-79e4-4bd1-984d-43eb26002277","\Microsoft Word 2016\Word Options\Security\Trust Center\File Block Settings","Word 2007 and later documents and templates"
"f0c4321e-11fd-4a19-8ff6-ec2560671fb4","\Microsoft Outlook 2016\Outlook Options\Preferences\Calendar Options\Free/Busy Options","Free/Busy options"
"64bb3389-3a52-4f22-96e4-55872ffaa10e","\Microsoft Word 2016\Miscellaneous","List of managed add-ins"
"342097ba-3591-4c88-9162-fb91530d9270","\Microsoft PowerPoint 2016\Miscellaneous","List of managed add-ins"
"9274623d-3d4b-4767-9811-1c17a6371028","\Microsoft Word 2016\Word Options\Advanced","Custom markup warning"
"a62f11f9-ccdf-4adb-95f2-71ab7415a976","\OneDrive","Warn users who are low on disk space"
"8db47112-a1a9-40c5-a960-0de31875e083","\Microsoft Edge","Control the IntensiveWakeUpThrottling feature"
"7afd9dc0-553d-4525-b459-c030e06db19a","\Google\Google Chrome","Abusive Experience Intervention Enforce"
"567d9697-cb98-4891-b3e8-130000be873c","\Microsoft Edge - Default Settings (users can override)","Enable resolution of navigation errors using a web service"
"32122a04-8766-47ce-96d8-5cd0b2b94a7c","\Microsoft Project 2016\Project Options\Schedule\Scheduling options for 'Project1'","New tasks"
"75639dfa-fddc-44d5-9010-4aa45547acd9","\Google\Google Chrome\Default search provider","Default search provider icon"
"91b01060-66e7-4c97-9d6b-d9660f4b97e0","\Google\Google Chrome","Allow the audio process to run with priority above normal on Windows"
"8a6d9e3e-d71d-4479-8a7a-5cb9d8ccac29","\Microsoft Office 2016\Language Preferences\Editing Languages\Enabled Editing Languages","English (Australia)"
"d32158dd-53ce-483f-9b07-a074f413faa0","\Microsoft Project 2016\Project Options\Interface\Show indicators and Option butons for","Edits to start and finish dates"
"df674820-ebc3-41fb-84b2-7d991cba9f5c","\Microsoft Edge","Allow managed extensions to use the Enterprise Hardware Platform API"
"20233688-ff27-4f23-9c99-36020ad6e4f3","\Microsoft Edge","Enables default browser settings campaigns"
"26070e27-d617-4e7d-b9fb-e9c9dfa868ea","\Microsoft Visio 2016\Visio Options\Security\Trust Center","Disable Trust Bar Notification for unsigned application add-ins and block them"
"d6eec3d5-d8fa-44f9-bd48-84fc3bf247b4","\Microsoft Excel 2016\Excel Options\Advanced","Show Formula bar in Full View"
"bdcc019d-8529-4b83-b844-7f75030397c9","\Microsoft Edge\Performance","Configure when efficiency mode should become active"
"e8f28595-3f64-44de-b7ff-9497d9179c63","\Microsoft Edge\Performance","Configure when efficiency mode should become active"
"7f375e76-f7eb-4c64-8f0c-2dfea63fdf0e","\Microsoft Office 2016\Security Settings\Escrow Certificates","Escrow Key #14"
"5925ff22-516c-44ea-b6bd-bb32c69e0d70","\Google\Google Chrome","Force minimum YouTube Restricted Mode"
"b30494b4-1e8f-4e22-82a3-d4ee3f70c102","\Microsoft PowerPoint 2016\PowerPoint Options\Security\Trust Center\File Block Settings","PowerPoint beta converters"
"9ba24a98-2de0-43b4-b115-8ee4af1cf6ac","\Microsoft Project 2016\Project Options\Schedule\Scheduling options for 'Project1'","Tasks can be made inactive"
"f5c13638-7b08-40df-941b-632fdea52b5a","\Microsoft Edge - Default Settings (users can override)\Startup, home page and new tab page","Configure the new tab page URL"
"1e55b3b2-28c6-48ac-b75c-c56345ca8654","\Microsoft Edge","Allow or block audio capture"
"d99b3782-a377-4e13-bec9-40bb1b732854","\Microsoft Edge - Default Settings (users can override)","Allow unconfigured sites to be reloaded in Internet Explorer mode"
"580e8814-b020-4744-93ad-82e8d7c23138","\Microsoft Outlook 2016\Outlook Options\Other","Do not display the reading pane"
"6fb15785-f594-4bf9-8d32-af1ed11dbdb7","\Microsoft Office 2016\Security Settings\Escrow Certificates","Escrow Key #10"
"3f05878f-df03-4648-a88c-ae97c2497233","\Google\Google Chrome\Other","Prompt for the client certificate when multiple certificates match."
"167b35d9-9b8c-456b-a268-0ae3a9d12d7b","\Google\Google Chrome","Enable warnings for insecure forms"
"8b19091b-7f0a-45de-b957-f68bd121b62d","\Google\Google Chrome","Enable security warnings for command-line flags"
"39d95d14-6fd1-4ad3-acea-ecb4c956bc06","\Microsoft Edge","Configure the list of domains for which enhance security mode will not be enforced"
"c6d626a5-4250-428c-a13d-35a5d72c8c7c","\Google\Google Chrome\Removed policies","Enable creation of supervised users"
"52b3bbb6-0ab8-44bb-aabf-357efbf0114d","\Microsoft Edge\Proxy server","Proxy settings"
"47c6bf85-47c3-4205-ade6-104f052b75ed","\Microsoft Excel 2016\File tab\Check Accessibility","Stop checking to ensure hyperlink text is meaningful"
"fee83edd-3753-4a26-b614-6035c2986db2","\Microsoft Office 2016\Language Preferences\Editing Languages\Enabled Editing Languages","Faeroese"
"2b1070ad-d0bf-4682-893a-d9241d0601f0","\Microsoft PowerPoint 2016\Disable Items in User Interface\Custom","Disable commands"
"9a9ec1dd-39e7-4280-a6a0-206d4bb4e49d","\Microsoft Edge\Content settings","Control use of the WebUSB API"
"c1770bf7-9058-4184-b9ec-dc5b74cabe53","\Microsoft Office 2016\Readiness Toolkit","Allow add-in usage data to be generated and collected by the Readiness Toolkit"
"c61d0784-107f-4c62-8a49-117d9dd2428b","\Microsoft Outlook 2016\Account Settings\Exchange","Allow Outlook Autodiscover to interact with Office Config Service"
"654418f4-1cb1-4bb7-9f49-3a79c74757e5","\Microsoft Edge\Cast","Enable Google Cast"
"7cd0c50e-d1b1-46f6-b7a5-977a0cff24f6","\Microsoft Edge\Content settings","Allow the Adobe Flash plug-in on specific sites (obsolete)"
"43e7d226-1aea-43be-92cb-77b33e9eaacc","\Google\Google Chrome","Hide the web store from the New Tab Page and app launcher"
"c4cd9156-597c-4682-b97a-c20dee8e9cfc","\Microsoft Edge","Set WPAD optimization"
"9656c573-ed91-4b6b-8fb1-e5c87755b3bb","\Microsoft Edge","Allow users to bypass Enhanced Security Mode"
"05c144ee-d5c6-4acf-9e87-c053777aecb4","\Microsoft Word 2016\Word Options\Advanced","Use CTRL + Click to follow hyperlinks"
"445cac70-d5fe-4e0e-b23e-24f9b1623038","\Microsoft Edge\Content settings","Control use of the File System API for writing"
"ec209639-84a3-40e6-a71e-e52a317d9ad8","\Microsoft Edge\Performance","Performance Detector Enabled"
"74c54c58-9bea-47e7-af08-8c270add7cc6","\Google\Google Chrome\Printing","Use System Default Printer as Default"
"4cd843e3-2622-4720-92b9-ec4749a7c8f3","\Google\Google Chrome\Remote access","Enable or disable PIN-less authentication for remote access hosts"
"b064835d-5c35-43c5-a1a3-d95811f44090","\Microsoft Edge\Content settings","Allow write access to files and directories on these sites"
"2ec65534-3ee3-4dab-a162-f8612a982819","\Microsoft Edge","Allow media autoplay on specific sites"
"2f6d45f9-e534-4525-a866-25543daaa3de","\Google\Google Chrome\Deprecated policies","Configure native messaging blocklist"
"ebdffd97-53fe-402d-9c15-785590f407cb","\Google\Google Chrome","Set the time period for update notifications"
"f1b8b7df-2993-4936-8443-e13f5693cb03","\Microsoft Outlook 2016\Miscellaneous\PST Settings","Legacy PST: Size to disable adding new content"
"64fed065-c3e1-48da-a09e-f15d916d7909","\Microsoft Outlook 2016\Security\Cryptography","Use UserIssuerSerialNumber"
"efedacde-1820-4331-b39c-9a455b8d2712","\Microsoft Edge\Private Network Request Settings","Specifies whether to allow websites to make requests to any network endpoint in an insecure manner."
"ee0fb68d-7cce-4265-b40a-857a6d6677fc","\Windows Components\Remote Desktop Services\Remote Desktop Session Host\Azure Virtual Desktop","Enable watermarking"
"0c20e80a-28dc-416b-9efb-a4cdc66efff8","\Google\Google Chrome\Printing","Print Rasterize PDF DPI"
"0e45571b-3bed-4652-8d1f-a4f7093d266c","\Microsoft Word 2016\Word Options\Security","Turn off IRM protection on XPS Export for Word"
"10336af6-ea47-466e-89c8-ed8fffa05685","\Google\Google Chrome","URLs for which local IPs are exposed in WebRTC ICE candidates"
"3f66a30c-5e02-4821-bee0-dbde3ab776ff","\Microsoft OneNote 2016\OneNote Options\Other","Turn off OneNote auto-linked note taking"
"46070086-6053-409c-a58b-e7c36f72a440","\Microsoft Office 2016\Tools | Options | General | Web Options...\Files","Update links on save"
"19430f2b-bf66-4a79-8fc9-d165de45f33a","\FSLogix\Profile Containers\Cloud Cache","Healthy Providers Required For Register"
"e6095e72-8322-4a93-a77c-1339d293fb4b","\Microsoft Access 2016\Application Settings\Security\Trust Center\Trusted Locations","Trusted Location #4"
"e9022480-6579-424b-9dcf-0fdb3b5f3c7a","\Microsoft Edge","Allows users to edit favorites"
"a70f2f44-532e-402a-b85a-29be45a71782","\Microsoft Edge","Show context menu to open a file:// link in Internet Explorer mode"
"739b28e7-d1fc-4c61-b370-ac027a491328","\Microsoft Edge","Configure automatic sign in with an Active Directory domain account when there is no Azure AD domain account"
"126a4f1c-2528-4a47-9183-9aef6e36b976","\Microsoft Edge - Default Settings (users can override)","Continue running background apps after Microsoft Edge closes"
"eb8f10d7-7ea7-4f9c-905d-36dce9767730","\Google\Google Chrome\Deprecated policies","Configure native messaging whitelist"
"721a9bef-ff27-441b-91c6-b96f2a430b79","\Microsoft PowerPoint 2016\PowerPoint Options\General","Don’t allow Summary Zoom, Slide Zoom, and Section Zoom in a PowerPoint presentation"
"4b116659-ba2e-4f14-9245-9b98d85c9169","\Microsoft Office 2016\Security Settings\Escrow Certificates","Escrow Key #15"
"dbc5432a-3765-4bbf-a87b-d84860b75490","\Microsoft Excel 2016\Excel Options\Advanced","Cursor movement"
"526b8ab3-6310-409d-a591-0caef9d7a6a2","\Microsoft Edge - Default Settings (users can override)\Sleeping tabs settings","Configure auto discard sleeping tabs"
"3a2c1db4-2b9f-4b7c-8a20-8b1e0616f7da","\Microsoft Edge","Force synchronization of browser data and do not show the sync consent prompt"
"a9f1a683-305d-4f9e-93a3-112a8d2c6f6c","\Microsoft Office 2016\Security Settings","Block additional file extensions for OLE embedding"
"ae5c7f03-21cb-418b-9240-b7b27c00eebf","\Microsoft Edge - Default Settings (users can override)","Allow your organization's logo from Microsoft Entra to be overlaid on the Microsoft Edge app icon of a work profile"
"c83c738f-b831-49d8-bdc3-cde5a69a4ae9","\Microsoft Office 2016\Language Preferences\Editing Languages\Enabled Editing Languages","English (Trinidad and Tobago)"
"200f45a0-85a7-431e-99be-922f667a44f1","\Google\Google Chrome\Printing","Print PostScript Mode"
"df9438cb-eddb-4316-a20a-49a78cb422ea","\Microsoft Edge\Content settings","Allow multiple automatic downloads in quick succession on specific sites"
"87226afb-ec1f-4a5b-9ca3-69ad259d6cb9","\Microsoft Edge - Default Settings (users can override)","Enable travel assistance"
"df32ff21-1937-4750-b802-c550a82198fe","\Microsoft Edge","Enable using roaming copies for Microsoft Edge profile data"
"6374155a-c91f-4a3b-889e-52ea6cc1a31d","\Microsoft Office 2016\Security Settings","Set password rules domain timeout"
"353cebc0-8521-4ca8-a0ae-f9a8d536a01d","\Google\Google Chrome","Enable the creation of roaming copies for Google Chrome profile data"
"e8d562aa-1bbc-4257-adc3-37d8c1e0c142","\Microsoft Edge WebView2\Loader Override Settings","Configure the WebView2 release channel search kind"
"303b1ab3-c2ae-41fc-aa5e-25615130f4bf","\Microsoft Edge","Enhanced Security Mode configuration for Intranet zone sites"
"69cbd326-d53a-4b44-ae39-77463efe1120","\Google\Google Chrome\Legacy Browser Support","Websites that should never trigger a browser switch."
"42178b03-3efc-449f-808e-44718b8cafa0","\FSLogix\Logging","Rule Editor"
"bde0378c-efaa-4597-b223-60d9f430c448","\Microsoft OneNote 2016\OneNote Options\Other","Load a notebook on first boot"
"c540c320-d8bf-493e-918a-bfef8effae63","\Microsoft Office 2016\Miscellaneous\Workflow Cache","Workflow Cache 15"
"9e236f98-35d9-4127-9b97-3ad221086fb0","\Microsoft Office 2016\Privacy\Trust Center","Allow users to include log files and relevant content samples when feedback is submitted to Microsoft"
"e8cb5f3d-1936-449e-a9ac-e7b8fb27040d","\Google\Google Chrome","Allow Google Lens region search menu item to be shown in context menu if supported."
"1df63b00-974c-4a81-81ce-ed6409cd0dfe","\Microsoft Project 2016\Project Options\Calculation\Calculation options for 'Project1'","Edits to total actual cost will be spread to the status date"
"24396531-3e77-425a-95d3-2fe395b6d2b1","\Microsoft Excel 2016\Excel Options\Security\Trust Center\Trusted Locations","Trusted Location #13"
"ad808bfa-ef7a-4f5b-a880-23df08848487","\Microsoft Edge","Allow users to proceed from the HTTPS warning page for specific origins"
"c1db1e03-593e-470a-a380-18df7d524cf8","\Google\Google Chrome","URLs where AutoOpenFileTypes can apply"
"f9170f86-6e82-49cd-8f71-ae21dca0a660","\Microsoft Edge","Control Copilot access to browser context for Microsoft Entra ID profiles"
"12755d0d-49ae-409a-ab63-d952d0a59925","\Microsoft OneNote 2016\OneNote Options\E-mail","Attach embedded files to the email message as separate files"
"005bf2a4-77ff-4637-804f-3210469f6ee7","\Microsoft Outlook 2016\Outlook Options\Preferences\Search Options","Do not display hit highlights in search results"
"6c64c67e-0506-4531-a0a3-7d7ea3ab6193","\Microsoft Edge","Allow users to configure Site safety services"
"d709bdbf-2286-4cfa-8de7-c729dc7faeea","\Microsoft Edge\Performance","Configure when efficiency mode should become active"
"1c2f7164-36dd-40f4-ab35-f778f04994c0","\Microsoft Office 2016\Language Preferences\Editing Languages\Enabled Editing Languages","Urdu"
"18a52a57-bbc1-4f18-925d-5879188b7ee3","\Microsoft Edge - Default Settings (users can override)\Sleeping tabs settings","Set the background tab inactivity timeout for sleeping tabs"
"39147fa2-6c5e-437b-8264-19b50b891709","\OneDrive","Silently move Windows known folders to OneDrive"
"79b4bd1e-3e60-4415-b60d-4532bb2f48e5","\Microsoft Visio 2016\Visio Options\Save","Turn off CAD/DWG functionality"
"f1a5cc22-f1c1-42eb-9b69-22980c9aa5fb","\Microsoft Edge WebView2\Loader Override Settings","Configure the location of the browser executable folder"
"1af1773c-84e1-4989-9a46-9489ff32f302","\Microsoft Office 2016\Security Settings\Trust Center","Trusted Location #18"
"76bece3c-cd32-4df9-912f-828f4db7db9a","\Google\Google Chrome\Printing","Enable submission of documents to Google Cloud Print"
"609f16ca-10e5-4074-8ca4-2f54b4cb5419","\Microsoft Edge","Manage QuickView Office files capability in Microsoft Edge"
"22d9e75d-a75d-431d-855a-4dab790ebd53","\Google\Google Chrome\Remote access","Enable the use of relay servers by the remote access host"
"8cf05d4f-21a1-42a9-a33f-0e926e6efed8","\Google\Google Chrome\Deprecated policies","Force SafeSearch"
"992478a0-5308-4634-b020-6f05b327d698","\Google\Google Chrome","Configure the color of the browser's theme"
"0a3c9dba-b636-44b0-a3bb-020dba9ca272","\Microsoft Edge","Specify the number of days that a site remains on the local IE mode site list"
"940b3c31-f0ce-4b90-972e-45f1920cda7e","\Microsoft Excel 2016\Excel Options\Security\Trust Center","Disable all application add-ins"
"258dadd1-7379-4d5a-97fe-bb52fb9a9a0e","\Microsoft Excel 2016\Miscellaneous","Block all unmanaged add-ins"
"195d8261-15bd-4fd3-bf4a-1d0189783d98","\Microsoft Excel 2016\Excel Options\Save","Suppress file format compatibility dialog box for OpenDocument Spreadsheet format"
"83304f8d-18f2-4d10-9b7b-8e009c15cf6b","\Microsoft Edge","Configure whether Microsoft Edge should automatically select a certificate when there are multiple certificate matches for a site configured with ""AutoSelectCertificateForUrls"""
"de6d2523-e812-4863-9c02-19f25e7c1a80","\Microsoft Access 2016\Disable Items in User Interface\Predefined","Disable shortcut keys"
"fd5c640b-59b3-47ac-aeb9-6b25f83e3d81","\Microsoft Word 2016\Word Options\Security\Trust Center\Trusted Locations","Trusted Location #16"
"0fc26850-ab75-4743-87bb-fca8fb1a006f","\Microsoft Edge - Default Settings (users can override)","Allow users to access the Outlook menu"
"c88cf374-b100-4b50-8207-d1c4bd00cc60","\Microsoft Outlook 2016\Account Settings\Exchange","Do not allow an OST file to be created"
"4c6359e6-b202-401c-8275-04adf86b06a5","\Microsoft OneNote 2016\OneNote Options\Other","Disable OneNote screen clipping notifications"
"83aab823-7a1a-4a99-b54b-1df3b6d2972f","\Microsoft PowerPoint 2016\File Tab\Check Accessibility","Stop checking for table alt text accessibility information"
"0af29424-1d9a-4e74-8cbe-75d329e92d07","\Microsoft Edge\Extensions","Blocks external extensions from being installed"
"58828dc9-abf7-4754-b0b3-f62381f3e3eb","\Microsoft Office 2016\Language Preferences\Editing Languages\Enabled Editing Languages","Arabic (U.A.E.)"
"9b2d190d-66e1-4b7a-81ed-fd184ef3a370","\Google\Google Chrome\Printing","Disable Print Preview"
"4be676a9-2dfe-4f4d-a937-0674236fb322","\Microsoft Office 2016\Language Preferences\Editing Languages\Enabled Editing Languages","Fulfulde"
"1160f84e-3ffe-4a87-9859-f61cf8dacf86","\Google\Google Chrome\Deprecated policies","Proxy bypass rules"
"db4d6657-e2f4-4b57-8b87-9b81b9a20320","\Google\Google Chrome","Suppress lookalike domain warnings on domains"
"927ea119-c418-4104-821b-6ad17b712329","\Microsoft Edge","Enable the Designer for Image Editor feature"
"1517caad-7f9b-4906-89be-99336de00e60","\Google\Google Chrome\Deprecated policies","Authentication server whitelist"
"8bf9c7d7-63a0-46da-8622-bbbe21ab9612","\Google\Google Chrome","Do not set window.opener for links targeting _blank"
"a758d6bc-d082-4308-a171-a6370e1a6365","\Microsoft Outlook 2016\Outlook Options\Preferences\Calendar Options\Office.com Sharing Service","Restrict level of calendar details users can publish"
"a2353d49-84cc-4f1b-b5e0-58227bdb2fc8","\Microsoft OneNote 2016\OneNote Options\Versions and Recyle Bin","Days back to keep in version history"
"47b6f758-ecf7-45db-8cd6-4482dfc844be","\Microsoft Office 2016\Global Options\Customize","Show shortcut keys in ScreenTips"
"130540c9-e988-4da5-9a4c-0dd19fd45888","\Microsoft Word 2016\File Tab\Check Accessibility","Stop checking to ensure hyperlink text extension is meaningful if they include extensions"
"a5c7e617-aab0-453d-9012-e3fecdd80758","\Microsoft Word 2016\Word Options\Security\Trust Center","Require that application add-ins are signed by Trusted Publisher"
"9b5ba872-74e8-4ec5-86c9-054909625654","\Microsoft Edge\Manageability","Microsoft Edge management enabled"
"04e92b8d-5575-4af2-9dcf-3814dea70ee4","\Microsoft Excel 2016\Excel Options\Security\Trust Center","Prevent Excel from running XLM macros"
"3af19977-82a6-4f91-b3be-8e1ceab38148","\Google\Google Chrome\Deprecated policies","Default mediastream setting"
"92181f13-0168-4c8a-8a22-66327b569159","\FSLogix\Profile Containers","VHD Locations"
"71d2db1f-fed6-41d0-8c85-95dddbb1b835","\Microsoft Word 2016\Word Options\Security\Trust Center\Trusted Locations","Allow Trusted Locations on the network"
"ad7a049f-0f86-4ee0-9dcc-ac0d39559670","\Microsoft Edge","Controls whether unload event handlers can be disabled."
"5f6bc4b8-1ece-44c6-87c8-e728bd9e0636","\Microsoft Excel 2016\Data Recovery","Do not show data extraction options when opening corrupt workbooks"
"5d049a54-3a14-4654-a825-146890ec55d3","\Microsoft Edge","Extend Adobe Flash content setting to all content (obsolete)"
"491873b5-f9a8-4af3-94be-45376147c95b","\Microsoft Word 2016\Word Options\Advanced","Show measurements in width of characters"
"38c54ffe-b999-43bd-bc9f-a2fd09137ada","\Microsoft Edge - Default Settings (users can override)","Edge Wallet E-Tree Enabled"
"015a2cc0-0f1a-4fa4-9b7b-1d9c44dee3ba","\Microsoft Word 2016\Word Options\Proofing\AutoFormat as you type\Apply as you type","Closing style to letter closings"
"729deeca-c4ca-4ea8-ad98-5818462dde70","\Microsoft Edge\Startup, home page and new tab page","Configure the background types allowed for the new tab page layout"
"dba5f9b3-e959-4c1f-b084-bb564a47623f","\Microsoft Office 2016\Subscription Activation","Do not show ""Manage Account"" link for subscription licenses."
"970e283d-e50a-4a0f-bb3c-10be6b10fa37","\Microsoft Edge - Default Settings (users can override)\Startup, home page and new tab page","Action to take on Microsoft Edge startup"
"800f64f0-d572-4d95-8d96-74b3aabef269","\Microsoft Visio 2016\Visio Options\Security\Trust Center\File Block Settings","Visio 5.0 or earlier Binary Drawings, Templates and Stencils"
"a51e1f60-3321-4890-b4c3-0ecf5bb4da74","\Microsoft Edge","Manage Search Engines"
"1da4ce77-023b-478b-a6fc-67136a4a2dc7","\Microsoft Office 2016\Language Preferences\Editing Languages\Enabled Editing Languages","Wolof"
"6592eb55-c7df-4be7-a529-f21109b46731","\Microsoft Outlook 2016\Outlook Options","Internet and network paths into hyperlinks"
"0307835f-13af-4425-8638-e9fbadddec2a","\Microsoft Word 2016\Collaboration Settings\Co-authoring","Prevent co-authoring on files with macros for Word"
"6072c983-6b61-40c8-b631-97ad73e2d956","\Microsoft Outlook 2016\Account Settings\Exchange","Turn off Hierarchical Address Book search"
"d86e3e84-6544-48ad-89be-4f32dee1762c","\Google\Google Chrome","Enable the Click to Call Feature"
"1833daf9-47ac-4858-805e-e04210231a95","\Microsoft Office 2016\Shared paths","User templates path"
"a249c7bc-f7ad-438b-99e6-7ed630d0b3d5","\Microsoft Outlook 2016\Miscellaneous\PST Settings","Upgrade only the default store"
"a5b0cf6a-7f5e-4cf1-8450-f497a567eb6a","\Microsoft Visio 2016\Miscellaneous","List of managed add-ins"
"174e84df-5c01-4855-bbf6-a25896923b14","\Microsoft Edge","Manage opt-out user experience for Enhanced Security Mode (ESM) in Microsoft Edge"
"bb350457-7cea-4c48-b07a-2e5b7d9974fd","\Google\Google Chrome","Enable ending processes in Task Manager"
"8904a467-1f28-4144-bc6c-6b6cdca7f236","\Microsoft Outlook 2016\Disable Items in User Interface\Predefined","Disable Quick Steps Gallery"
"f2ac971b-e0bf-46b0-bf45-72715e8d9f5e","\Microsoft Excel 2016\Excel Options\Save","Default file format"
"87e79b4b-3a62-4633-a02e-de449c93a576","\Microsoft Office 2016\Contact Card","Display legacy GAL dialog"
"153bf4df-0533-430e-91bf-540dd9bbc5ad","\Google\Google Chrome","Block access to a list of URLs"
"8fbc124d-e3aa-4176-9a62-44843defc02e","\Google\Google Chrome","Enable Site Isolation for specified origins"
"7cec133d-5c40-40a1-9d48-86a7259d0640","\Microsoft Office 2016\Collaboration Settings\Default message text for a review request...","With a simple Web discussions link"
"41b08cb3-2542-409e-ac48-0c06b30bce7a","\Google\Google Chrome - Default Settings (users can override)\Default search provider","Default search provider icon"
"53b5fe96-ca02-4c44-ab18-77311968715d","\Microsoft Edge\Content settings","Block pop-up windows on specific sites"
"d71ecea6-a17a-483b-8c75-3f6cfca1fd6f","\FSLogix\Logging","Services"
"a938e3de-cedb-447b-8601-a49c225c9a28","\Microsoft Edge WebView2","Controls whether unload event handlers can be disabled."
"2cefe33e-f9f8-437f-9977-51ca0d3cce22","\Microsoft Edge - Default Settings (users can override)\Printing","Print headers and footers"
"4444e90f-c67f-42b5-a503-c72e9ad5d08c","\Microsoft Project 2016\Project Options\Schedule\Scheduling options for 'Project1'","Set new tasks to be automatically scheduled"
"bf7d876a-66f1-4154-a9a6-0964eed1c292","\Microsoft Edge","Live captions allowed"
"436312e3-81cb-456b-8379-a78a1b039fe5","\Microsoft Edge","Compose is enabled for writing on the web"
"b1ca023b-9476-4cc5-90d7-5305eab3a0a5","\Microsoft Office 2016\Security Settings\Trust Center\Protected View","Unsafe Location #6"
"256deec7-67ea-4792-9eaa-48ce2b51cb16","\Microsoft Edge","Enable Translate"
"5b5332f7-1d08-4463-a275-4aa1782d55ed","\Google\Google Chrome\Default search provider","Default search provider search URL"
"f2e2646e-83c4-4a98-91a0-029ec8d94b10","\Microsoft Edge WebView2","Allows enabling the feature NewBaseUrlInheritanceBehavior"
"429cf091-ec25-4d2c-8936-e16ee97949b2","\Microsoft Office 2016\Collaboration Settings","Default subject for a review request"
"3fab0206-5eb2-4ccf-bd57-3e408ff9ced9","\Microsoft Project 2016\Project Options\Security\Trust Center","Trusted Location #4"
"33accfa7-2113-4427-aa95-9ec6b334f9be","\Visual Studio\Feedback Settings","Disables send-a-smile's screenshot capability"
"ce282a68-d6a8-4730-a65a-eb32a24199e3","\Google\Google Chrome\Content settings","Allow cookies on these sites"
"8ee58cbd-d16e-4f9b-b09e-3da21e9f6d61","\Microsoft Outlook 2016\Security\Security Form Settings\Attachment Security","Display Level 1 attachments"
"f8fddb83-7681-4b33-aa9c-1f484378b908","\Microsoft Edge","Block access to sensors on specific sites"
"b523a194-64b9-44ef-ba35-77b498fa6bb5","\Microsoft Outlook 2016\Security\Security Form Settings\Attachment Security","Remove file extensions blocked as Level 2"
"9f086029-9d7e-4041-9340-384b20c09696","\Microsoft Visio 2016\Visio Options\Advanced\Display","Text"
"cfac8d21-bb03-41c8-ba06-bd530fea0c60","\Microsoft Visio 2016\Visio Options\Security\Trust Center","Trusted Location #18"
"b61fb274-43d4-40b7-b9cf-a6a2f752aa15","\Microsoft PowerPoint 2016\File Tab\Check Accessibility","Stop checking for merged and split cells"
"f4cf1405-e489-456b-b298-0d086bec9646","\Microsoft Outlook 2016\Outlook Options\Preferences\E-mail Options\Advanced E-mail Options","Disable AutoPreview"
"7c03dd7e-4263-4937-94d5-7a8dfda7176a","\Microsoft Edge\Immersive Reader settings","Enable Picture Dictionary feature within Immersive Reader in Microsoft Edge"
"0cc98815-2ef6-4652-9354-560f7181a741","\Google\Google Chrome - Default Settings (users can override)\Default search provider","Default search provider keyword"
"35f5445d-1a02-4d41-8c4d-3bf427e61657","\Google\Google Chrome\Default search provider","Default search provider new tab page URL"
"11873356-4d96-48f7-881a-aba45e4cbd9d","\Microsoft Word 2016\Word Options\Security\Trust Center\Trusted Locations","Trusted Location #6"
"625a4d96-d6f0-4f51-b824-0765c665948f","\Microsoft PowerPoint 2016\Disable Items in User Interface\Predefined","Hide built in table styles"
"d862a525-7cea-4c2e-ace0-188eed6a64b1","\Google\Google Chrome\Remote access","Configure the required domain names for remote access hosts"
"2cd1912d-fbca-4761-a648-b4bfe4818841","\Microsoft Outlook 2016\Outlook Options\Other","Empty the Deleted Items folder when Outlook closes"
"d52dd05d-2bfd-4e12-ba81-a0a166178faa","\Microsoft Edge","Allow Save page as in Internet Explorer mode"
"b721d458-ca58-409f-89d0-3c42d9150d85","\Microsoft Visio 2016\Visio Options\Security\Trust Center","Set maximum number of trusted documents"
"1ea89b88-ec89-4b03-b1a9-68a61eb3f3f7","\FSLogix\Profile Containers","Delete Local Profile When VHD Should Apply"
"3368fc20-2508-4977-8119-db3e1d13f8bd","\Microsoft Project 2016\Project Options\Calculation\Calculation options for 'Project1'","Updating task status updates resource status"
"ee715c92-6890-42c7-8413-f68ad0067dac","\Microsoft Office 2016\Language Preferences\Editing Languages\Enabled Editing Languages","Georgian"
"8b581d46-416b-43bb-a27b-65ac107815ba","\Microsoft Office 2016\Improved Error Reporting","Stop reporting error messages"
"c544c4a7-b6a8-438d-90b6-897cf744ad0a","\FSLogix\Profile Containers","SID Directory SDDL"
"30dd4d8f-3541-4be4-9091-e13771c3406a","\Microsoft Edge","Specify custom help link"
"933524c3-5ab4-4831-bb8a-b68fba159108","\Microsoft Word 2016\Word Options\Display","Spaces"
"819c5c5d-cc84-45bc-9a4c-f462a0cd6621","\Microsoft PowerPoint 2016\File Tab\Check Accessibility","Stop checking for text color contrast"
"8abdd414-32c3-43e1-afb0-e36a67328fcc","\Windows Subsystem For Linux","Allow the debug shell"
"17f9293f-0c87-4b64-bb8d-5d8e462ae206","\Microsoft OneNote 2016\OneNote Options\Other","Multiplier for background sync interval for notebooks stored on SharePoint"
"8c646680-51cf-4323-9123-e8cc97bfca82","\Microsoft Outlook 2016\Outlook Options\Other\Advanced","Use Unicode format when dragging e-mail message to file system"
"283acb75-644a-4abe-8dcf-bdf7b344cc9f","\Microsoft Edge\Content settings","Allow cookies on specific sites"
"71e88b2d-6574-4709-87b2-c32de84afcf3","\Microsoft Office 2016\Signing","Set default image directory"
"94067d4e-de3a-4cf0-8dc9-177e8669c13f","\Microsoft Office 2016\Security Settings","Check OLE objects"
"4016fbb5-7900-4cf1-9da1-af2aa87a7694","\Microsoft Office 2016\Graph settings","Allow Map Charts to send geographic data to Bing"
"dee95207-c06e-4b5e-b1b7-295af634784a","\Microsoft Edge","Allow Microsoft Edge to block navigations to external protocols in a sandboxed iframe"
"13827b17-7cb4-435b-82c7-c9d52814dbcd","\Microsoft Edge - Default Settings (users can override)","Wallet Donation Enabled"
"414be989-6fdf-4f9c-a3f5-33c01017f21a","\Microsoft Edge","Configure whether a user always has a default profile automatically signed in with their work or school account"
"24b3889d-fc89-4321-a6aa-e216f05f2e6c","\Microsoft Edge","Extend Adobe Flash content setting to all content (obsolete)"
"c3e8e927-0a55-4036-8e63-fd864c432347","\Microsoft Edge","Define a list of protocols that can launch an external application from listed origins without prompting the user"
"fb537653-5f17-4902-8f5a-9ef1fbbe5ad0","\Microsoft Edge - Default Settings (users can override)\TyposquattingChecker settings","Configure Edge TyposquattingChecker"
"3bc6a6ec-9efb-42b7-b1e7-7ae4aa6318c9","\Microsoft Word 2016\File Tab\Check Accessibility","Stop checking whether blank characters are used for formatting"
"3f1866e0-c74a-4105-a13d-5cb0d7ac1595","\Google\Google Chrome","Enables the concept of policy atomic groups"
"670ed8e1-25f4-4c24-b9ea-04b861a4566f","\Microsoft Edge","Enable AutoFill for payment instruments"
"ab02aa51-3cab-45b9-9a40-dd52d49341af","\Google\Google Chrome\Content settings","Block JavaScript on these sites"
"938747eb-fda6-4f2d-9d63-1ed14f912ba5","\Google\Google Chrome\Content settings","Block JavaScript from using JIT on these sites"
"6965d72f-5ee2-4fe5-90d1-ffbb0d51e429","\Microsoft Office 2016\Security Settings\Digital Signatures","Set signature verification level"
"c9aa8a4e-437e-4697-aece-f702c76f525b","\Microsoft Word 2016\Word Options\Proofing\AutoFormat as you type\Replace as you type","Ordinals (1st) with superscript"
"08c17db3-fded-4985-ae96-d7c534732677","\Microsoft Edge\Application Guard settings","Ignore Application Guard site list configuration and browse Edge normally"
"d2514b82-0147-4efb-ad17-ebd261a1a201","\Microsoft PowerPoint 2016\PowerPoint Options\Security\Trust Center\File Block Settings","PowerPoint 97-2003 presentations, shows, templates and add-in files"
"2b5b00d8-422c-43f8-bd44-d11d75bb3fad","\Google\Google Chrome\Removed policies","Allows the AppCache feature to be re-enabled even if it is off by default."
"8de2092b-6cdd-460f-bb39-751443b3e9c5","\Google\Google Chrome","Allow media autoplay"
"fa015448-98f3-4ed9-839f-13729fbcde20","\Microsoft Outlook 2016\Outlook Options\Other","Sort folders alphabetically"
"915cdbd5-63d0-46a5-b235-f4b7186aa4f0","\Microsoft Project 2016\Project Options\Edit\Edit options for Microsoft Project","Move selection after enter"
"5ef83a93-c7d0-4455-a313-6eac502d49fa","\Microsoft Edge - Default Settings (users can override)\Startup, home page and new tab page","Action to take on startup"
"d535cc81-f71a-4d1b-a87d-0c49387d6a03","\Microsoft Edge","Configure the pixel adjustment between window.open widths sourced from IE mode pages vs. Edge mode pages"
"3d496116-da02-4cfd-8c7c-54eed0612670","\Microsoft Outlook 2016\Account Settings\RSS Feeds","Override published sync interval"
"1695ecc6-5c93-4d12-92c7-4a0ba3724561","\FSLogix\Logging","Network"
"4382071a-c6a7-4ef9-b784-8147bc95916f","\Microsoft Edge","Allow importing of startup page settings"
"c5f66e3a-bb4d-4855-806d-6856d7f61a94","\Microsoft Edge","Block clipboard use on specific sites"
"785ccd7e-51f8-4aec-9a29-95a63cfa75f5","\Microsoft OneNote 2016\OneNote Options\Other","Embedded File Size Limit"
"9e3f9217-2dfa-4a90-8152-86afdf623849","\Google\Google Chrome - Default Settings (users can override)","Enable reporting of usage and crash-related data"
"2853367a-c79d-4554-9cbd-2c427188ee1e","\Microsoft Office 2016\Language Preferences\Editing Languages\Enabled Editing Languages","Bulgarian"
"08e48eeb-5778-4961-8e2e-c66af2d78305","\Microsoft Word 2016\Word Options\Advanced","Set the minimum zoom level for expand / collapse on-object UI"
"a9c3ca11-5567-43b6-9e33-d0e05ac58c22","\Microsoft Edge","Web Select Enabled (obsolete)"
"b478066d-87d2-42f1-a5ad-e2db315f03b1","\Google\Google Chrome\Removed policies","Enable 3DES cipher suites in TLS"
"38f350f1-99c0-4354-9f6c-aaa7ac4cd44e","\Visual Studio\Feedback Settings","Disables send-a-smile's screenshot capability"
"c4cdb542-d5f6-4ced-b46f-b7550ef97f19","\Microsoft Office 2016\File Open/Save dialog box\Places Bar Locations","Places Bar Location 4"
"739eadfb-1f88-4ea5-8650-bbc0da5d1384","\Google\Google Chrome\Printing","Print PostScript Mode"
"2c697713-f106-4c0b-888a-db9880cc8da0","\Google\Google Chrome","Sets managed configuration values to websites to specific origins"
"6ae2d35a-d6dc-4c39-8f81-720ce9eb76b7","\Microsoft Office 2016\What's New","Don’t show the What’s New information for OneNote"
"e4783eb4-bdea-4458-8307-3aa68290891f","\Microsoft Word 2016\Word Options\Display","Object anchors"
"b4b76e9e-8595-41a0-976c-93c8e0ba7efb","\Microsoft Edge - Default Settings (users can override)","Shopping in Microsoft Edge Enabled"
"8a67693f-1686-4935-9d51-869db4ed799e","\Microsoft PowerPoint 2016\PowerPoint Options\Security\Trust Center\Trusted Locations","Trusted Location #20"
"acadcef3-e050-457d-928c-51d8ae7af619","\Microsoft Edge","Get Image Descriptions from Microsoft Enabled"
"dd99c88e-ba8e-417d-b640-e5517fac233d","\Microsoft Edge - Default Settings (users can override)","Microsoft Edge built-in PDF reader powered by Adobe Acrobat enabled"
"4194902b-2478-4d31-a7eb-962420b24a4b","\Google\Google Chrome\Deprecated policies","Configure extension installation blacklist"
"0111d11b-c3b1-4aac-8393-018a0f1965c9","\Microsoft Office 2016\Security Settings\Trust Center\Protected View","Unsafe Location #8"
"9769d675-7a2b-40b1-ba38-c208f893906e","\Microsoft PowerPoint 2016 (Machine)\Converters","Turn on an external converter as the default for a file extension"
"e8dfc5fa-7aac-4737-8f2d-0a799e55f686","\Microsoft Publisher 2016\Disable Items in User Interface\Custom","Disable commands"
"4019b702-bb68-4152-b5ae-6b366116ed9c","\Microsoft Office 2016\Telemetry Dashboard","Office solutions to exclude from Office Telemetry Agent reporting"
"89bfa5fe-2816-434c-81bf-c8b2958a2254","\Microsoft Office 2016\Language Preferences\Editing Languages\Enabled Editing Languages","Arabic (Jordan)"
"f3071c85-7386-4ad5-ad91-4d188b404e34","\Microsoft PowerPoint 2016\File Tab\Check Accessibility","Stop checking that slide titles exist"
"282ef533-0bee-4ccc-9eb9-2e8693f72e58","\Microsoft Word 2016\Word Options\Advanced\File Locations","Startup"
"d0c48b99-637f-45c1-a7e8-8412165b09a1","\Microsoft Outlook 2016\Form Region Settings","Configure form regions permissions"
"0d9d3f80-6b6e-4671-810f-0787ab937d01","\Google\Google Chrome\Default search provider","Parameters for image URL which uses POST"
"1a2d1a47-1f02-4542-b602-75d081303005","\Microsoft Word 2016\Word Options\Advanced","Month names"
"9ec93712-b81e-414a-990d-64fcf6b4a065","\Microsoft Edge","Disable Certificate Transparency enforcement for specific URLs"
"097c6a0b-d0ee-4664-9d11-179eb42dc7da","\Microsoft Word 2016\Word Options\Security\Trust Center\File Block Settings","Word 2000 binary documents and templates"
"ed0bbdc9-f32b-4d0e-83d4-d0e400608677","\Google\Google Chrome","Allow default search provider context menu search access"
"c68e8f39-5d64-4711-8aaf-d1e5f5610f22","\Microsoft Edge\Content settings","Allow read access via the File System API on these sites"
"cc517183-2293-4896-95b2-1b07e4ab477c","\Google\Google Chrome\Content settings","Default JavaScript setting"
"70a3f272-14ad-4e62-b3b1-bd09328c8ffd","\Google\Google Chrome\Removed policies","Disable SPDY protocol"
"493a6aa1-c59e-4bb8-a2d1-227b38dcc8a7","\Microsoft Office 2016\Security Settings\Trust Center\Trusted Catalogs","Allow Unsecure web add-ins and Catalogs"
"92cb74b4-ff2a-49d1-a269-1b5a2f37f3c0","\Microsoft Edge - Default Settings (users can override)","Enable network prediction"
"c15fd374-6ae3-4df9-a0dc-d91732e4e64a","\Microsoft Edge","Enable 3DES cipher suites in TLS"
"97ac6333-ef34-4e00-8167-ef317202d50b","\Google\Google Chrome","Allow collection of WebRTC event logs from Google services"
"6c2d1293-024d-4eed-b3f6-3c3ba79e220d","\Microsoft PowerPoint 2016\PowerPoint Options\Advanced","Show vertical ruler"
"0c3da631-41c8-4ddb-9ecc-8f0b29c8b855","\Microsoft Word 2016\Word Options\Security\Trust Center\Trusted Locations","Trusted Location #19"
"ff0fe07e-536f-4ac5-9d84-42f4367c3706","\Google\Google Chrome","Force minimum YouTube Restricted Mode"
"21145060-a252-4793-b77b-af81a9e9d01b","\Microsoft Office 2016\File Open/Save dialog box\Places Bar Locations","Places Bar Location 9"
"80a27b30-eba3-4fcc-a5f5-0b0ccfecfdf5","\Microsoft OneNote 2016\OneNote Options\Save","Enable ability to optimize OneNote files..."
"30297562-cfef-4fd2-ba11-03d6356b4f40","\Microsoft Office 2016\Miscellaneous","Hide Microsoft cloud-based file locations in the Backstage view"
"fdb235d4-894c-473c-a3d3-e970e3e9c94a","\Microsoft Edge\Content settings","Block read access via the File System API on these sites"
"66d0e5a7-003e-42aa-9c5c-fabd09583341","\Microsoft Edge\Content settings","Default JavaScript setting"
"bec55662-c684-4d27-9c55-173a0731a24c","\Microsoft Word 2016\File Tab\Check Accessibility","Stop checking to ensure hyperlink text is meaningful"
"b4be6600-c99f-4529-b38a-c0cb368ed880","\Microsoft Outlook 2016\Outlook Options\Preferences\Calendar Options","Allow attendees to propose new times for meetings you organize"
"a8b24cc6-ee4e-4539-9bcd-a7054d1f81f4","\Microsoft Word 2016\Word Options\Advanced\File Locations","Clipart pictures"
"7ae85a96-9817-4b75-a3fc-f4fc0cb0d0e8","\Microsoft Office 2016\Miscellaneous","Show the Custom tab as the default tab when creating a new file"
"6cb2e943-bd72-43d3-8628-9b09d865edcd","\Microsoft Edge\Content settings","Data URL support for SVGUseElement"
"03e3aa83-6b6b-43c9-967f-0154dddfb950","\Google\Google Chrome\Safe Browsing settings","Configure the list of domains on which Safe Browsing will not trigger warnings."
"e514b69e-ab30-46d9-95c6-746e0830d366","\Microsoft Outlook 2016\Security\Cryptography","Request an S/MIME receipt for all S/MIME signed messages"
"ffa2a8fe-854b-4b7d-9d09-42f1460254bc","\Microsoft Project 2016\Project Options\View\Show","Windows in Taskbar"
"c148637d-e803-4ddb-8d36-8cdbe45800e1","\Microsoft Office 2016\Security Settings\Digital Signatures","Set timestamp server timeout"
"e0dcaaf6-55ae-4542-8830-9c1328f76627","\Microsoft Outlook 2016\Security\Cryptography","Required Certificate Authority"
"00789cac-cc95-4f6f-b0d7-45a459f0642a","\Microsoft Office 2016\Miscellaneous","Disable Training of all features on the computer"
"18771644-fda0-4bb2-9422-2f4a4d3b1a16","\Google\Google Chrome\Content settings","Control use of JavaScript JIT"
"9f82f524-69fa-4d4a-8065-e90cc28ac5fe","\Microsoft Edge","Spell checking provided by Microsoft Editor"
"e5858347-d8aa-4c62-bf08-4cf2f7d2f16f","\Microsoft Edge\Content settings","Block insecure content on specified sites"
"dc7639e6-34b3-4cd2-af47-af6a2a436c70","\Microsoft Edge WebView2\Network settings","Make Access-Control-Allow-Methods matching in CORS preflight spec conformant"
"9a074cc2-f9d8-47a6-b2a2-560b09580d1d","\Microsoft Office 2016\Language Preferences\Editing Languages\Enabled Editing Languages","Scottish Gaelic (United Kingdom)"
"4984b8c5-f5d9-48ff-a210-5bd34f3f440d","\Google\Google Chrome","Browser experiments icon in toolbar"
"02e26432-e490-410a-a76a-06c3c21abccb","\Microsoft Publisher 2016\Publisher Options\Advanced","Automatically hyphenate in new text boxes"
"640702f3-794f-4904-bee3-dcbd59bb77d2","\Microsoft Edge\Kiosk Mode settings","Delete files downloaded as part of kiosk session when Microsoft Edge closes"
"21446c77-0b57-4f01-a9fb-4270025c6c08","\Microsoft Project 2016\Project Options\Security\Trust Center","Trusted Location #11"
"279810ea-11f3-4c34-b5fb-2479321d970f","\Microsoft Edge Update\Applications\Microsoft Edge","Create Desktop Shortcut upon install"
"8aedf330-0d15-43c9-99f2-22ce3974e8f1","\Microsoft Edge","Enable ending processes in the Browser task manager"
"d1223b5c-61f2-4edf-9ae2-3acb116c4661","\Google\Google Chrome\Removed policies","Specify a list of enabled plugins"
"a6482cb4-f582-4b56-b692-7973902e30fd","\FSLogix\Profile Containers","Prevent Login With Temp Profile"
"edabbe6a-04ae-4d7a-a35d-ebcb133c1e7a","\Microsoft Edge","Allow importing of browser settings"
"92db1324-e42b-457d-a602-080591be1093","\Google\Google Chrome\Startup, Home page and New Tab page","Action on startup"
"deaa83a7-c390-4863-bf82-ac3bc800b398","\Microsoft Edge - Default Settings (users can override)\Password manager and protection","Prevent passwords from being deleted if any Edge settings is enabled to delete browsing data when Microsoft Edge closes"
"4e700234-8407-40ea-889f-0138fbfb2c8d","\Microsoft Excel 2016\Intelligent Services","Remove Ideas button from the Ribbon"
"1af2d24f-7cb0-4ed3-9f5b-b5ddc7c72454","\Microsoft Word 2016\Word Options\Advanced","Asian fonts also apply to Latin text"
"c445d7da-f308-42f3-bcdc-a6443087ec92","\Microsoft Word 2016\Word Options\General","Open e-mail attachments in Reading View"
"a515b82a-7624-4bdb-9e00-a865a4940342","\Microsoft Edge\Application Guard settings","Ignore Application Guard site list configuration and browse Edge normally"
"f8a6f75b-924c-48e9-bab5-25c5c64e5959","\Microsoft Edge - Default Settings (users can override)\Startup, home page and new tab page","Set the new tab page as the home page"
"c79f430f-5328-4f1d-b372-8de0c189c821","\Microsoft Excel 2016\File tab\Check Accessibility","Stop checking for blank table rows used as formatting"
"6f317cd9-3683-476b-adea-b93eb74e07c1","\Microsoft Edge","Enable site isolation for every site"
"2ca163fb-fd1b-4382-8ed6-9d0aa9981369","\Google\Google Chrome\HTTP authentication","Supported authentication schemes"
"e0548813-8682-4b45-b041-a8b2953eeb5f","\Microsoft Edge\Printing","Default background graphics printing mode"
"a1373c1e-780d-4f68-a396-c327424b60ff","\Microsoft Visio 2016\Visio Options\Advanced\Editing Options","Enable live dynamics"
"484cb7bb-2e7f-4d4a-9f1f-c2b3b72fbe74","\Google\Google Chrome","Enable Get Image Descriptions from Google."
"ca617b4b-2f3c-4c5a-8020-e42a782f5baf","\Microsoft Office 2016\Language Preferences\Editing Languages\Enabled Editing Languages","Manipuri"
"6d7ebaf5-816d-48cc-831d-6059fc5eb94f","\Microsoft Edge","Configure the Enterprise Mode Site List"
"d13c67ca-e001-44cd-9592-9cf4fa706776","\Google\Google Chrome\Deprecated policies","Enable Native Window Occlusion"
"b3ef855b-7ee2-4fb2-9af1-bbbc36c5280f","\Microsoft Edge\Identity and sign-in","Enable implicit sign-in"
"55e40ad7-c1a0-4a20-812a-20aea0232de7","\Microsoft Outlook 2016\Miscellaneous\PST Settings","Large PST: Size to disable adding new content"
"c491c10d-9c1f-47d2-bb2c-a2796bb1c906","\Microsoft OneNote 2016\OneNote Options\Display","Vertical scroll bar appears on left"
"2add6418-bcca-49b5-a784-08ee9364577c","\Microsoft Edge","Allow the audio process to run with priority above normal on Windows"
"c49409c6-f7c6-420e-a9e6-ef7b7552b53c","\Microsoft Excel 2016\Excel Options\Customize Ribbon","Display Developer tab in the Ribbon"
"366f4a56-d88d-435e-b020-d14734b1d32c","\Microsoft Edge","Allow media autoplay on specific sites"
"f530994c-3eb1-43ca-b5a3-a639c20d504c","\FSLogix\Profile Containers","Reattach Interval"
"5ebaf245-d542-441e-97e4-c494ef5fefb5","\Microsoft Edge - Default Settings (users can override)","Redirect incompatible sites from Internet Explorer to Microsoft Edge"
"e7350045-1993-447c-80b7-84fc0492fc2c","\Microsoft Edge","Send required and optional diagnostic data about browser usage"
"ff784dad-45f0-4a6a-abc0-3770a25fa8eb","\Microsoft Edge\Printing","Print Rasterize PDF DPI"
"48d1bca1-7878-4a88-9384-a76b9fde1a43","\Microsoft Word 2016\Japanese Find","Match hiragana/katakana"
"d07ddefa-037c-4495-9140-7af225e08ab8","\Microsoft Office 2016\Smart Documents (Word, Excel)","Completely disable the Smart Documents feature in Word and Excel"
"ac70c6f1-30f3-41bd-afa9-43d9337792af","\FSLogix\Profile Containers","Size In MBs"
"97eead7d-0405-4a84-a9d0-7feb6188d714","\Microsoft PowerPoint 2016\PowerPoint Options\Security\Cryptography","Set CNG cipher key length"
"41030b2b-f73f-468b-9054-dfd7fc22b2eb","\Microsoft Edge - Default Settings (users can override)\Content settings","Register protocol handlers"
"ffd16371-b04e-4891-88af-09068c6fac68","\Microsoft Edge","Set the roaming profile directory"
"c13c89d0-fc69-43f5-ba51-3576ad7e7e46","\Visual Studio\Install and Update Settings","Shared installation path"
"09dbb1d5-75a1-4a4f-ad2f-30fd631e40e1","\Visual Studio\Dev Tunnel Settings","Disable dev tunnels in Visual Studio"
"49fe74ca-2e2a-4b6c-886d-47588144ab1d","\Google\Google Chrome","Enable Chrome Cleanup on Windows"
"3892f4ca-286f-4641-92e8-948376f6c8d5","\Microsoft Access 2016\Application Settings\Security\Trust Center\Trusted Locations","Allow Trusted Locations on the network"
"2c474f7f-8983-4f9c-9290-6f4427c47180","\Microsoft Visio 2016\Visio Options\Advanced\Editing Options","Zoom on roll with IntelliMouse"
"4873b1e0-27c2-4585-a43d-1e9b5188c706","\Google\Google Chrome\Removed policies","Enterprise web store URL (deprecated)"
"be9d3d33-cf2a-4515-a84a-4cde1a148348","\Microsoft Edge","Allow default search provider context menu search access"
"2f079a46-ee54-483a-ba20-f61d166c46ec","\Microsoft Office 2016\Contact Card\Contact Tab","Replace Label - Birthday"
"e13f723e-f317-430a-8b68-210c01c3348f","\Google\Google Chrome\Printing","Print Rasterization Mode"
"f5412fb1-2fcb-438f-81cb-8427b63d097e","\Microsoft Edge\Identity and sign-in","Enable implicit sign-in"
"e352ee9e-176b-4b36-a652-7b785b66fe4b","\FSLogix\ODFC Containers\Container and Directory Naming","Flip Flop Profile Directory Name"
"5960a6a5-d775-4e03-98bc-3536dc7d1b41","\Microsoft Outlook 2016\Account Settings\SharePoint Lists","Override published sync interval"
"4ba8d74a-819c-4a3a-90d4-f16d03fe2c23","\Microsoft Edge","Enable upload files from phone in Microsoft Edge desktop"
"624d7cd0-c25a-4e32-b06c-37328578fdb0","\Microsoft Outlook 2016\Outlook Options\Other","Disable support diagnostics in Outlook"
"10791a77-d769-4a71-b14e-eca8969e9c1c","\Microsoft Edge","Search Filters Enabled"
"9888691f-5840-4793-baa9-724a3ac1b8c8","\Microsoft Word 2016\File Tab\Check Accessibility","Stop checking for table header accessibility information"
"bcd28cf2-1e25-4f65-8d6c-809f1612734d","\Microsoft PowerPoint 2016\PowerPoint Options\Security\Trust Center\Trusted Locations","Trusted Location #7"
"cf06dbbb-0987-47ec-8e33-8de9cd47f4e6","\Google\Google Chrome\Removed policies","Allows the AppCache feature to be re-enabled even if it is off by default."
"a59fefa5-e612-41b2-abe5-baf2af159ef7","\Microsoft Office 2016\Security Settings\Digital Signatures","Configure time stamping hashing algorithm"
"5c12a9c9-997d-4f5b-89e5-b51c1f287aea","\Google\Google Chrome","Allow websites to query for available payment methods."
"b06fb6fc-e852-499c-aff9-bf5a86d34374","\Microsoft Project 2016\Project Options\Security\Trust Center","Trusted Location #3"
"1d04d59c-0f44-4f3c-93bb-234ecea53959","\Microsoft Office 2016 (Machine)\Security Settings\IE Security","Block popups"
"5df607e9-d25d-4c48-8a46-edea02d37beb","\Microsoft Office 2016\Language Preferences\Editing Languages\Enabled Editing Languages","Italian (Italy)"
"a7ff9d4f-d5be-492e-a9d1-54e2b09a3a39","\Microsoft Edge","Enable stricter treatment for mixed content (obsolete)"
"8eb345ff-e535-41fd-97d9-5e8dbb34c854","\Microsoft Edge","Enable Signed HTTP Exchange (SXG) support"
"91ce50f2-5b59-4d94-88cc-f038de27e9b9","\Microsoft Edge","Hide the one-time redirection dialog and the banner on Microsoft Edge"
"68c476a4-a070-456b-bc25-f75545e77ae1","\Microsoft Word 2016\Word Options\Advanced","Enable click and type"
"6974c4d2-afcf-42cb-8541-ef212780f26f","\Microsoft Edge\Password manager and protection","Allow users to get a strong password suggestion whenever they are creating an account online"
"ef299ecf-0432-40ce-8db5-f2773108d7df","\Microsoft Edge - Default Settings (users can override)","Enable favorites bar"
"f9b76e14-3e4b-4a24-8ff3-f710bc0e7242","\Google\Google Chrome\Removed policies","Use the legacy CORS implementation rather than new CORS"
"120400ba-f245-46c6-9f84-c91b1500d706","\OneDrive","Set the sync app update ring"
"931f4841-71ae-42e7-b946-ab5388e8514c","\Microsoft Edge\Printing","Print headers and footers"
"179f8e36-6a72-44a8-aee6-3797c1e9dcf6","\Microsoft Edge\Startup, home page and new tab page","Allow quick links on the new tab page"
"3f0a84d2-b4de-4921-9449-b77019ec9c5d","\Microsoft Outlook 2016\Outlook Options\Other","Disable Outlook Mobile Hyperlink"
"9e7d1f18-dd20-4591-a662-91deed031164","\Microsoft Access 2016\Application Settings\Security\Cryptography","Specify encryption compatibility"
"928ee199-fa0c-44eb-bf9f-fb8c4b80dc86","\Microsoft Office 2016\IME (Japanese)","Turn off SharePoint dictionary update"
"d12731dd-fc48-4173-8c63-fb31241508aa","\Microsoft Outlook 2016\Folder Home Pages for Outlook Special Folders","Tasks Folder Home Page"
"8d3ad3e1-b122-40ad-922f-1a899ebb5026","\Microsoft Visio 2016\Visio Options\Advanced\Editing Options","Turn off smart delete behavior of connectors when deleting shapes"
"5f03bf73-392f-4744-be58-c05fbc1a6d84","\Google\Google Chrome","Suppress lookalike domain warnings on domains"
"8ff0c054-db5e-46ae-ae5c-dc1151220d78","\Microsoft Office 2016\Miscellaneous","Disable Microsoft Office shared drawing code for blip caching"
"b3be8abd-af27-407f-ba80-abb7ce95cffb","\Microsoft Office 2016\Language Preferences\Display Language","Allow users who aren’t admins to install language accessory packs"
"9d640e04-998f-4b26-87e4-ce7175c202af","\Microsoft Office 2016\Language Preferences\Editing Languages\Enabled Editing Languages","Bashkir"
"3af81b75-d50f-4be6-b007-43b6cbda5d61","\Microsoft Visio 2016\Visio Options\Advanced\File Locations","Help"
"11bd468a-48cd-4fbe-a03a-a4357f773f8f","\Microsoft Outlook 2016\Outlook Options\Other","Disable the Support tab under the File menu in Outlook"
"11d3ca17-f8f7-4330-ab95-8f57bd3458ce","\Microsoft Outlook 2016\Account Settings\Exchange","Exchange Unicode Mode - Turn off ANSI mode"
"9a86a705-a9b5-4d8a-bcda-86ae08e72d86","\Microsoft PowerPoint 2016\PowerPoint Options\Security\Trust Center\Trusted Locations","Allow Trusted Locations on the network"
"050e267e-d8b3-40ea-9a4b-11bd12886947","\Microsoft Edge","XFA support in native PDF reader enabled"
"ab5aa693-df98-4d3c-a234-47d1a7a9e7d8","\Microsoft Edge - Default Settings (users can override)","Enable Windows to search local Microsoft Edge browsing data"
"e65169f2-d1b1-4a33-8b06-7abdab710144","\Microsoft Edge","CECPQ2 post-quantum key-agreement enabled for TLS"
"a6ab0f0b-53cf-49fd-aef5-39196b368a0f","\Microsoft Edge\Content settings","Configure cookies"
"8f0e2a0f-0531-45ff-a56f-bed3e3f6dc2f","\Microsoft Word 2016\Miscellaneous","Disable the Office Start screen for Word"
"4827d6d5-70a7-4016-92b3-d3631fbc7162","\Microsoft Excel 2016\Miscellaneous","Enable four-digit year display"
"08ff37e9-bbfe-4dd1-b1e2-2eafd36074de","\Microsoft Project 2016\Project Options\Edit\Hyperlink appearance in 'Project1'","Hyperlink color"
"10ba6bb6-6e71-4c45-a01b-65810c082d3e","\Microsoft Office 2016\Language Preferences\Editing Languages\Enabled Editing Languages","Korean"
"bcda4d75-cc03-48e0-8686-da64adf34139","\Microsoft Edge\Performance","Enable startup boost"
"80221e49-117b-4d2f-94f6-e92816154cca","\Microsoft Office 2016\Tools | Options | Spelling","Combine aux verb/adj."
"a4c8e418-b0fa-4033-894f-649025ff9179","\Microsoft Edge\Default search provider","Default search provider encodings"
"08ff9efb-73bb-4bcc-add3-e67e82188dcf","\Microsoft Edge - Default Settings (users can override)","Clear cached images and files when Microsoft Edge closes"
"e4c9d284-8908-4c41-9e41-af7fca8eb5b4","\Google\Google Chrome","Enables managed extensions to use the Enterprise Hardware Platform API"
"1bb2c689-af55-4736-8f0e-b6d25402a71f","\Microsoft OneNote 2016\OneNote Options\Security\Cryptography","Specify CNG hash algorithm"
"cf663e15-a3bb-4245-aad1-16c506ce481a","\Google\Google Chrome","Import bookmarks from default browser on first run"
"afabfc32-c4b6-43f9-a7d5-e8d685dff406","\Microsoft Excel 2016\Excel Options\Security\Trust Center\File Block Settings","Excel 2007 and later workbooks and templates"
"a86fc6e8-6dba-4c00-bbc5-d14d72c4f3a9","\Microsoft Office 2016\Language Preferences\Editing Languages\Enabled Editing Languages","Nepali (Nepal)"
"2b2eb122-e210-44c4-a217-22d7a0724d60","\Microsoft Office 2016\Tools | Options | General | Service Options...\PowerPoint Designer","PowerPoint Designer Options"
"5679b633-4f30-455f-b2a7-1ef9a41d363e","\Microsoft PowerPoint 2016\PowerPoint Options\Security\Trust Center\File Block Settings","Web Pages"
"19e9d5e5-d0a8-4710-b91c-24a588413188","\Microsoft Edge","Manage QuickView Office files capability in Microsoft Edge"
"c99b4e15-a79a-4ef4-9cc3-4c869dad5807","\Microsoft Edge - Default Settings (users can override)\SmartScreen settings","Enable new SmartScreen library"
"f724e893-c883-44dc-b5f4-90b36b9c0534","\Microsoft Edge","Control the mode of DNS-over-HTTPS"
"ab4ba8c6-634b-4b57-9372-225a6f640716","\Microsoft Access 2016\Application Settings\Security\Trust Center\Trusted Locations","Disable all trusted locations"
"2e7068be-919a-4f6f-8f65-f9b0ec7a92ef","\Microsoft Edge - Default Settings (users can override)\Default search provider","Default search provider name"
"2f62d466-8105-4d56-8ba8-f126a30187e7","\Microsoft Edge","Control communication with the Experimentation and Configuration Service"
"556fa688-1f5b-4989-8653-f5ca866321c9","\Microsoft Edge\Content settings","Enable default legacy SameSite cookie behavior setting"
"0f4c73b1-97a8-4ca9-bd8b-59d66a5cb2b5","\Google\Google Chrome\Content settings","Allow write access to files and directories on these sites"
"4f137d95-83b2-4475-a567-9a64548fed91","\Microsoft Word 2016\Word Options\Track changes and compare","Ignore White Space"
"6b874fdd-6bf2-4679-8373-e2a20c87a198","\Microsoft Office 2016 (Machine)\Licensing Settings","Use Viewer Mode"
"c70e0cbc-69d7-4e2e-bc39-db7b08aa092b","\Google\Google Chrome\Content settings","Default images setting"
"8f081c06-8c8b-44c6-865f-ecd9a2732462","\Microsoft Office 2016\Language Preferences\Editing Languages\Enabled Editing Languages","Yiddish"
"8c8706ab-dab2-405b-812b-de150eb0a0f5","\Google\Google Chrome","Enable URL-keyed anonymized data collection"
"9f3ca83e-956e-46f6-a4f2-cb6046d16aff","\Google\Google Chrome","Allow user feedback"
"4250ab5c-5257-443c-b035-19fa801d0aea","\Microsoft Project 2016\Project Options\Edit\View options for time units in 'Project1'","Months"
"4fc967bc-8483-4be5-8c9c-1cc353e05080","\Microsoft Excel 2016\Excel Options\Security\Trust Center","Store macro in Personal Macro Workbook by default"
"e1489c98-41a7-47d4-b752-0d5f3f7c11a7","\Microsoft PowerPoint 2016\Collaboration Settings\Co-authoring","Turn off revision tracking"
"86f8f2ef-c594-4038-9647-02f3afee4df6","\Google\Google Chrome\Removed policies","Control the User-Agent Client Hints feature."
"95303cd4-0bab-4762-9acc-512a794b5112","\Microsoft Office 2016\Security Settings","Set password hash format as ISO-compliant"
"aefa5e71-a450-4320-892c-f039c6feed31","\Google\Google Chrome","List of names that will bypass the HSTS policy check"
"a4f24bea-237f-45bc-a30e-fec7dd604935","\Microsoft Word 2016\Word Options\Advanced\E-mail Options","Do not compress the inlined images inserted in Outlook"
"af226178-7706-4463-8279-195d057da473","\Microsoft Excel 2016\Excel Options\Security\Trust Center\File Block Settings","dBase III / IV files"
"ef60522a-4d9c-4615-b5d4-0a007cd84d79","\Microsoft Edge","Enforce Google SafeSearch"
"9399adb2-8a93-4453-9c95-6e99d125d428","\Microsoft Project 2016\Project Options\Security\Trust Center","Trusted Location #20"
"0a494200-7dad-4b78-82fa-85de8dd198ff","\Microsoft Excel 2016\Excel Options\Security\Trust Center\File Block Settings","Microsoft Office Open XML converters for Excel"
"d2be3f55-0171-42fe-8335-5aaceca93911","\Microsoft Edge","Allow Google Cast to connect to Cast devices on all IP addresses"
"f8bb8ad0-f73e-4d75-b913-3cdf1d5987d6","\Microsoft Edge","Shows button on native PDF viewer in Microsoft Edge that allows users to sign up for Adobe Acrobat subscription"
"8569ee33-ba5e-42dc-b9a3-b2534d83f2e4","\Microsoft Edge","Configure list of force-installed Web Apps"
"77237c50-4fa3-4116-b958-767292b8b63e","\Microsoft Office 2016\Language Preferences\Editing Languages\Enabled Editing Languages","Sami, Inari (Finland)"
"a0e400a2-13f4-44a1-bbb4-f983ddc82327","\Microsoft Edge","Allow users to access the Outlook menu"
"6926412f-55a7-4b52-84d4-9e6208d4138f","\Microsoft OneNote 2016\OneNote Options\Other","Number of days before warning that server is inaccessible"
"defce372-4389-4e04-9c8c-ceecb96c689d","\Google\Google Chrome","Allow Dinosaur Easter Egg Game"
"9f67db05-d91d-47a3-be64-8176783f964c","\Microsoft Project 2016\Project Options\Security\Cryptography","Specify CNG random number generator algorithm"
"d7920094-e8a3-422e-9837-df4528a102e0","\Microsoft PowerPoint 2016\PowerPoint Options\Security\Cryptography","Set CNG cipher algorithm"
"2902069f-e617-42d8-a516-1d114ff55c62","\Microsoft Edge","Clear browsing data when Microsoft Edge closes"
"ba45be03-e632-408a-bc4d-f2df8f7caa37","\Microsoft PowerPoint 2016\PowerPoint Options\Security\Trust Center\Protected View","Turn off Protected View for attachments opened from Outlook"
"eccd81fb-5427-43b3-814b-69d657f86f8d","\Microsoft Office 2016\Contact Card\Contact Tab","Replace Label - Office"
"ad1ca9d5-4574-437d-a942-722c41f1059e","\Microsoft Edge - Default Settings (users can override)","Allow importing of open tabs"
"e1b0410e-f12d-4022-8019-f726e1ddadd4","\Microsoft Outlook 2016\Folder Home Pages for Outlook Special Folders","Notes Folder Home Page"
"136775f2-f668-406c-be50-67ed9cc0a4e5","\Microsoft Project 2016\Project Options\General\General options for Microsoft Project","Prompt for project info for new projects"
"7b732073-dd16-4ecd-84c7-4e0967c026fd","\Microsoft Outlook 2016\Security\Automatic Picture Download Settings","Block Trusted Zones"
"469cfd51-3e3e-4ed8-93e3-a173acec68de","\Google\Google Chrome - Default Settings (users can override)\Printing","Use System Default Printer as Default"
"f0376ca9-d6ae-4977-b949-3f0e1dc224af","\Microsoft Office 2016\Language Preferences\Editing Languages\Enabled Editing Languages","Sindhi (Arabic)"
"7adf077a-37eb-4239-b242-a6681af96f96","\Google\Google Chrome\Content settings","Block notifications on these sites"
"9c8a71b6-e2a9-4e0b-9412-240b0846e213","\Google\Google Chrome - Default Settings (users can override)\Password manager","Enable leak detection for entered credentials"
"70d8a4d4-07ec-402b-becc-a08d6029a737","\Google\Google Chrome\Content settings","Allow JavaScript on these sites"
"c74a69c5-5cb3-4acd-b3e7-fdaea7b933e7","\Microsoft Edge\Content settings","Automatically grant sites permission to connect all serial ports"
"098cef67-c14c-4922-8095-7c5c3492fd44","\Microsoft Visio 2016\Visio Options\Security\Trust Center","Require that application add-ins are signed by Trusted Publisher"
"a776771f-4f0f-488f-a832-f79ade84e484","\Microsoft Edge","Enable the Search bar"
"4c6cf8b7-dbd7-4c7c-babc-eb9c412dd6dc","\Skype for Business 2016\Microsoft Lync Feature Policies","Disable HTTP fallback for SIP connection"
"a0e384ba-4a8f-4b79-8919-37255ec60466","\Microsoft Edge","Enable full-tab promotional content"
"dc4a22be-1c3b-4240-a421-63b9ea8b6824","\Microsoft Edge - Default Settings (users can override)","Set application locale"
"3c5d0a6c-092e-4b68-b71d-23c8895f87f2","\Microsoft Edge\Content settings","Block images on specific sites"
"97fe03f4-90e7-4f96-8432-0217f1ad1576","\Microsoft Office 2016\Language Preferences\Editing Languages\Enabled Editing Languages","French (Switzerland)"
"7ec55904-199d-46a0-93bc-b4c95a814512","\Microsoft Access 2016\Application Settings\International","Default direction"
"82193286-01cc-4d2c-a925-aaee4dfda1e5","\Microsoft Office 2016\Contact Card\Contact Tab","Replace AD - Company"
"f9dbf9de-0b66-427d-983a-11fa26c4dd99","\Google\Google Chrome\Removed policies","Suppress Google Cloud Print deprecation messages"
"7e0bdf6d-a12a-4f80-9660-ae306f6a21cd","\Microsoft Office 2016\Security Settings\Trust Center","Trusted Location #9"
"6c094b28-bb71-419f-826d-6944e848cd83","\Google\Google Chrome\Printing","Disable printer types on the deny list"
"8f9972e7-6c2e-4f17-bf4c-ce1f5c31b74a","\Google\Google Chrome\Printing","Enable printing"
"308af4de-1cc8-44ba-8d96-1a2fe281230d","\Microsoft Edge","Default clipboard site permission"
"0680adae-e81a-4ee1-a7c1-e63365ef23b9","\Microsoft Outlook 2016\Miscellaneous","Disable Windows event logging for Outlook add-ins"
"2c6a2f22-d2ae-4ba0-b795-012c1e5248a8","\Microsoft Edge","Allow importing of payment info"
"6c5a13e2-f018-4324-8186-9088231c0c2c","\Microsoft Office 2016\Contact Card\Contact Tab","Replace AD - Work2"
"09130b71-f954-42f0-9bdb-49fc6eed8f70","\Microsoft Outlook 2016\Outlook Options\Preferences\Calendar Options\Schedule View","Turn off auto-switching from horizontal to vertical layout"
"1cb66229-8175-479f-9890-7a34cb7bae84","\Google\Google Chrome","Allow or deny video capture"
"87692713-ad1c-4b6d-9272-bae78867fbcd","\Microsoft Edge\Printing","Print PDF as Image Default"
"3a26d3a3-df68-430a-aac2-06d3467a74e9","\Google\Google Chrome","Allow media autoplay on a allowlist of URL patterns"
"8b3aabd8-ea73-486d-b761-57c1d03dd3b3","\Microsoft Office 2016\AutoSave","Turn off AutoSave by default in Excel"
"a3e3f21a-7ecc-4fa5-916e-9541980b483f","\Microsoft Outlook 2016\Account Settings\Exchange","Don’t show redirect warnings for Autodiscover for the specified HTTPS server names"
"16bf58e7-17aa-418f-8140-96f46bb2291c","\Microsoft OneNote 2016\OneNote Options\Editing","Default Font Name"
"eea37c58-3274-44bc-8010-de44980786bd","\Microsoft Office 2016\Language Preferences\Editing Languages\Enabled Editing Languages","French (Côte d'Ivoire)"
"3a40b84e-ff4e-4f9e-bb17-567cd7d164b4","\Google\Google Chrome\Content settings","Revert to legacy SameSite behavior for cookies on these sites"
"02c55225-73cc-46e9-ac60-9c331c101812","\Microsoft Project 2016\Project Options\Calendar","Default end time"
"1a4befea-fe70-4e58-99b1-b852d0414bb2","\Skype for Business 2016\Microsoft Lync Feature Policies","Disable automatic upload of sign-in failure logs"
"cff55e09-75c1-4fa8-a83e-273664d67807","\Google\Google Chrome","Show the apps shortcut in the bookmark bar"
"1281e9bb-b4de-4cb4-86bb-f998107eca41","\Microsoft Edge\Content settings","Choose whether users can receive customized background images and text, suggestions, notifications, and tips for Microsoft services"
"67174584-2369-4052-9e19-2e646e8c0367","\Microsoft Edge\Default search provider","Default search provider URL for suggestions"
"166800a1-c951-4ae8-b88a-ffe28a8803e9","\Google\Google Chrome","Import of homepage from default browser on first run"
"bcc9c5f2-7887-49bc-b2a9-46f1720066c9","\Google\Google Chrome\Content settings","Allow WebUSB on these sites"
"344a8705-a850-408c-ad28-d86ca9e62494","\Microsoft Edge\Default search provider","Default search provider name"
"516bb947-5a48-4e87-bfc0-39e2bd734c65","\Microsoft Visio 2016\Miscellaneous","Block all unmanaged add-ins"
"e23ab814-240a-4312-9a06-3e449dbbafbd","\Microsoft Edge\Printing","Default printing page size"
"2f79bcc9-47b0-4cd4-bb38-899ab683caee","\Microsoft Word 2016\Word Options\Advanced\E-mail Options","Specify default quality of compression done on inlined images inserted in Outlook"
"181d76d2-26c6-4f68-ad17-438a2efcab6c","\Microsoft Edge","Show Hubs Sidebar"
"6c4fcad5-d1f9-4427-b42d-71bc4a7d7c1c","\Microsoft Outlook 2016\Outlook Options\Preferences\E-mail Options\Advanced E-mail Options\Desktop Alert","Specify duration of fade out (in milliseconds)"
"5912f3d3-d52b-4d7c-a7e7-0b66bb2b43d8","\Microsoft Project 2016\Project Options\View\Show","Entry Bar"
"9c7b0516-beba-4ea9-91f5-bbb322b84341","\Google\Google Chrome\Deprecated policies","Address or URL of proxy server"
"4411e14a-6ced-4724-a3a9-a2d5537ca60a","\Microsoft Edge\Content settings","Allow JavaScript on specific sites"
"4278d2bb-ea2e-4084-87c3-6bbe4a133d79","\Google\Google Chrome\Deprecated policies","Configure extension installation blacklist"
"2105079c-dd02-41a0-ad1f-af6536a679f4","\FSLogix\ODFC Containers\Container and Directory Naming","Diff Disk Parent Folder Path"
"f23be214-9a8a-4b79-9a70-ade9c73cb25c","\Microsoft Edge","Enable renderer code integrity"
"183dfc39-aa52-4a36-b666-c1f5b310d5a9","\Microsoft Project 2016\Project Options\Interface\Project Guide settings","Display Project Guide"
"08145527-3a23-4599-a7a5-d1d2f5e857a5","\Microsoft Outlook 2016\Account Settings\Exchange\Cached Exchange Mode","Enter seconds to wait to upload changes to server"
"127dd221-825e-4525-96c0-15e14b8b1b61","\Skype for Business 2016\Microsoft Lync Feature Policies","Allow storage of user passwords"
"869bcf44-7180-4a96-9ee9-8f85e89ebf4d","\Google\Google Chrome - Default Settings (users can override)\Startup, Home page and New Tab page","Show Home button on toolbar"
"76a6152b-bd51-4dcd-8bfe-e3e4af2782f0","\Google\Google Chrome - Default Settings (users can override)\Removed policies","Parameters for instant URL which uses POST"
"d60c5830-b753-4271-8af1-0bb919d8e8b6","\Microsoft Edge","Configure reporting of potentially misconfigured neutral site URLs to the M365 Admin Center Site Lists app"
"33fd76c4-7b3c-49e2-ad50-4b2aed707b22","\Microsoft Edge","Allow access to the Enterprise Mode Site List Manager tool"
"01c517fe-3608-4578-a518-8681adee1651","\Microsoft Outlook 2016\Miscellaneous","Running Outlook for Simple MAPI Mail Sending"
"1f6b1a96-337a-4e72-9b86-7d97c8974f72","\Microsoft Office 2016\Manage Restricted Permissions","Never allow users to specify groups when restricting permission for documents"
"0bea1fe8-28a0-42f2-a75d-e7d9ede623c6","\Windows Subsystem For Linux","Allow custom kernel configuration"
"e9ce5c25-fc7b-4225-bfa9-4422fd1ca64a","\Microsoft Edge - Default Settings (users can override)","Search Filters Enabled"
"358f87c1-3acd-4b85-ab21-0020c3583138","\Google\Google Chrome","Force WebSQL in third-party contexts to be re-enabled."
"2550d84c-211d-4654-a3bc-0765d7fb4fc6","\Google\Google Chrome\Content settings","Allow write access to files and directories on these sites"
"7ab3839d-2ea4-413c-93bd-ed0143133b70","\Microsoft Outlook 2016\Account Settings\Exchange","Automatically configure profile based on Active Directory Primary SMTP address (one-time only)"
"0abc735b-3c3f-4e0d-a1ba-2291117e6712","\Microsoft Edge","In-app support Enabled"
"485f1fcf-5e82-4958-9fa7-5f7bf5bc702d","\Microsoft Edge","Notify a user that a browser restart is recommended or required for pending updates"
"e67cd30f-bae0-48ea-a791-e5a6b4f1c57a","\Microsoft Edge","Allow screen capture without prior user gesture"
"cf44993d-73b9-4ee0-9d94-8c8d6f9c3932","\Microsoft Office 2016\IME (Japanese)","Set comment fields for Outlook Contacts Dictionary"
"b4fed1cd-27ac-4ea7-92d2-d3acff084360","\Microsoft Project 2016\Project Options\Edit\View options for time units in 'Project1'","Weeks"
"633f170a-f188-4bf9-9d81-3f2c90d22e9b","\Microsoft Outlook 2016\Outlook Options\Customize Ribbon","Display Developer tab in the Ribbon"
"27168c6b-1d38-445f-8476-ce2d30b2b65f","\Google\Google Chrome\Deprecated policies","Allow media autoplay on a whitelist of URL patterns"
"534937c9-c27e-48fe-a39a-2ae4dc79e8ae","\Google\Google Chrome - Default Settings (users can override)\Default search provider","Default search provider keyword"
"12038110-dbad-4121-8b54-661bf125a6fd","\Microsoft Office 2016\IME (Japanese)","Set update interval for Outlook Global Address List Dictionary"
"62fe5bac-d462-48b7-bde1-c5fa4b7a1748","\Microsoft Edge - Default Settings (users can override)","Allow importing of extensions"
"f7a742c2-b3c7-4de0-93ab-a1d534c6f8bd","\Google\Google Chrome\Removed policies","Block the Flash plugin on these sites"
"deb0ab79-8a14-4132-995e-d8834ababd70","\Microsoft Visio 2016\Visio Options\Advanced\Save/Open","Language for file conversion"
"7802c7f4-09b4-44e5-beee-20e0898294b5","\Microsoft Project 2016\Project Options\View","Default Project Currency"
"03b72f80-0936-4630-b7a1-b9183930a398","\Microsoft Project 2016\Project Options\General\General options for Microsoft Project","Number of projects in the Recent Projects list"
"d350e50b-1d28-42c2-9c79-8e074f13af8c","\Microsoft Edge\Password manager and protection","Configure password protection warning trigger"
"ac305adb-0e51-48ce-9772-a53d7ddab1d8","\Microsoft Edge","Configure Online Text To Speech"
"f1ac9a00-aaa8-4d79-9eec-cbca5d0ec292","\Microsoft Office 2016\Security Settings","Load Controls in Forms3"
"e95d9c4a-3ca1-4693-a5c0-f561df3cfba0","\Microsoft Edge","Wait for Internet Explorer mode tabs to completely unload before ending the browser session"
"28958a19-63df-4e06-aa56-d12aba186674","\Microsoft Outlook 2016\Outlook Options\Other","Do not download user photos from Active Directory"
"41d7b02a-0119-40fe-bcbf-f6932cf7db69","\Microsoft Word 2016\Word Options\Advanced","IME TrueInLine"
"3cb4f8d8-6c05-4e70-9bb8-3337b76770b1","\Microsoft Outlook 2016\Security\Cryptography","Enable Cryptography Icons"
"64b6bff3-50f9-4c9d-8831-dd94db910eff","\Google\Google Chrome","Control the IntensiveWakeUpThrottling feature."
"c0640ae2-bd4e-44d1-bf2f-ee6bd7181ee6","\Microsoft Outlook 2016\Outlook Options\Other\Advanced","Do not allow Outlook object model scripts to run for public folders"
"e1746fee-206b-4507-ab0b-c2cebef1b3a6","\Google\Google Chrome\Removed policies","Enable network prediction"
"c1e647c0-03ca-4cca-ba77-cf431186195c","\Microsoft Outlook 2016\Outlook Social Connector","Set GAL contact synchronization interval"
"4249050d-e123-41b5-8e65-1e6036d91c03","\Google\Google Chrome\Content settings","Default cookies setting"
"1c138bf6-6b93-4075-a781-95f46a558971","\Google\Google Chrome\Remote access","Allow remote users to interact with elevated windows in remote assistance sessions"
"ac97f3d7-19dd-4345-9793-8a7c3d1ad236","\Microsoft Edge","Disable Certificate Transparency enforcement for specific URLs"
"8e8ed336-ff9b-45d3-a243-d83ef1ee73d6","\Google\Google Chrome\Deprecated policies","Configure the required domain name for remote access hosts"
"f8c55657-d24b-4265-99eb-e77314e3373f","\Google\Google Chrome","Suppress the unsupported OS warning"
"9880e57a-760b-49e2-b84d-f3eeb0683185","\Microsoft Project 2016\Miscellaneous","Disable the Office Start screen for Project"
"7e284b27-70ee-4415-af88-4ec6797705e2","\Microsoft Project 2016\Project Options\Schedule\Scheduling options for 'Project1'","Duration is entered in"
"ae91a01b-cd58-4fb3-9e14-f258a3764751","\Microsoft Office 2016 (Machine)\Security Settings\IE Security","Local Machine Zone Lockdown Security"
"b3ca5a75-79cd-4ed5-a7c9-a60962066fde","\Microsoft Office 2016\Miscellaneous","Turn off roaming of on-premises file names and metadata"
"47af0c57-150b-4d43-9aa6-4df9de0fe734","\Microsoft PowerPoint 2016\Disable Items in User Interface\Predefined","Turn off microphone recording by default when recording a slide show"
"8e5beb10-ae84-4754-bbfb-dfc1d5377c42","\Microsoft Edge\Manageability","Microsoft Edge management service policy overrides platform policy."
"f39719cb-9347-43a0-9a3f-8bd95443c914","\Microsoft Edge","Edge Wallet E-Tree Enabled"
"0435e712-3a28-410b-8cfb-8b4b44efe120","\Microsoft Edge","Hide the First-run experience and splash screen"
"8950a39d-8dec-4724-b3e6-a4451f8fcaac","\Microsoft Office 2016\Language Preferences\Editing Languages\Enabled Editing Languages","Bangla (Bangladesh)"
"24b75865-aac8-4158-a91e-b9c6b1596eb9","\Microsoft Word 2016\Word Options\Advanced","Diacritics"
"7a57989b-ad01-4495-865b-22b135b01b25","\Microsoft Office 2016\Language Preferences\Editing Languages\Enabled Editing Languages","Ibibio"
"ce248265-282e-479e-906c-c47861eee643","\Microsoft Word 2016\File Tab\Check Accessibility","Stop checking for table alt text accessibility information"
"4da09e06-aecc-479a-a948-3a432b93fa88","\Microsoft Word 2016\Collaboration Settings\Co-authoring","Disable Real Time Coauthoring for Word"
"0355fa7b-b684-4abc-9825-72413b3b0ece","\Microsoft PowerPoint 2016\File Tab\Check Accessibility","Stop checking to ensure each slide has a unique title"
"1a57e014-05ac-41fc-9b3c-92c7804d1f6a","\Google\Google Chrome","Always Open PDF files externally"
"4f3dd45f-8b67-4b6e-83a0-527c002e4cd4","\Microsoft Edge","Single sign-on for work or school sites using this profile enabled"
"977b6e7d-e5de-4d6a-a149-b1bca9fa2a87","\Microsoft Edge\Extensions","Control which extensions cannot be installed"
"7a700756-ee64-479e-9b16-36ef1deed09f","\Microsoft Edge\Edge Workspaces settings","Enable Workspaces"
"550dd916-c8a1-4ebd-8937-0b66c11823dc","\Microsoft Project 2016\Project Options\Calendar","Hours per week"
"7930814d-9903-45ae-b500-da7e1528f8d2","\Microsoft Outlook 2016\Account Settings\Exchange","Do not create new OST file on upgrade"
"0fe62fe1-1fcb-4712-bc68-7ead5cf140e8","\Microsoft Edge","Ask where to save downloaded files"
"e77950a4-be23-4131-a0b0-1f2abb0384ed","\Microsoft Edge\Sleeping tabs settings","Set the background tab inactivity timeout for sleeping tabs"
"8fd72cb9-1b4b-4caf-b1da-82629d0b003c","\Microsoft Edge WebView2","Enable built-in PDF reader powered by Adobe Acrobat for WebView2"
"c4c2026b-f090-463a-9ec8-6b9a231dbf8d","\Google\Google Chrome\Removed policies","Default Flash setting"
"4c78d364-fcfc-4e99-b833-a600eb2f67c6","\Microsoft Edge","Edge 3P SERP Telemetry Enabled"
"a42355ab-8818-493e-9a34-b9dbc7a9ce2d","\Google\Google Chrome\Removed policies","Allow certificates issued by local trust anchors without subjectAlternativeName extension"
"212afc7f-a0e9-4496-94bf-46075026f109","\Microsoft Edge","Microsoft Edge Insider Promotion Enabled"
"70f024cb-f98f-40cc-b815-5f2fc6342846","\Microsoft Excel 2016\Excel Options\Advanced","Automatically Flash Fill"
"7678a815-b34e-4245-901f-ca0cad221a7f","\Microsoft Edge","Control the mode of DNS-over-HTTPS"
"ba98fba7-2627-43a3-9fb4-adeb8dab0300","\Google\Google Chrome\Remote access","Allow remote access users to transfer files to/from the host"
"e1174438-6834-4a8a-bb8e-b8e57b1f6558","\Microsoft Word 2016\File Tab\Check Accessibility","Stop checking for blank table rows and columns"
"4d919bce-f575-4117-a16d-1a9282595f42","\Microsoft Edge","Block access to a list of URLs"
"2b4c93f4-084c-4e08-a67d-0fc509522cda","\Microsoft Office 2016\Security Settings\Trust Center","Trusted Location #7"
"c06b33c5-86fe-48fd-a8ed-1a0c1d85435a","\Microsoft Office 2016\Manage Restricted Permissions","Allow users with earlier versions of Office to read with browsers..."
"4e4b8889-452e-4d22-8e5f-fa8000976664","\Microsoft Outlook 2016\Outlook Social Connector","Turn off Outlook Social Connector"
"853a6b62-8837-42c2-a2a9-28aa7833f801","\Microsoft Edge","Allow feature recommendations and browser assistance notifications from Microsoft Edge"
"1d70b537-c59e-4bc8-92d0-58cdad631240","\Microsoft Visio 2016\Visio Options\Advanced\Display","Number of entries in the Recent Drawings list"
"4f06adb8-5b81-4da8-a85e-4bd1ea59bfeb","\Google\Google Chrome","Enable or disable bookmark editing"
"6e9ed553-bd0a-48cf-8c30-9225492237dc","\Microsoft Outlook 2016\Outlook Options\Preferences\Calendar Options\Recurring item configuration","Disable the ""No end date"" option for recurring items"
"be07098b-569d-4f81-a1bf-de4beaece04a","\Microsoft Office 2016\Language Preferences\Editing Languages\Enabled Editing Languages","Spanish (Mexico)"
"6416fb5d-0ef9-475c-a6ee-e79dfca52c59","\Microsoft Word 2016\Word Options\Advanced","Type and replace"
"ed560043-d4e9-4278-9333-bc61d43a3e8a","\Google\Google Chrome - Default Settings (users can override)\Default search provider","Default search provider name"
"d055a559-2b02-45ae-9747-f98a130a6437","\Google\Google Chrome\Removed policies","Set Google Chrome Frame user data directory"
"d9f8ebf6-0480-4f4b-b5b0-872c8ec6a639","\Microsoft Word 2016\Word Options\Security\Cryptography","Specify CNG salt length"
"52a3f757-6d2e-45f9-a006-84ac58408797","\Microsoft Excel 2016\Excel Options\Advanced","Transition navigation keys"
"49f5b14a-c5e0-4d34-ab43-bb314bb5f711","\Google\Google Chrome","Suppress JavaScript Dialogs triggered from different origin subframes"
"5d61a29c-4bbb-4e05-8e67-9cc6b24f2325","\Microsoft Access 2016\Application Settings\General","Number of folders in the Recent Folders list"
"24e15356-c5e4-4a8d-a0d3-1c6e3ad88a43","\Google\Google Chrome\Removed policies","Enable deprecated privet printing"
"ed6c480d-a3d7-4b5a-bb08-0a6861b28c09","\Microsoft Edge","Enhance the security state in Microsoft Edge"
"0657c44f-3172-4d18-ab6e-43514d003a7c","\Microsoft Edge","Control Javascript setTimeout() function minimum timeout (deprecated)"
"b48b1cf7-758c-44aa-94b8-cd388ca806f4","\Microsoft Excel 2016\Excel Options\Security\Trust Center\File Block Settings","Excel 2007 and later add-in files"
"7ee71ab6-bf66-4c24-a1c1-dc075ad3cdf6","\Microsoft Office 2016\Language Preferences\Editing Languages\Enabled Editing Languages","Spanish (Peru)"
"9cd41335-b6ba-4ab0-b86a-d41cb5acdd70","\Microsoft Word 2016\Word Options\Security\Trust Center","Turn off Trusted Documents on the network"
"6a1b86b1-991a-4917-bbfe-e5af86063856","\Microsoft Visio 2016\Visio Options\Advanced\Display","Number of folders in the Recent Folders list"
"fe146900-b623-409b-9d84-a9fa269d4b02","\Microsoft Office 2016\Miscellaneous","Show Screen Tips"
"df68228c-1238-41da-975a-71ce2b241b12","\Microsoft Edge\Content settings","Default pop-up window setting"
"2175c93a-9b44-4ffd-a2f4-b9e7c5bab5c2","\Microsoft Office 2016\Business Data\Synchronization","Set the cleanup interval"
"879e661c-26be-47da-bad0-e81370ff275b","\Microsoft Edge","Configure enhanced hang detection for Internet Explorer mode"
"b7b44385-60d2-4881-85fe-c0706a06b8e4","\Microsoft Edge","Keep the active Microsoft Edge window with an Internet Explorer mode tab always in the foreground."
"40c3d901-ed73-4133-9afd-afe06bac3112","\Microsoft Edge\Startup, home page and new tab page","Hide App Launcher on Microsoft Edge new tab page"
"8cce8a95-f78a-4c32-9314-8768e78d0d28","\Microsoft Outlook 2016\Outlook Options\Other","Disable the Outlook crash notification when Outlook restarts."
"bd659503-0647-4194-aac5-46ffd2f3c3d7","\Google\Google Chrome\Printing","Print PDF as Image Available"
"f3b763a4-415c-4a1a-adbe-ca300aafede0","\Microsoft Excel 2016\Excel Options\Security\Trust Center\File Block Settings","Excel 2007 and later binary workbooks"
"e2bcdb39-1c2c-495e-a02a-42b4104acda9","\Microsoft Office 2016\What's New","Don’t show the What’s New information for PowerPoint"
"11a2fa60-c8a9-406f-a3ca-3933c2ac58ec","\Microsoft PowerPoint 2016\PowerPoint Options\Advanced","Print TrueType fonts as graphics"
"1731a4f6-31dd-413b-bb33-0f23b62cfa43","\Microsoft Edge\Content settings","Control use of the File System API for writing"
"65752061-7ccf-460e-a735-963f4eea95f2","\Google\Google Chrome\HTTP authentication","Include non-standard port in Kerberos SPN"
"68c2d630-e8a4-4658-8a76-1d61309d5802","\Microsoft Edge","Configure the list of types that are excluded from synchronization"
"ba5173b6-708e-4549-a57e-f988fea3e0a2","\Microsoft Office 2016\Security Settings","Disable 3D Model File Formats List"
"9f24c013-072f-43dd-ac71-7b4ccf7f0057","\Microsoft Outlook 2016\Outlook Options\Other","Disable Outlook features in the Feedback tab under the File menu in Outlook"
"0ebc6833-450f-4d96-b514-9dc3b5b9b13e","\Google\Google Chrome","CECPQ2 post-quantum key-agreement enabled for TLS"
"9821e66f-172c-449d-8453-7a3a8d74d633","\Microsoft Office 2016\Language Preferences\Editing Languages\Enabled Editing Languages","English (Hong Kong S.A.R.)"
"940ea3f0-6b41-4885-aa39-fc6c88aafef5","\Microsoft Edge","Microsoft Edge Insider Promotion Enabled"
"1ff12509-3bd4-40ee-8af1-be83e54c7679","\Microsoft Edge\Identity and sign-in","Default Profile Setting Enabled"
"752f5c38-906d-4a16-b440-27f7d79d3660","\Google\Google Chrome","Disable Certificate Transparency enforcement for a list of URLs"
"711cc608-1480-4045-a862-ebc1fe1d72cf","\Microsoft Edge","Enable travel assistance"
"72bd58b9-2314-4d08-9dee-34449aa64a2a","\Google\Google Chrome","Enables the concept of policy atomic groups"
"11258748-385e-409d-83f4-9cec42b20731","\Microsoft Office 2016\Business Data\Web Service","Set web service default timeout"
"f5d7fd8d-838f-4b08-ad88-39083cf1806f","\Microsoft Edge\Content settings","Block the Adobe Flash plug-in on specific sites (obsolete)"
"d75c57fa-c5b7-48db-808d-588fa917b746","\Microsoft Word 2016\Word Options\Security\Cryptography","Specify encryption compatibility"
"90667252-aa91-4007-b1ac-269f20beac65","\Microsoft Outlook 2016\Account Settings\Internet Calendars","Override published sync interval"
"f852b769-69e4-4b35-96c8-1101fd3be07a","\Microsoft Excel 2016\File tab\Check Accessibility","Stop checking for merged cells"
"60780399-f808-4ec7-acd1-37cbe84b7114","\Google\Google Chrome\Deprecated policies","Disable URL protocol schemes"
"c5215a05-86f2-4ed7-976a-a82d149120b6","\Microsoft Office 2016\Contact Card\Contact Tab","Replace AD - E-mail"
"55e70618-bb12-42f1-ad3e-f4c7a2869f83","\Microsoft Word 2016\Word Options\Security\Trust Center\File Block Settings","Word 2007 and later binary documents and templates"
"e8427be3-428a-483b-922c-c460e6a24271","\Microsoft OneNote 2016\OneNote Options\Add-ins","Disable installed OneNote Add-ins"
"a067205e-baad-4fa3-9450-43048f28b6aa","\Microsoft Edge","Force WebSQL in non-secure contexts to be enabled (obsolete)"
"0c8365b8-2ad2-4e1b-8c7b-29b2745833df","\Microsoft Edge - Default Settings (users can override)","Allow importing of browsing history"
"522da696-cbba-4a62-aa1f-bccc98a6d75d","\Microsoft Outlook 2016\Folder Home Pages for Outlook Special Folders","RSS Folder Home Page"
"5a039388-63c7-40e9-89ac-255332dc6c51","\Microsoft Visio 2016\Visio Options\Advanced\Display","Angle"
"b8d52fe3-72e5-45cb-806b-f748e6f5a3d7","\Microsoft Edge","Automatically import another browser's data and settings at first run"
"44346e37-503b-4387-a7d7-b05822c28419","\Microsoft Office 2016\Global Options\Customize\Shared Workspace","Automatic Discovery"
"2facf4c8-b4e1-4fbb-a512-90b78d1f29f0","\Microsoft Office 2016\Tools | Options | General | Web Options...\Files","Open Office documents as read/write while browsing"
"2b878bf0-3b64-4210-a53b-c2b3202d0e2a","\Microsoft Edge - Default Settings (users can override)\SmartScreen settings","Force Microsoft Defender SmartScreen checks on downloads from trusted sources"
"167f7822-a901-4e1a-8185-538ec2bdb4f5","\FSLogix\Logging","Font Visibility"
"52064dd3-0276-4c19-a53c-aa499585dbb3","\Microsoft Word 2016\Word Options\General","Use an alternate method of anchoring content marks from CLP labels"
"6cb5fea7-32fe-4351-86c1-da7207b7d15a","\Microsoft Office 2016\Miscellaneous","Use system font instead of the Office default UI font"
"c93308fa-8c63-4d3c-b351-229d92b06139","\Google\Google Chrome\Removed policies","Use the legacy CORS implementation rather than new CORS"
"8ce4f527-e649-4182-ae17-5a22fcd2724f","\Microsoft Edge","URLs where AutoOpenFileTypes can apply"
"1f62f7dc-ae0f-4278-867e-c16350e30697","\Microsoft Edge\Content settings","Block WebUSB on specific sites"
"da510df9-f755-47e5-8bc9-7ada7d700326","\Google\Google Chrome","Import saved passwords from default browser on first run"
"400c74be-8841-462e-a577-2bc8820a3c33","\FSLogix\Profile Containers","Profile Directory SDDL"
"cf9adfa5-cce0-4dd9-92cd-72028cbede81","\Microsoft Word 2016\Word Options\Security\Trust Center\Trusted Locations","Trusted Location #9"
"b47a9e22-09a7-426f-bb56-eca86ef7ea86","\Google\Google Chrome","Control where Developer Tools can be used"
"166cf670-3dbd-42ea-8dba-53502bca5298","\Microsoft Outlook 2016\Account Settings\IMAP","Turn on purge when switching folders"
"5cbdad39-ea7e-4351-895f-08533f13df22","\Microsoft Office 2016\Tools | AutoCorrect Options... (Excel, PowerPoint and Access)\Additional Actions","More actions URL"
"f281eb31-7240-4ba2-8778-c6b8e8313448","\Microsoft Outlook 2016\Security","Prompt user to choose security settings if default settings fail"
"dbe1fc17-450a-4f18-8f43-830c89371a98","\Google\Google Chrome\Default search provider","Default search provider suggest URL"
"31011d46-8ee4-473c-bd49-e4e47093474d","\Microsoft Outlook 2016\Miscellaneous","Deactivate Outlook web add-ins whose equivalent COM or VSTO add-in is installed"
"6b9bc3ac-b443-418d-85ba-bbe49c6cfd2c","\Microsoft PowerPoint 2016\PowerPoint Options\PowerPoint Designer","PowerPoint Designer Options"
"2b7cf327-f635-4f1b-8750-0ca50bf776d4","\Microsoft Outlook 2016\Account Settings\Exchange","Synchronizing data in shared folders"
"b3cbe6be-9b58-4d2d-9e62-e07a326a9377","\Microsoft Access 2016\Application Settings\International","General Alignment"
"f8abccea-3b75-475c-8cd3-7bb7cb61f5b9","\Microsoft Office 2016\Global Options\Customize","Default Office theme"
"f17eaebb-03bf-4b7d-a749-df2d51056cf1","\Microsoft Office 2016\Language Preferences\Editing Languages\Enabled Editing Languages","Czech"
"1067bf45-5f9b-42db-a34c-a5c2fb176ffc","\Microsoft Office 2016\Security Settings","Set minimum password length"
"00970bb6-3bb5-4f62-8fe8-ea3c99eb3def","\Microsoft PowerPoint 2016\Miscellaneous","Disable the Office Start screen for PowerPoint"
"2da55bd3-418f-44da-9931-d497bc5dec2e","\Microsoft OneNote 2016\OneNote Options\E-mail","Use this signature for OneNote email"
"89f279e9-8d13-456c-8be7-b4cee8e43977","\Google\Google Chrome\Legacy Browser Support","Enable the Legacy Browser Support feature."
"b037d34f-3126-45fe-b198-962a60bdd9a5","\Microsoft Office 2016\Language Preferences\Editing Languages\Enabled Editing Languages","English (South Africa)"
"3ad80152-604d-4a9c-94f5-76b9b88fda29","\Microsoft Edge\Content settings","Block insecure content on specified sites"
"85f49156-044d-482a-9d37-e2d6b9c26e13","\Microsoft OneNote 2016\OneNote Options\Editing","Turn off link creation with [[ ]]"
"1302f347-3d44-4b35-b26c-007ea956ac9f","\Google\Google Chrome\Legacy Browser Support","URL of an XML file that contains URLs that should never trigger a browser switch."
"bc4474ba-2be9-4e16-8107-58fd6dea31ad","\Google\Google Chrome","URLs that will be granted access to video capture devices without prompt"
"29af2f1d-b3ed-4184-88d4-2b737aa49cf9","\Google\Google Chrome","Disable Certificate Transparency enforcement for a list of Legacy Certificate Authorities"
"8357600c-b94c-497b-9d19-51724618f336","\Microsoft PowerPoint 2016\PowerPoint Options\Save","Default file location"
"f535509b-d4f2-4bc5-a188-67f251610213","\Microsoft Edge","Allow Internet Explorer mode testing (deprecated)"
"7d00ddb2-ca47-43b8-af0f-3e1b76686d05","\Microsoft Office 2016\Contact Card\Contact Tab","Replace AD - Work"
"268af92f-8689-455e-b177-7dd2bc97fd43","\Microsoft Word 2016\Word Options\Security","Turn off file validation"
"df1455a1-8b52-4881-988a-5f3ed6067547","\Microsoft Access 2016\Application Settings\Security\Trust Center\Trusted Locations","Trusted Location #19"
"4cd0264c-3d81-4356-9d0a-c71d695ee8fe","\Microsoft Word 2016\Word Options\Proofing\AutoFormat as you type\Replace as you type","Dash-like characters"
"632a909a-25c6-4b83-9606-dca5cd776d98","\Microsoft Edge","Enhance the security state in Microsoft Edge"
"c658c71d-147e-41d5-8123-9be6d1fc6d94","\Microsoft Edge\Extensions","Allow specific extensions to be installed"
"8606252e-7586-4444-b9a0-e5f3766d1f8b","\Microsoft Outlook 2016\Security\Trust Center","Specify activation disabling threshold for web extensions"
"10cea3b0-e927-436c-a840-2117de0c722c","\Microsoft Edge\Startup, home page and new tab page","Sites to open when the browser starts"
"7c7e3640-f309-4cd9-a1bb-f50fef402f7c","\Microsoft Office 2016\Security Settings\Trust Center","Trusted Location #4"
"fcb9da08-e5c8-4433-a307-d61ece6db04e","\Microsoft Visio 2016\Visio Options\Security\Macro Security","Load Microsoft Visual Basic for Applications projects from text"
"1ffbe3c9-fdd2-4eb8-acd4-64dfc0feda41","\Microsoft Outlook 2016\Outlook Social Connector","Block network activity synchronization"
"38bc41a2-c8cf-4785-be36-7b879f980031","\Google\Google Chrome\Content settings","Block access to sensors on these sites"
"fc2dfae8-d3ba-488d-ab94-b7912a0c5766","\Microsoft Office 2016\Collaboration Settings\Default message text for a reply...","With a Web discussions link"
"5a90727d-656b-43b7-9832-286a47c5cec1","\Microsoft Outlook 2016\Outlook Options\Preferences\E-mail Options","Read e-mail as plain text"
"1270b929-d59b-4c02-a290-340270b1cee7","\Microsoft Office 2016\Language Preferences\Editing Languages\Enabled Editing Languages","Spanish (Guatemala)"
"5a0e3f8d-cf29-4dae-9667-636b63a5ce2b","\Google\Google Chrome\Removed policies","Use a default referrer policy of no-referrer-when-downgrade."
"334f047c-e2cd-4034-acda-58d36f8968bb","\Microsoft Excel 2016\Excel Options\General","Show Quick Analysis options on selection"
"27b9b7af-81b1-49fb-99f6-0c31ce6b7741","\Microsoft Office 2016\Graph settings","Graph gallery path"
"024703e6-f211-4b56-9d85-4d8f0a98cec3","\Google\Google Chrome","Enable alternate error pages"
"cef4bf93-a0cc-4b35-817e-55ebe17d980e","\Microsoft Outlook 2016\Miscellaneous","Add new categories"
"2504e236-14b1-4b0d-80a9-f55f3b156fd6","\Microsoft Edge - Default Settings (users can override)","Allow the use of your organization's branding assets from M365 on the profile-related UI of a work profile"
"2840c4b9-b4b6-4085-a4c4-b1849363a5d3","\Google\Google Chrome","Allow user cloud policies to override Chrome Browser Cloud Management policies."
"743fb102-aa33-42f6-aa92-c379f18de7cf","\FSLogix\Profile Containers","Outlook Cached Mode"
"ebb3f3f9-335b-47fa-914f-f67bbb017a1e","\Microsoft Edge","Continue running background apps after Microsoft Edge closes"
"c7273cf8-43ce-4db6-9875-740b5a18a810","\Microsoft Edge","Save cookies when Microsoft Edge closes"
"72287565-f362-49f2-9a48-3565e2f00149","\Microsoft Edge","Configure Online Text To Speech"
"96092cb0-1a46-4f60-a8e8-e1fc4dc38ca5","\Microsoft Edge - Default Settings (users can override)\Default search provider","Specifies the search-by-image feature for the default search provider"
"f44b3038-f35a-4ea7-9c0a-ea9e29fa1155","\Microsoft Edge","Allow users to open files using the DirectInvoke protocol"
"8ae81512-9956-4dd8-acbd-172b461d890f","\Microsoft Outlook 2016\Outlook Options\Preferences\Search Options","Prevent clear signed message and attachment indexing"
"7bf1b5b3-8ad7-4c31-9b7d-417c246cfadf","\Microsoft Excel 2016\File tab\Check Accessibility","Stop checking to ensure non-default sheet names"
"e547f929-a85c-4314-a5eb-14155ca8ba82","\Microsoft Office 2016\Contact Card\Contact Tab","Replace AD - Profile"
"d6c4ea95-bf71-4d04-8db4-ebfddb508f96","\Microsoft Word 2016\Word Options\Proofing\AutoFormat as you type\Automatically as you type","Auto space"
"e1e4a1f6-7681-45c3-86e4-2e104f19f128","\Microsoft Office 2016\Language Preferences\Editing Languages\Enabled Editing Languages","Sindhi (Devanagari)"
"52ae4bfc-0de2-42dc-ac99-27518bfdfb41","\Microsoft Outlook 2016\Outlook Options\Preferences\E-mail Options\Advanced E-mail Options\Desktop Alert","Specify opacity of Desktop Alert"
"835bd1c3-18bb-452b-8c14-c9a80bab7cad","\Microsoft Edge","Automatically open downloaded MHT or MHTML files from the web in Internet Explorer mode"
"62c5c426-108f-4813-8dad-c42fc861b79a","\Microsoft Edge","Configure browser process code integrity guard setting"
"9fabade1-0008-427b-87ff-bac0c8692991","\Google\Google Chrome","Enable Signed HTTP Exchange (SXG) support"
"5b1afc7a-7fd3-477c-a21e-1964965f5969","\Microsoft Edge","Configure tracking prevention exceptions for specific sites"
"078cd79b-6f12-45a7-b192-34501037f8f8","\Microsoft Edge","Control Javascript setTimeout() function minimum timeout (deprecated)"
"19356cb6-2714-4db4-a1a4-9ce733bd8713","\Microsoft Word 2016\Word Options\Advanced","Show drawings and text boxes on screen"
"972dbe5c-dc9a-484a-8147-850c01d6d5bc","\Microsoft Edge\Identity and sign-in","Guided Switch Enabled"
"c6a1cc56-beb5-4bb9-b1cb-f59e41c7552c","\Microsoft PowerPoint 2016\PowerPoint Options\Proofing","Check grammar with spelling"
"f9131399-9a82-4252-bb9e-b754fa68d766","\Microsoft Edge\Sleeping tabs settings","Block sleeping tabs on specific sites"
"1970d0f6-7d81-46ba-9bb1-eb8856b39161","\OneDrive","Enable automatic upload bandwidth management for OneDrive"
"04705208-7558-49ca-a349-fdaba6f35109","\Microsoft Edge","Enable web capture feature in Microsoft Edge"
"fbb4959b-353f-4d12-a8fc-19162571535d","\Microsoft Office 2016\Telemetry Dashboard","Specify the UNC path to store Office telemetry data"
"c682306b-4c7e-4b1e-bc30-db717b4d7c47","\Microsoft Edge","Block access to a list of URLs"
"e76bb453-1c9a-450d-a057-9e440bad0905","\Google\Google Chrome\Default search provider","Default search provider search URL"
"b0a19aa2-c3a2-4da2-8f10-23b315b7681b","\Microsoft Office 2016\Language Preferences\Editing Languages\Enabled Editing Languages","Pashto"
"a9f5f93d-3f43-4bc8-a7bd-e8989ff1a046","\Google\Google Chrome","Force enable spellcheck languages"
"a1b071d1-438f-4bc7-9e4f-a2a0d83b78c2","\FSLogix\Profile Containers","Roam Search"
"e5d22b03-80c3-4b9d-b4d0-db7094584c03","\Microsoft Office 2016\Language Preferences\Editing Languages\Enabled Editing Languages","K'iche"
"fd37e14f-a7fa-4aca-a1a7-df12ae5d1d28","\Microsoft Word 2016\Japanese Find","Match variant-form kanji (itaiji)"
"7d44464c-866e-4e82-acb8-50212ea39591","\Microsoft Edge","Specify URI template of desired DNS-over-HTTPS resolver"
"d05bc682-1835-4900-9361-0423df317de1","\Microsoft Outlook 2016\Outlook Options\Preferences\E-mail Options\Advanced E-mail Options","More save messages"
"ba760743-827c-431f-a321-e6e5c9722104","\Microsoft Office 2016\Miscellaneous","Age out the locally cached copies of server document versions that are more than n days old."
"4aab490c-7c96-4f99-9361-6758d062527c","\Google\Google Chrome\Removed policies","Force networking code to run in the browser process"
"961111c8-d679-4e49-acaf-e75781e43f0c","\Google\Google Chrome - Default Settings (users can override)","Set default download directory"
"09d328bc-a4a6-414d-abe3-ed453ca82172","\Microsoft Edge","Block third party cookies"
"3a22f106-e220-4a5a-855c-0564376f8210","\Microsoft Edge\Startup, home page and new tab page","Set new tab page quick links"
"df9f828f-43b8-40d9-9de3-8246cbbb199b","\Microsoft PowerPoint 2016\PowerPoint Options\Security\Trust Center\Protected View","Open files on local Intranet UNC in Protected View"
"b9fc92ce-d27a-4e1a-b293-3c75c4f52045","\Microsoft Edge\Performance","Performance Detector Enabled"
"566d650b-3c44-447b-9aac-1f7919f68751","\Microsoft Edge","Enable or disable the User-Agent Reduction"
"36378d4a-008b-48bc-b121-c993a400c67c","\Microsoft Outlook 2016\Outlook Options\Delegates","Disable shared mail folder caching"
"e15130cc-31b7-4b83-a41c-e705801e968f","\Google\Google Chrome - Default Settings (users can override)","Enable network prediction"
"91e06406-a91b-4d53-95cd-55367261b3ec","\Microsoft Edge Update\Applications\Microsoft Edge","Target Channel override"
"931d4154-0239-42a5-bf55-01227cd79d61","\Microsoft Office 2016\Security Settings\Trust Center","Only trust VBA macros that use V3 signatures"
"1cefa419-f6f2-46de-9418-7d2977523f0d","\Visual Studio\Feedback Settings","Disable the send-a-smile feature"
"c406f8cd-1937-4c9c-95af-acbea4309a91","\Microsoft Edge\SmartScreen settings","Configure Microsoft Defender SmartScreen to block potentially unwanted apps"
"e437ddc8-5728-4604-8d50-87173a507d65","\Microsoft Edge\Cast","Enable Google Cast"
"67cb2a41-9171-480d-9cac-368f192f6d5f","\Microsoft Outlook 2016\Account Settings\Internet Calendars","Default Internet Calendar subscriptions"
"5ff315b8-3cf3-4781-a3bb-934ea653fca4","\Microsoft Excel 2016\Excel Options\Security\Cryptography","Set CNG cipher key length"
"7b1ea002-8261-43c0-9693-197d45399e66","\Microsoft Office 2016\Language Preferences\Editing Languages\Enabled Editing Languages","Mapudungun"
"0aac5377-ff3b-440c-aea7-5dba6634c7bc","\Microsoft Office 2016\Collaboration Settings","Allow co-authors to chat within a document"
"7a42f606-9580-4e49-b06d-03d852155fca","\Microsoft Edge\Content settings","Block third-party storage partitioning for these origins"
"af0903e2-feec-4f22-b60d-a2ded2dcacfb","\Microsoft OneNote 2016\OneNote Options\Note Flags","Show dimmed tagged notes in the Tags Summary task pane"
"1dd9f820-467a-4670-8433-efd6dd9b3a3c","\Microsoft Access 2016\Application Settings\General","Default database folder"
"de59643f-8001-4a8d-9951-cba6c0aaadce","\Google\Google Chrome\Removed policies","Re-enable Web Components v0 API until M84."
"91e3f850-50ab-4607-9788-e9288f1f4101","\Microsoft Visio 2016\Visio Options\Security\Macro Security","Enable Microsoft Visual Basic for Applications project creation"
"5c15a0f7-4e6a-439c-9610-e53ef0f69e24","\Microsoft PowerPoint 2016\PowerPoint Options\Security\Trust Center\Trusted Locations","Trusted Location #10"
"a3944cad-13be-4468-949b-6a90037321e4","\Microsoft Excel 2016\Excel Options\Security\Trust Center\Trusted Locations","Disable all trusted locations"
"a97ea322-7de8-4f26-a1e7-0ea07ca8e5ea","\Microsoft Outlook 2016\Outlook Options\Mail Format\Internet Formatting","Plain text options"
"7990dd05-ff2f-475d-bfa9-84ed276e6902","\Microsoft Office 2016\Security Settings\Trust Center\Application Guard","Don't use Application Guard with Office."
"1fcc38a0-3c90-42e0-bb0a-ca39891a286d","\Microsoft Office 2016\Tools | Options | Spelling","Allow accented uppercase in French"
"29d9d416-6547-4931-8810-2a21c6fa96ce","\Microsoft Edge","Configure address bar editing"
"af14638c-df0e-4f5e-8871-d89689f9fb55","\Microsoft Office 2016\Help","Federated search for help"
"ff3f7b7d-d3a4-4be8-b48b-b75bed196289","\Google\Google Chrome","Enable mandatory cloud management enrollment"
"47f38240-4e42-487a-a993-452eee93b269","\Google\Google Chrome\Removed policies","Specify a list of plugins that the user can enable or disable"
"eaa9ce38-c9e6-41e3-ab59-9a0d504c5622","\Microsoft Office 2016\Security Settings\Digital Signatures","Specify minimum XAdES level for digital signature generation"
"db1994b2-9aa8-4c30-9c35-f10253b99e52","\Microsoft Office 2016\Language Preferences\Editing Languages\Enabled Editing Languages","Spanish (Nicaragua)"
"0ffc0426-17a2-4f33-b409-75ef83fa8da5","\Microsoft Excel 2016\Disable Items in User Interface\Custom","Disable commands"
"02a25ebf-e9cd-4bea-8812-2a1fa9e8f0f5","\Microsoft Office 2016\Language Preferences\Editing Languages\Enabled Editing Languages","Kashmiri (Devanagari)"
"82545c39-434b-4341-9e07-a9a728ee622b","\Google\Google Chrome - Default Settings (users can override)\Default search provider","Parameters for search URL which uses POST"
"e853889a-e5e1-4342-bedf-6219a88af2a1","\Microsoft Edge","Allow users to access the Outlook menu"
"f18cd4b8-4f42-4b91-a4b3-323ad3e93cc6","\Google\Google Chrome\Default search provider","Parameters for image URL which uses POST"
"91059eb2-bfed-4cc4-85f8-dacd77020aca","\Google\Google Chrome","Disable Certificate Transparency enforcement for a list of subjectPublicKeyInfo hashes"
"8866d7bd-42fb-4695-b6f2-80e0a90b1ac3","\Microsoft Office 2016\Subscription Activation","Automatically activate Office with federated organization credentials"
"29832ac8-2b56-457c-afcf-f5aa4651e7f5","\Microsoft Edge Update\Applications\Microsoft Edge Dev","Allow installation"
"6aafef55-f854-4c44-b7be-58b77fcd0f61","\Microsoft Office 2016\Language Preferences\Editing Languages\Enabled Editing Languages","Romansh (Switzerland)"
"542d0c93-d1fb-44eb-a50b-8c9f3b221805","\Google\Google Chrome","Enable Ambient Authentication for profile types."
"ca8ebf8f-5612-429c-b886-9af05ea6b2ac","\Google\Google Chrome","Set limit on megabytes of memory a single Chrome instance can use."
"c01ddf33-3026-467d-952a-acc2b6fad31e","\Microsoft Office 2016\Miscellaneous","Age out documents older than n days"
"4353f271-9d3d-41a0-822e-c17478bd5cd9","\Microsoft Excel 2016\Excel Options\Advanced","Show Alert if Excel is not the default for its associated file types"
"b5928214-4a0b-4e97-a2ce-ef12bd955c69","\Microsoft Outlook 2016\Account Settings\Exchange","RPC Proxy Authentication Setting"
"abdd71a3-958a-40bb-b318-f8619153d7c8","\Microsoft Edge\Content settings","Limit cookies from specific websites to the current session"
"4c34313a-0539-48ce-a0c9-be088b743c14","\Microsoft Office 2016\Tools | Options | Spelling","Hebrew mode"
"dffeb8bd-6243-4c9e-aed0-7f2ffd368001","\Microsoft Excel 2016\Excel Options\Security\Trust Center\Trusted Locations","Trusted Location #3"
"6f66ae87-4480-4327-8d94-057c66f0c274","\Microsoft Office 2016\Language Preferences\Editing Languages\Enabled Editing Languages","Ukrainian"
"05dc495c-f518-4cc7-9ed9-3e9a956b6932","\Google\Google Chrome\Content settings","Default notification setting"
"dc0ddce9-b233-4fcf-856c-0ada24cafb30","\Microsoft Office 2016\Signing","Suppress external signature services menu item"
"8b331580-adf9-4164-82ab-52f7e3650268","\Microsoft Office 2016\Language Preferences\Editing Languages\Enabled Editing Languages","Sinhala"
"7f39fc1e-6bfd-424c-a4e2-ff9e638732b6","\Microsoft Excel 2016\Excel Options\Advanced","Show names"
"7a459342-62ad-4610-9967-3a3db1304aa5","\Microsoft Publisher 2016\Security","Prompt to allow fatally corrupt files to open instead of blocking them"
"5f38c73e-0b3e-4be1-b214-fdb9f67a5ff6","\Google\Google Chrome\Deprecated policies","Authentication server whitelist"
"24f359a9-e0a6-4ad5-935f-523abe5dafcb","\Google\Google Chrome","Disable proceeding from the Safe Browsing warning page"
"a10d2e09-50b6-4d4f-9777-9f469a94e4cc","\Microsoft Edge\Content settings","Revert to legacy SameSite behavior for cookies on specified sites"
"63efd1a9-7b24-4e44-9510-d542fd2fbf97","\Microsoft Outlook 2016\Folder Home Pages for Outlook Special Folders","Outbox Folder Home Page"
"0fc774b3-68f0-46f2-9bd8-e3b0a42240a4","\Skype for Business 2016\Microsoft Lync Feature Policies","Configure SIP security mode"
"c1f668e1-15d1-4590-b1d1-59fed40bdda1","\Microsoft Edge\Content settings","Allow the WebHID API on these sites"
"31c02ad6-28bf-4840-b198-ebd4b1dfd052","\Microsoft OneNote 2016\OneNote Options\Password","Lock password protected sections after user hasn't worked on them for a time"
"442971a5-128b-4507-a271-e6f4bd118d5a","\Microsoft Office 2016\Privacy\Trust Center","Allow the use of additional optional connected experiences in Office"
"dba0d72e-a5bf-4016-92fe-77f9a24613bb","\Microsoft PowerPoint 2016\PowerPoint Options\General","Don’t allow the use of Live Subtitles"
"f9d04fb5-bd09-4c6c-b7df-58d65ea5bcc2","\Microsoft Edge","Web App management settings"
"4b59eb4a-00cf-410b-b38c-938df13ec4f2","\Google\Google Chrome","Determine the availability of variations"
"a41e5b4c-2083-4163-bacc-59244c76c4fe","\Microsoft Excel 2016\Excel Options\Save","AutoRecover delay"
"bde6d93a-d470-49a3-9bef-a16fd3904a6b","\FSLogix\Profile Containers\Cloud Cache","Healthy Providers Required For Unregister"
"5c79feea-09b4-43bd-b5c5-b7271f09c6e3","\Microsoft PowerPoint 2016\PowerPoint Options\Advanced\Web Options...\General","Resize graphics to fit browser window"
"be2a841a-bd8d-4008-965b-3a7aace932ef","\Microsoft Edge","Configure Do Not Track"
"bf71997a-6a96-44a0-94f8-b57e5574e2fb","\Skype for Business 2016\Microsoft Lync Feature Policies","Additional server versions supported"
"61efd989-66d5-444a-afa7-47362f6aebc8","\Microsoft Visio 2016\Visio Options\Advanced\Editing Options","Show more handles on hover"
"b4cdbe39-1b97-4875-9a73-e22989b18ac5","\Google\Google Chrome","Allows a page to perform synchronous XHR requests during page dismissal."
"e1a50e09-e476-429f-a0d7-7c7c14a73a4c","\Microsoft Office 2016\Security Settings\Digital Signatures","Select digital signature hashing algorithm"
"0b875606-f244-49c1-b6f1-8af49b1044f9","\Google\Google Chrome","Use built-in DNS client"
"0ae5ad2e-a345-4927-8620-c1bb91df907e","\Microsoft Office 2016\Contact Card\Contact Tab","Replace MAPI - Home Address"
"e2dfb345-9cca-4fbd-b3a0-e4fcb3dc84ba","\Microsoft Edge Update\Applications\Microsoft Edge Dev","Create Desktop Shortcut upon install"
"e9f04526-b517-4d6c-a2fa-479ff51e70e8","\Microsoft Project 2016\Project Options\General\General options for Microsoft Project","Set AutoFilter on for new projects"
"cf3a798b-847d-4a4a-8c0d-e90f9dcf24b3","\Microsoft OneNote 2016\OneNote Options\Send to OneNote","Disable Outlook send email to OneNote option"
"ca9f7e7e-0570-4947-bbaa-d947a63526df","\Microsoft Outlook 2016\Security","Do not automatically sign replies"
"004f6bba-bafd-4e3a-a6ed-ecd5fb600f57","\Microsoft Office 2016\Security Settings\Escrow Certificates","Escrow Key #1"
"7ecd1d3c-8d26-4091-9ff2-3f3b85d231fd","\Microsoft Edge","Enable support for Windows OS routing table rules when making peer to peer connections via WebRTC"
"0fadd49b-f92f-416f-bec4-93e2405f955f","\Microsoft Office 2016 (Machine)\Security Settings\IE Security","Object Caching Protection"
"fbe81e98-b3f4-4881-9da0-1ef169b20cf1","\Microsoft Edge","Force disable spellcheck languages"
"71d046cb-1d89-446c-bf6b-f138ef17a9a9","\Microsoft Edge\Content settings","Allow the WebHID API on these sites"
"13a0ae5b-fe82-4d3a-812b-32964840d6bf","\Google\Google Chrome\Content settings","Automatically grant permission to these sites to connect to USB devices with the given vendor and product IDs."
"2a34bbde-188f-41a2-85db-24c601557ce7","\Google\Google Chrome\Removed policies","Allow WebDriver to Override Incompatible Policies"
"37ab8b81-47d7-46d8-8b99-81d9cecdcce9","\Google\Google Chrome\Extensions","Configure allowed app/extension types"
"73d6730c-0470-4d0f-8636-b05b868ccd19","\Microsoft Edge\Private Network Request Settings","Specifies whether to allow websites to make requests to any network endpoint in an insecure manner."
"2b8b0884-2af0-4474-ba90-fa6ae24d642a","\Microsoft Edge","Limits the number of user data snapshots retained for use in case of emergency rollback"
"d7993d45-a3a4-4413-bcd9-a53cc519da3e","\Microsoft Outlook 2016\Outlook Social Connector","Block Global Address List synchronization"
"bb598b83-f755-4db9-ace5-cc0e2b3013ae","\Google\Google Chrome","Allow proceeding from the SSL warning page"
"270ccbcc-7e26-4a7e-84d0-d0dd52f31d96","\Google\Google Chrome - Default Settings (users can override)","Continue running background apps when Google Chrome is closed"
"2e0adf60-4e6d-432a-a776-56bb7ea826a3","\Microsoft Office 2016\Miscellaneous","Do not upload media files"
"9d2f5fc4-eb0a-4808-aeef-d67f017dd586","\Google\Google Chrome\Printing","Print Rasterize PDF DPI"
"72d612e1-7551-4047-8281-1a7038cff5e7","\Microsoft Edge","Enable favorites bar"
"507c7c66-9d8b-43b8-9d6f-45bd0190ca06","\Google\Google Chrome - Default Settings (users can override)","Always Open PDF files externally"
"7d66e7bd-0a01-4f66-8d76-690a58276985","\Microsoft Edge","Continue running background apps after Microsoft Edge closes"
"a67bd4ca-bf8b-4c97-b83b-314a2c5970f0","\Microsoft Access 2016\Application Settings\Security\Trust Center","Turn off trusted documents"
"09d2979f-40ec-4155-bba4-bbd61d7a9358","\Microsoft Edge","Enable the Search bar"
"efdabab6-e5d0-4779-b8a9-b07913d8c132","\Microsoft Outlook 2016\Security","Configure Add-In Trust Level"
"1e12c1e5-947e-4afa-97c1-0a2c0554fa8a","\Microsoft Project 2016\Project Options\Edit\Edit options for Microsoft Project","Edit directly in cell"
"fbbcfbe7-e10d-4f86-af35-90ea070efc22","\Microsoft Office 2016\Language Preferences\Editing Languages\Enabled Editing Languages","Maori"
"765919a9-4a9f-4f34-893a-f163d60f57ff","\Microsoft Edge","Set disk cache size, in bytes"
"3e4f767d-9004-4d9a-a340-92234915cc3f","\Microsoft Office 2016\Security Settings\Trust Center\Trusted Catalogs","Trusted Catalog Location #5"
"56c87f75-28bb-4fed-b2da-a5e78e4e9e32","\Microsoft Outlook 2016\Security\Automatic Picture Download Settings","Do not permit download of content from safe zones"
"6fbec21c-1137-428e-99c5-47cf6bfbec2a","\Microsoft Edge\Proxy server","Proxy settings"
"879cf371-31bf-4785-97f4-c058121c8a64","\Microsoft Edge\Printing","Sets layout for printing"
"c9d0a451-3bd0-43e2-a3a6-71fc31dea04a","\FSLogix\Profile Containers\Container and Directory Naming","VHD Name Pattern"
"fd5be7da-4ae4-4d5f-8a30-1284b543ab4c","\Microsoft Edge\Content settings","Choose whether users can receive customized background images and text, suggestions, notifications, and tips for Microsoft services"
"7d0176b7-8417-426a-b70f-6665caac58ba","\Microsoft Visio 2016\Visio Options\Advanced\File Locations","Favorites Stencil Name"
"26034486-b035-43bb-9b75-486dd844ee05","\Microsoft Excel 2016\Excel Options\Advanced","Show Insert Options buttons"
"5ecb97a8-5c78-4516-92de-3f4373a32df7","\Microsoft Excel 2016\Excel Options\General","Enable Live Preview"
"88ce5495-0a6f-4071-b51c-28848c6ff638","\Google\Google Chrome\Default search provider","Default search provider new tab page URL"
"ac894ce1-7da4-42d9-89fd-16b58cd0f9f4","\Microsoft Edge","AutoLaunch Protocols Component Enabled"
"402935b8-cd03-4834-a5a2-9a0488cf3aa6","\Microsoft Edge\Games settings","Enable Gamer Mode"
"c79b69c7-8c66-46a5-8358-220ac9893d0c","\Microsoft Edge","Allow local MHTML files to open automatically in Internet Explorer mode"
"53893779-f740-4bad-aa73-8da4e49904f1","\Microsoft Edge","Default clipboard site permission"
"0dafe584-e864-40ac-84bb-1e3a3a337578","\Microsoft Office 2016\Language Preferences\Display Language","Display menus and dialog boxes in"
"b3d91a9e-6178-4080-b544-6c007eabc477","\Google\Google Chrome\Printing","Use System Default Printer as Default"
"6c30a9d9-680e-4d85-bc27-c117742bacf7","\Microsoft Outlook 2016\Security\Trust Center","Specify Outlook memory alert threshold for web extensions"
"e4c173e8-3faf-420e-8418-59dc8965ebbb","\Microsoft Edge - Default Settings (users can override)","Allow importing of browser settings"
"9c5e971d-e174-445e-a432-f89e6234c3b6","\Microsoft Office 2016\Miscellaneous","Use local user name and initials values regardless of signed-in user"
"e10aa42d-2ed9-41f7-a7c5-05677171ce2f","\Microsoft Office 2016\Language Preferences\Editing Languages\Enabled Editing Languages","Edo"
"6daae71b-7596-4d35-8333-c48d69fa344c","\Microsoft Edge","Enable spellcheck"
"70ae17d1-60d3-417b-ba05-c44f19f4463a","\Microsoft Edge","Get user confirmation before closing a browser window with multiple tabs"
"2b967c78-e4f6-4faf-a2c9-19c76ae28a65","\Microsoft PowerPoint 2016\PowerPoint Options\Advanced","Allow text to be dragged and dropped"
"e9683af0-81ea-4fce-9218-44843692b338","\Microsoft Publisher 2016\Publisher Options\Advanced","Number of folders in the Recent Folders list"
"d3d861f5-6e06-48fe-bc8e-fa9d716089b4","\OneDrive","Cause sync client to ignore normal web proxy detection logic"
"27c4a06e-1c16-44d0-9c1e-f9167fa96990","\Microsoft Office 2016\Miscellaneous\Workflow Cache","Workflow Cache 14"
"f62f4db2-1d36-4e65-bb36-81ae321cc7fb","\Microsoft Edge","Enable QR Code Generator"
"c8731f39-fa35-4cb9-9dd8-db495c1cdee5","\Microsoft Visio 2016\Visio Options\Save\Save Documents","Prompt for document properties on first save"
"d6c19993-9e66-4e3a-a53c-44acced9539f","\Microsoft Edge","Allow or block audio capture"
"139cf114-f113-45ff-b5a4-d71b5fb79be7","\Google\Google Chrome\Printing","Enable printing"
"5cf817b5-02b0-4128-8814-f87afa3a593a","\Microsoft Office 2016\Security Settings","Encryption mode for Information Rights Management (IRM)"
"a64c3a64-6e69-448b-a135-b26e4249f753","\Google\Google Chrome","Allow legacy TLS/DTLS downgrade in WebRTC"
"b2fd2e50-a0ec-4a25-a93e-48f3b22d4180","\Microsoft Office 2016\Language Preferences\Editing Languages\Enabled Editing Languages","Spanish (Argentina)"
"3c535100-6a16-4968-b10d-d4db0d6f94b0","\Google\Google Chrome","Enable online OCSP/CRL checks"
"cc64dfb2-d186-467c-8859-4ef427977487","\Google\Google Chrome\Native Messaging","Allow user-level Native Messaging hosts (installed without admin permissions)"
"e0c044ce-de31-4751-b317-e852c597f32c","\Microsoft Office 2016\Miscellaneous","Control Blogging"
"3ca5f63e-e276-441a-98b9-3f514b21685f","\Microsoft Word 2016\Word Options\Advanced","Update automatic links at Open"
"2fb1dd13-6054-4064-8968-32fa4527d0d8","\Microsoft Office 2016\Security Settings\Trust Center\Protected View","Unsafe Location #2"
"13fd8f27-8bc6-4458-ac33-13a3ab657c6a","\Microsoft Edge - Default Settings (users can override)","Enable search suggestions"
"c65f473b-bcbf-4a65-898b-f55a01ff78ec","\Microsoft Edge","Enable using roaming copies for Microsoft Edge profile data"
"23eaecf3-eb2a-40f9-a386-e4c388f80f4f","\OneDrive","Limit the sync app upload rate to a percentage of throughput"
"9d3b278f-a19c-4216-bef6-dbcdfc51639f","\Google\Google Chrome\Removed policies","Allow insecure algorithms in integrity checks on extension updates and installs"
"2697f49a-bdb3-482e-bf14-8387f7a73134","\Google\Google Chrome\Content settings","Allow WebUSB on these sites"
"c27b24ac-feb4-46a3-90de-24649e98e9f9","\Microsoft Office 2016\Language Preferences\Editing Languages\Enabled Editing Languages","Lao"
"ad7260ff-3a32-4eab-a107-1a112420c69c","\Skype for Business 2016\Microsoft Lync Feature Policies","Enable using BITS to download Address Book Service files"
"f2027509-791d-42d6-8cf6-526c92fa20a8","\Microsoft Edge\Content settings","Grant access to specific sites to connect to specific USB devices"
"f02729b7-fb02-4a86-81ee-0c9f70296b20","\Microsoft Word 2016\Word Options\Advanced","Use the Insert key for paste"
"894ed689-dc55-4102-8264-20a8f8a5fd9f","\OneDrive","Block syncing OneDrive accounts for specific organizations"
"fe16f16a-7318-4032-9108-92ae7bcadc3f","\Microsoft Outlook 2016\Security\Cryptography","Message Formats"
"4228a8a1-72f2-4c04-9f8f-0c28caf9b6f6","\Google\Google Chrome\Content settings","Allow notifications on these sites"
"bf896e58-d41f-4bc3-b3b4-7332e935511b","\Google\Google Chrome\Extensions","Configure extension, app, and user script install sources"
"a70d9f98-991e-4f55-9715-7c819f6a04bc","\Google\Google Chrome\Deprecated policies","Default mediastream setting"
"ccfd2123-ff05-4680-a4eb-ab2790b6d6ed","\Microsoft Edge\Password manager and protection","Enable saving passwords to the password manager"
"2e34d8a2-266b-4cb0-b0bc-e26381d849f4","\Microsoft Office 2016 (Machine)\Updates","Hide Update Notifications"
"157c8415-4753-4331-9679-e102d95bbfbb","\Microsoft Outlook 2016\Security\Trust Center","Apply macro security settings to macros, add-ins and additional actions"
"79399cf8-9b99-4eb6-b0a5-29f709273c1f","\Microsoft Edge","Standalone Sidebar Enabled"
"0758d56c-403c-4717-a8fb-29f645c9495e","\Microsoft Edge","Ads setting for sites with intrusive ads"
"f9ef764f-ac1e-4728-8f2b-3e34ac0d0ada","\Microsoft Office 2016\Security Settings\Escrow Certificates","Escrow Key #17"
"678c83ec-d64f-4be9-ae23-3cd6a53ae3d5","\Microsoft Word 2016\Word Options\Advanced","Use sequence checking"
"68b05fa4-4622-4e61-8126-b45e694eabb5","\Microsoft Word 2016\Word Options\Advanced","Use smart paragraph selection"
"cc7b6d99-4319-4f7b-a45c-f7234fa96b1f","\Microsoft Edge","Enable site isolation for specific origins"
"b973e972-079c-468e-86fa-b4bd80f82984","\Microsoft Office 2016\Language Preferences\Editing Languages\Enabled Editing Languages","English (Malaysia)"
"32015072-235a-46f4-80c9-0eaefce0379d","\Microsoft Edge\Startup, home page and new tab page","Enable preload of the new tab page for faster rendering"
"ca89c9d6-616e-4d40-867a-38b8aa8cdefd","\Google\Google Chrome","Google Chrome cloud policy overrides Platform policy."
"60fcb297-a161-481e-85f6-f28517a67062","\Microsoft Project 2016\Miscellaneous","Show custom templates tab by default in Project on the Office Start screen and in File | New"
"9ffd9a47-b9ad-40cd-a2ab-216c32ab2081","\Microsoft Edge","Specify how ""in-page"" navigations to unconfigured sites behave when started from Internet Explorer mode pages"
"857b83ad-400e-46c1-ae6b-f4792e97ec29","\Microsoft Office 2016\Security Settings\Escrow Certificates","Escrow Key #9"
"a0469ef8-9f4c-40d8-8588-793060c18b62","\Microsoft PowerPoint 2016\PowerPoint Options\Security\Trust Center\Trusted Locations","Trusted Location #19"
"251208ca-79e1-4a58-842d-8be27da4f08a","\Microsoft Outlook 2016\Outlook Social Connector","Do not allow on-demand activity synchronization"
"abf83017-6f59-4912-9c4f-157b5cf48fea","\Google\Google Chrome\Removed policies","Allow sites to simultaneously navigate and open pop-ups"
"10e67c4d-a9f2-4fc8-b6dd-d45cfe474554","\Google\Google Chrome\Removed policies","Enable HTTP/0.9 support on non-default ports"
"567a1ce9-8532-40e5-bd2a-3295bd79ae03","\Google\Google Chrome\Removed policies","Enable a TLS 1.3 security feature for local trust anchors."
"1b5a8200-cd2f-432d-9207-65ca394ff8d9","\Microsoft Edge - Default Settings (users can override)","Allow single sign-on for Microsoft sites using this profile"
"18483696-e974-4112-9b98-84c2a38f7adc","\Microsoft Edge","Use graphics acceleration when available"
"72f1ad38-a8c9-45a2-9850-7d08b739c943","\Microsoft Word 2016\Word Options\General","Don't show the option to transform a document to a Sway web page"
"d6d21c70-f15f-4db9-9ddb-67607c7d143c","\Microsoft Office 2016\Contact Card\Contact Tab","Replace AD - Work Address"
"7b0295ce-2e4a-443a-a20d-aeb9ee64da8d","\Google\Google Chrome","Controls the mode of DNS-over-HTTPS"
"b7411e71-cff3-4859-b287-85884076fc5d","\Microsoft Visio 2016\Disable Items in User Interface\Custom","Disable shortcut keys"
"73b80ac5-b650-4441-8610-b76cff4987a8","\Microsoft Edge","Show the Reload in Internet Explorer mode button in the toolbar"
"2eddec89-f17e-48af-a753-23bb13283ffe","\Microsoft Office 2016\Security Settings\Trust Center\Protected View","Unsafe Location #19"
"d5636139-7322-4ac2-b4e2-a843b8d1bbca","\Microsoft Office 2016\Language Preferences\Editing Languages\Enabled Editing Languages","Arabic (Lebanon)"
"d80e9e14-25a9-491f-b831-8c18384b204a","\Microsoft Edge - Default Settings (users can override)","Edge 3P SERP Telemetry Enabled"
"03d164bb-e947-406e-a1e7-2a48c4d2ba6f","\Microsoft Edge","Configure the list of commands for which to disable keyboard shortcuts"
"25f8b101-9dc8-4d77-8b9d-4d6edb7d6d4d","\Microsoft PowerPoint 2016\File Tab\Check Accessibility","Stop checking to ensure hyperlink text is meaningful"
"ca0dd95c-ac29-4099-89f8-51f6b8672fab","\Microsoft PowerPoint 2016\PowerPoint Options\Advanced","Show menu on right mouse click"
"211e1597-a773-49d0-bcb8-acce3e593b42","\Microsoft Outlook 2016\Security\Security Form Settings\Attachment Security","Remove file extensions blocked as Level 1"
"d4943257-c086-4766-b97a-4b196e92ef77","\Microsoft Office 2016\Contact Card","Do not display photograph"
"fc187ae2-d036-46ce-a3c4-ae61622981de","\Microsoft PowerPoint 2016\PowerPoint Options\Security\Trust Center\Trusted Locations","Trusted Location #9"
"fb74c272-6fcc-473a-b065-d6c02ce0161e","\Microsoft Outlook 2016\Outlook Options\Preferences\Calendar Options","Weather Bar Update Frequency"
"c50b0f7d-638f-4cc2-adb3-2675e6b13003","\Microsoft Edge","Allow pages to send synchronous XHR requests during page dismissal (deprecated)"
"242d1511-3b6e-4e66-9ea0-ab0c6cd87f64","\Microsoft Excel 2016\Excel Options\Security\Trust Center\Trusted Locations","Allow Trusted Locations on the network"
"1de8e464-9267-4f21-bf4d-61292877ad9e","\Microsoft Word 2016\Word Options\Track changes and compare","Table compare colors"
"f20656ad-3d29-49a2-bee9-8d7d5ec20a80","\Microsoft Edge","Enables Microsoft Edge mini menu"
"4fd58cf2-da8f-4229-ac2a-2bd274a73005","\Microsoft Office 2016\Microsoft Save As PDF and XPS add-ins","Disable Microsoft Save As PDF and XPS add-ins"
"35702162-acae-4746-8341-2a7cccfcbd19","\Google\Google Chrome","Allow default search provider context menu search access"
"164f9cda-4b86-46fe-b738-6c546a4b36d3","\Microsoft Office 2016 (Machine)\Miscellaneous","Open Directly in Office Client Application"
"68ab84b7-2473-4a89-8224-a149c088f198","\Google\Google Chrome\Removed policies","Maximum SSL version enabled"
"68db8b36-0f0d-4157-ba37-ba799e878196","\Microsoft Office 2016\Contact Card\Contact Tab","Replace Label - WorkFax"
"a61c755f-2b7c-4855-a8cc-d27b81d373eb","\Microsoft Outlook 2016\Outlook Options\Preferences\Calendar Options\Recurring item configuration","Specify total number of days in a recurring meeting or appointment"
"4b917d3a-5d71-4c0c-9c0e-2df1f35c59f6","\Microsoft Visio 2016\Visio Options\Advanced\Editing Options","Turn off transitions"
"9812e759-8e25-4ee9-ad7b-a2472953bf6f","\Microsoft Word 2016\Word Options\Advanced","Number of folders in the Recent Folders list"
"d39a88ad-4dab-4f14-b525-dafdb7aff12c","\Google\Google Chrome - Default Settings (users can override)\Startup, Home page and New Tab page","URLs to open on startup"
"15d85bde-c697-45ec-a967-ffb18e662ffc","\Google\Google Chrome","Disable Certificate Transparency enforcement for a list of Legacy Certificate Authorities"
"200cdb1f-b6aa-4bd9-a3b7-d60118d4e0c9","\Microsoft Edge","Use a default referrer policy of no-referrer-when-downgrade (obsolete)"
"74be9c0a-ef19-4470-a129-2fe3ca4ed3ff","\Google\Google Chrome\Startup, Home page and New Tab page","Configure the New Tab page URL"
"19acc3fb-36d0-4ceb-b5af-20dce7dffe85","\Microsoft Excel 2016\Excel Options\Security","Perform file validation on pivot caches"
"a58f7303-c918-48b4-80b8-f99798cd852a","\Microsoft Office 2016\Security Settings\Trust Center","Trusted Location #1"
"bc5d7d22-f026-4364-b452-0a6148e6a422","\Microsoft Office 2016\Language Preferences\Editing Languages\Enabled Editing Languages","German (Luxembourg)"
"09c0eaf2-1764-41d1-9acf-bba048fab7a1","\Microsoft Word 2016\Japanese Find","Match tsi/thi/chi, dhi/zi"
"d8c5f353-1983-4c87-b49e-5690b59fff8f","\Microsoft Edge - Default Settings (users can override)","Wallet Donation Enabled"
"8cc55997-0cd8-41ed-9d22-4b9b80567a32","\Microsoft Edge","Show an ""Always open"" checkbox in external protocol dialog"
"c35701e6-b62e-418f-bb63-6ff281dd083c","\Microsoft Edge","Allow Internet Explorer mode testing (deprecated)"
"8df41c63-419a-416b-a8fe-16e5e75c3130","\Microsoft Office 2016\Language Preferences\Editing Languages\Enabled Editing Languages","Icelandic"
"52dc41da-1b86-4dda-ba7c-297cbb68550b","\Google\Google Chrome\Removed policies","Specify whether the plugin finder should be disabled (deprecated)"
"82e3129a-d939-49b4-b138-b247afc539db","\Microsoft Office 2016\Security Settings\Trust Center","Trusted Location #5"
"95c61fa0-2a55-404c-9c48-49f46efdfd34","\Google\Google Chrome\Content settings","Default popups setting"
"420aadee-eb28-42a7-98d5-911f84e438df","\Microsoft Edge","Determines whether the built-in certificate verifier will enforce constraints encoded into trust anchors loaded from the platform trust store (deprecated)"
"3ed0a0d4-1ab7-475e-9ff0-8cd10f30bbbd","\Microsoft Edge","Configure whether form data and HTTP headers will be sent when entering or exiting Internet Explorer mode"
"88452ad4-0ec9-4e2c-b480-891c1fe6e98e","\Microsoft Outlook 2016\Outlook Options\Mail Format\International Options","Auto-select encoding for outgoing messages"
"4e05429f-c496-427f-95bf-e15594306c27","\Microsoft Word 2016\Collaboration Settings\Co-authoring","Prevent co-authoring"
"0b3cab58-f67f-4724-b73a-f32f6f9df315","\Microsoft Edge","List of file types that should be automatically opened on download"
"7449d231-a2a5-4c86-bef5-b4dd49a71de2","\Google\Google Chrome - Default Settings (users can override)\Default search provider","Parameters for image URL which uses POST"
"22c4800b-c511-49d2-9339-66143d70dc77","\Microsoft Outlook 2016\Security\Security Form Settings\Programmatic Security","Configure Outlook object model prompt when responding to meeting and task requests"
"8756da81-871e-483d-9a8b-397dadfd2dbd","\Microsoft PowerPoint 2016\Disable Items in User Interface\Custom","Disable shortcut keys"
"041f020d-d850-465d-882a-b6b0b04b4597","\Microsoft Outlook 2016\Outlook Options\Preferences\Calendar Options","Use this response when you propose new meeting times"
"c4a1714d-db66-4dba-a991-2a7895d6e4f4","\Microsoft Outlook 2016\Security\Cryptography","Sign all e-mail messages"
"527927b9-9b11-4878-9d64-567bcbf374b6","\Microsoft Edge","Enable upload files from phone in Microsoft Edge desktop"
"6d02a11d-4aa2-4242-ac30-37833026280f","\Microsoft Office 2016 (Machine)\Security Settings\IE Security","Navigate URL"
"84f472f9-2321-43ed-84ca-f0b2e517056e","\Microsoft Edge\Content settings","Control use of the Web Bluetooth API"
"660f6e43-de74-4406-8c31-c341142e2ad1","\Google\Google Chrome\Legacy Browser Support","Keep last tab open in Chrome."
"f4d7a102-543f-4b27-a951-63982ecfde18","\Microsoft Office 2016 (Machine)\Security Settings","Graphics filter import"
"b46bf618-07ac-41ed-98a6-d51deddd4e85","\Microsoft Edge","Allows enabling throttling of non-visible, cross-origin iframes"
"43aea69b-077c-4a8a-9e58-cb598d31463a","\Microsoft Word 2016\Word Options\Proofing","Do not enable additional actions in the right-click menu"
"cd478868-5ee0-4757-b5fd-25409e6e5f89","\Microsoft Edge WebView2\Loader Override Settings","Configure the WebView2 release channels"
"2743a18b-1068-435b-b857-275de0c0bd9e","\Microsoft Outlook 2016\Outlook Options\Mail Format\International Options","English message headers and flags"
"c4f4e84f-d86a-46f6-be8a-e689be01d819","\OneDrive","Set the maximum size of a user's OneDrive that can download automatically"
"8f39f3de-2ae9-405b-95c9-f3da730fa6bc","\Microsoft Edge","Show Microsoft Office shortcut in favorites bar (deprecated)"
"629a4e1a-4d80-46d6-aa87-2c403c974e79","\Microsoft Edge","Configure Internet Explorer integration"
"89967d2e-9015-44ac-9f50-93d8b6832dea","\FSLogix\ODFC Containers","Refresh User Policy"
"dc7597f1-470b-4768-9905-88aeef90ef9d","\Microsoft Excel 2016\Excel Options\Security\Trust Center\Trusted Locations","Trusted Location #14"
"b22e5843-389c-44e1-aff8-4f54eeb6c460","\Microsoft Edge","Control the User-Agent Client Hints GREASE Update feature"
"8882369b-cd4d-4447-81f4-592a7bc969cd","\Google\Google Chrome\Default search provider","List of alternate URLs for the default search provider"
"e4c9b409-cd6e-4c09-906a-3d11db3f7e8a","\Microsoft Office 2016\Language Preferences\Editing Languages\Enabled Editing Languages","Arabic (Morocco)"
"7fb9732b-ebee-48e9-af9a-2baaa55e20d5","\Microsoft Word 2016","Stop Read Aloud when app goes in background"
"5108f5f8-0d40-4e1d-bdd3-ea54112ce3fa","\Microsoft Outlook 2016\Security\Security Form Settings\Programmatic Security","Configure Outlook object model prompt When accessing the Formula property of a UserProperty object"
"f26a0a92-8b36-4200-bc74-8547c955f1af","\Microsoft Edge","Synonyms are provided when using Microsoft Editor spell checker"
"426e9052-9c00-4126-a6d3-1e4781c95977","\Google\Google Chrome\HTTP authentication","Disable CNAME lookup when negotiating Kerberos authentication"
"4403b584-8fd2-4c74-a886-1fddfb0e149c","\Microsoft Office 2016\Language Preferences\Editing Languages\Enabled Editing Languages","Sesotho sa Leboa"
"31e97def-f6cf-4bf0-a205-2a8e21d4e99c","\Microsoft Edge\Content settings","Allow notifications to set Microsoft Edge as default PDF reader"
"2fd4e8d7-3ff9-44be-9a50-1069cdcd7c34","\Google\Google Chrome","Incognito mode availability"
"14acf683-58ba-492f-ab35-697d2f560620","\Microsoft Office 2016\Miscellaneous","Block signing into Office"
"942b6c68-f68f-467e-991e-0b75f06ffb34","\Microsoft Office 2016\Language Preferences\Editing Languages\Enabled Editing Languages","Catalan"
"7f23e2fb-c23b-43b4-9412-0cd0da55c78a","\Google\Google Chrome\Removed policies","Re-enable Web Components v0 API until M84."
"31a4e06c-be1f-4f67-8130-28b5832414b1","\Microsoft Project 2016\Project Options\Interface\Show indicators and Option butons for","Edits to work, units or duration"
"bb06d690-9816-4bd7-a76f-68cfba6a54ff","\Microsoft Edge","Control Copilot with Commerical Data Protection access to browser context for Microsoft Entra ID profiles"
"28b4ce98-782c-41cd-8bed-4f7872d06e42","\Google\Google Chrome\Legacy Browser Support","Use Internet Explorer's SiteList policy for Legacy Browser Support."
"665cfe49-d4d3-4494-bc77-10a2b6e37c5d","\Microsoft Office 2016 (Machine)\Security Settings\IE Security","Add-on Management"
"a1c618fd-2b54-443b-9064-3f7d556e49ad","\Microsoft Office 2016\Security Settings\Escrow Certificates","Escrow Key #13"
"2c040c67-3d82-4e9a-a53d-5962a8e6621c","\Microsoft Edge","Suppress the unsupported OS warning"
"64b28280-8904-48d9-bd32-1886f53449c6","\Microsoft Edge","Always use the OS capture engine to avoid issues with capturing Internet Explorer mode tabs"
"152c6583-927d-4bf5-9c92-80c07a6e647f","\Microsoft Edge\Manageability","Microsoft Edge management enabled"
"2c36e538-d238-4b2f-a3f1-8c96e89f155b","\Microsoft Office 2016\Signing","Suppress Office Signing Providers"
"66a0042f-af9d-4a8c-b4a7-4057295c2adb","\Microsoft Access 2016\Application Settings\Security\Cryptography","Configure CNG cipher chaining mode"
"7a64fe7a-6638-4940-b9db-0c3ab1cec1a0","\Microsoft Excel 2016\Excel Options\Advanced","Automatically insert a decimal point"
"683351b2-6701-4a02-80cc-87b70ddf7320","\Microsoft Edge","Enable Windows to search local Microsoft Edge browsing data"
"40aed795-63a1-42b6-8d53-48a68bf501c8","\Microsoft Edge\Content settings","Control use of the File System API for reading"
"5bd5175f-1a81-46e1-8010-18ab1874e69e","\Microsoft Edge WebView2","Controls whether unload event handlers can be disabled."
"5084310b-67d5-4fd2-ae0d-af9fe026da78","\Microsoft Office 2016\Contact Card\Contact Tab","Replace AD - WorkFax"
"07895f5f-e796-4667-b17a-431e30053de4","\Microsoft Outlook 2016\Miscellaneous\PST Settings","Permanently remove all deleted content from PST and OST files"
"6ca5fb2b-1cbe-48f3-b6f6-e93f92b14441","\Microsoft Edge","Compose is enabled for writing on the web"
"638abb90-6e5c-4e1a-9f78-5b30e5f84f08","\Microsoft Edge WebView2\Loader Override Settings","Set the release channel search order preference"
"4246aea2-ba83-4d04-8773-0c5dcc85d5d3","\Microsoft Edge","Force WebSQL in non-secure contexts to be enabled (obsolete)"
"44c0bc56-dac6-48c7-a86c-09b071d79629","\Microsoft Office 2016\Security Settings\Trust Center","Trusted Location #15"
"38ae349d-95e8-475a-9aa8-e4d9b82f34dd","\Microsoft Office 2016\Language Preferences\Editing Languages\Enabled Editing Languages","Breton"
"7d911e88-51de-4bbe-afb2-835c8a81b42c","\Microsoft Edge\Manageability","Mobile App Management Enabled"
"f914e819-30d0-4e89-b0dd-f67e1b9fef70","\Google\Google Chrome","Enable alternate error pages"
"69f29c0e-40f4-4561-95a9-87cf73092808","\Microsoft Edge","Enable Microsoft Search in Bing suggestions in the address bar"
"9238d073-62bb-4822-913f-e70028ecaeab","\Google\Google Chrome","Explicitly allowed network ports"
"f3a69344-5637-4b7d-9a6b-eb0cf506c662","\Microsoft Edge WebView2","Control communication with the Experimentation and Configuration Service"
"5ef8550b-3331-44c4-a186-cd9ee71770c0","\Microsoft Office 2016\Language Preferences\Editing Languages\Enabled Editing Languages","Serbian (Latin, Montenegro)"
"03825af2-0c0c-4be3-a57d-e1fd9467d73f","\Google\Google Chrome","Set disk cache size in bytes"
"f893731e-10d5-4383-988a-fa2592298806","\Microsoft Outlook 2016\Outlook Options\Spelling","General"
"060bc73e-81d5-4d66-8bd8-07aa636ccdaa","\Microsoft Outlook 2016\Outlook Options\Mail\Compose Messages","Disable Reading Pane Compose"
"a7cfc909-9960-4ad0-bf0d-bb06a125c33c","\Microsoft Office 2016\Contact Card\Contact Tab","Replace Label - Mobile"
"60cd5263-68a5-464b-87d2-b638f33b7975","\Google\Google Chrome","Import autofill form data from default browser on first run"
"717376bb-dcce-4a0f-b7c4-aa310800abce","\Microsoft Edge\Startup, home page and new tab page","Enable preload of the new tab page for faster rendering"
"bf89b335-7b27-4e55-8ca9-77f56694221b","\Google\Google Chrome","Ask where to save each file before downloading"
"24050972-7e5c-409b-bd72-b04053efa2fc","\FSLogix\Logging","Enabled"
"455a51b5-0c42-43c5-8111-8c8897c2c9de","\Microsoft Office 2016\Security Settings\Digital Signatures","Configure legacy DSA public key size"
"d2af0549-3d91-4ca4-9345-ebc1cf530c90","\Microsoft Outlook 2016\Outlook Options\Preferences\Calendar Options\Free/Busy Options","Internet Free/Busy Options"
"5c49dc20-2f62-4186-b999-82fc7eb95f55","\Microsoft Edge\Printing","Sets layout for printing"
"26fc1240-7588-4dec-8dbd-f6c936dd737a","\Microsoft Office 2016\Security Settings","ActiveX Control Initialization"
"736144c8-839f-4c2d-b311-aa1f961e5e46","\Microsoft Visio 2016\Visio Options\Advanced\Display","Stencil window ScreenTips"
"80003f85-9416-432f-bdc4-67cb89f7ad52","\Microsoft Outlook 2016\Miscellaneous\PST Settings","Legacy PST: Absolute maximum size"
"3abda89f-1657-4d14-b635-b582fd8e6a97","\Microsoft Edge","Configure InPrivate mode availability"
"d82679b8-1921-4884-b494-c1520cb596dd","\Google\Google Chrome\Removed policies","Allow the Flash plugin on these sites"
"a2652864-28ab-41ea-b674-41a87baa10e8","\Microsoft Edge","Allow importing of extensions"
"5e670225-5402-43e8-b7eb-d566d157aa56","\Microsoft Edge - Default Settings (users can override)","Allow importing of saved passwords"
"5e76a68a-653c-4b5c-9466-15666e4ab527","\Google\Google Chrome\Deprecated policies","Allow sign in to Google Chrome"
"fcd57491-af8f-439a-95aa-9344f171dfd7","\Microsoft Edge","Enable spellcheck"
"fdc949c3-b325-48ef-95d8-d64e6f777ce6","\Microsoft Office 2016\Manage Restricted Permissions","Always require users to connect to verify permission"
"17162938-080e-4dad-973a-f040636346d5","\Microsoft Excel 2016\Excel Options\Security\Trust Center\Protected View","Set document behavior if file validation fails"
"d50a5253-7528-4e85-86ff-7233440ed1ea","\Google\Google Chrome\Password manager","Enable saving passwords to the password manager"
"17001512-d159-40a9-adb9-5f918633b011","\Google\Google Chrome\Deprecated policies","Force SafeSearch"
"f3cf3618-c903-42b0-80f3-f9cfb97a5595","\Microsoft Edge","Configure the list of types that are included for synchronization"
"d4bf3cf3-9347-4a5b-bf6b-40ff645aa2a6","\Google\Google Chrome\Deprecated policies","Proxy bypass rules"
"7d802a90-b3a1-4e4d-93d5-78aa33726dfb","\Microsoft Outlook 2016\Miscellaneous\PST Settings","Default location for OST files"
"a3bedc38-1533-4c9c-b255-a2e235390b0d","\Microsoft Edge","Disable Certificate Transparency enforcement for a list of legacy certificate authorities"
"440fa7bf-14b7-4130-9454-f90c876d004f","\Google\Google Chrome\Removed policies","Additional command line parameters for Google Chrome"
"de94342c-4079-454d-b5b8-12d9afe91cc7","\Microsoft Excel 2016\Excel Options\Security\Trust Center","Block Excel XLL Add-ins that come from an untrusted source"
"84d10b6f-f40a-472b-aa52-548a0a15945f","\Microsoft Edge","Allow launching of local files in Internet Explorer mode"
"20d31a7e-5f3e-46c3-8591-178da9310fa7","\List Sync","Disables Lists sync on this device."
"eb7865a1-0bfa-4be0-bf03-b16b84ba27dd","\Microsoft Publisher 2016\Publisher Options\Advanced","Allow text to be dragged and dropped"
"4f9a7958-5466-47ec-a76d-a7dd0e43f6f0","\Microsoft Excel 2016\Excel Options\Security\Trust Center","Require that application add-ins are signed by Trusted Publisher"
"4d47a6f1-3777-4291-8e92-3975b3662e9a","\Microsoft Office 2016\Security Settings\Trust Center\Trusted Catalogs","Default SharePoint Catalog Location"
"25eaa494-f6ea-47bf-9014-cf9da63b4f9a","\Microsoft Visio 2016\Visio Options\Security\Trust Center","Trusted Location #12"
"e1762870-5dd6-40bb-9574-e8400474d39b","\Microsoft Edge\Printing","Default printer selection rules"
"fa78a1bb-792a-4c4e-b3cd-6508fc5ba8b5","\Microsoft Edge - Default Settings (users can override)\Default search provider","Parameters for an image URL that uses POST"
"44fd95bb-8e5f-45eb-993f-e9d67584c7c9","\Microsoft Office 2016\Language Preferences\Editing Languages\Enabled Editing Languages","Burmese"
"aa9cbfbb-a6d4-40dd-80a2-d8893fcdce45","\Microsoft Edge","Allow sites configured for Internet Explorer mode to open in Microsoft Edge"
"fea11ecd-fd5a-4830-b74c-1ad20aa1fcb0","\Google\Google Chrome\Removed policies","Block the File Handling API on these web apps"
"1e3f6eed-d7b3-43bf-b78d-a65eef320e96","\Microsoft Excel 2016\Excel Options\Security\Trust Center\Trusted Locations","Trusted Location #9"
"780999f5-3baf-4831-8101-f3e8f429deb4","\Microsoft Edge\Performance","Pin browser essentials toolbar button"
"894c5b32-e35e-4ce9-aa34-826972970ce6","\Microsoft Outlook 2016\Outlook Options\Preferences\Calendar Options","Do not allow Calendar search agenda view"
"151511c6-cb29-4897-9ed5-aa98e6505b5f","\Google\Google Chrome\Deprecated policies","Block access to a list of URLs"
"2d389f6a-ce7e-4839-aa8b-c876616bc30a","\Microsoft Edge","Allow default search provider context menu search access"
"56928713-276b-4114-b3b5-927be4ef53db","\Google\Google Chrome","Enable lock icon in the omnibox for secure connections"
"014c3189-da3a-4cd6-84c2-757bb0380d33","\Microsoft Edge - Default Settings (users can override)\SmartScreen settings","Configure Microsoft Defender SmartScreen"
"92aaf64b-e7a9-4d55-b407-92ddb2679514","\Microsoft Word 2016\Word Options\Security","Don’t ask permission before updating IncludePicture and IncludeText fields in Word"
"34e78405-ba5d-492b-89aa-59cc6091462e","\FSLogix\ODFC Containers\Cloud Cache","Healthy Providers Required For Register"
"d2ce648f-22c0-4d03-a932-7015689361c0","\Skype for Business 2016\Microsoft Lync Feature Policies","Trusted Domain List"
"e9713793-07f6-427e-a4ec-a1d0a96405de","\Google\Google Chrome\Removed policies","Enable sending downloads to Google for deep scanning for users enrolled in the Advanced Protection program"
"a2b4860e-959a-4d51-9ec0-3db1b8c43e49","\Microsoft Office 2016\Language Preferences\Editing Languages\Enabled Editing Languages","Spanish (Chile)"
"47ffb29f-87b7-4805-ac93-f827619a04ea","\Google\Google Chrome","Control SafeSites adult content filtering."
"2541e5ab-599e-4274-a5af-ada3b69c6d83","\Microsoft OneNote 2016\OneNote Options\Editing","Auto Keyboard Switching"
"b0b18357-959f-49bf-aae5-14922c32f71d","\Microsoft Edge","Microsoft Edge built-in PDF reader powered by Adobe Acrobat enabled"
"fe120520-a924-424d-b001-041d70ea45d3","\Microsoft Edge","Explicitly allowed network ports"
"300dd1eb-af8e-446c-9b96-2323b42e0f20","\Microsoft Edge\Content settings","Default setting for third-party storage partitioning"
"3f30e20e-c3b6-44ff-9805-bbfa08d66eb8","\Microsoft Office 2016\Miscellaneous","Home Workflow Library"
"3dc03de5-75ed-411c-bf76-65d2594afb40","\Microsoft Office 2016 (Machine)\Volume Activation","Prevent Token Activation dialog from closing"
"4d93337d-9fdd-4cfa-89a9-c587dffaef33","\Microsoft Outlook 2016\Account Settings\Exchange\Offline Address Book","Offline Address Book: Limit number of incremental OAB downloads"
"473657dd-8e2b-43db-8e65-ad2b347228ab","\Microsoft Edge","Allow using the deprecated U2F Security Key API (deprecated)"
"d74c119e-3a9e-4202-88cf-50c525c1a510","\FSLogix\Logging","AD Computer Group Process"
"7fa86236-b893-4186-98b8-7ce6d223dc14","\Microsoft Edge\Identity and sign-in","Enable the linked account feature"
"1e0d1b84-814d-4d4c-971b-1f33d652ec20","\Google\Google Chrome\Removed policies","Skip the meta tag check in Google Chrome Frame"
"c2a591fd-ee64-447d-95ce-7cf8c5c6b754","\Microsoft Edge","Force Windows executable Native Messaging hosts to launch directly"
"a1f2c5e5-36c8-4d47-9b3b-013ea525a31b","\Microsoft Outlook 2016\Outlook Options\Preferences\Junk E-mail","Specify path to Safe Recipients list"
"ac763150-c202-474e-bab9-824adaf8c3df","\Google\Google Chrome\Default search provider","Default search provider keyword"
"3c6f8b6d-3f03-4343-bfb3-292f1e525f49","\Microsoft Edge\Identity and sign-in","Default Profile Setting Enabled"
"59a01135-4a8b-4ec9-a4b9-c135b17e9d0d","\Microsoft Excel 2016\Miscellaneous","Personal templates path for Excel"
"d63add1c-7bd9-4b41-900d-7d09210acc52","\Microsoft Edge","Allow importing of extensions"
"b9ac339d-7b32-4a16-97f1-568a969ec589","\Microsoft Office 2016\Microsoft Office SmartArt","Disable built-in color variations"
"e832d4a2-d320-43a6-b98f-b22b0bb6435c","\Microsoft Edge - Default Settings (users can override)","Show the Reload in Internet Explorer mode button in the toolbar"
"00740738-710c-46c0-903c-ba90215c6fdf","\Microsoft Outlook 2016\Outlook Options\Preferences\E-mail Options\Advanced E-mail Options\Desktop Alert","Specify opacity at start of fade in"
"d2352ef4-3bad-40f3-86aa-942d557f93b5","\Microsoft Outlook 2016\Account Settings\RSS Feeds","Download full text of articles as HTML attachments"
"0a4eb107-07d2-4fc5-bde6-07eb117552bc","\Microsoft Office 2016\Business Data\Synchronization","Set query processing timeout limit"
"811036d3-67ee-46c1-8fc3-b712a649a47f","\Microsoft Outlook 2016\Security\Cryptography","Send all signed messages as clear signed messages"
"4c451896-f06d-4a39-8492-8892a18cf66c","\Microsoft Edge","Configure whether form data and HTTP headers will be sent when entering or exiting Internet Explorer mode"
"e573b329-095c-44a7-98e7-9800d9136a40","\Google\Google Chrome\Removed policies","Always runs plugins that require authorization (deprecated)"
"56c6f15e-85a8-4a4f-b65e-1cd62ab185af","\Google\Google Chrome - Default Settings (users can override)","Enable Translate"
"8b6e9fe5-5129-4b80-ab39-a6c1f71f4ffc","\Microsoft Edge\Immersive Reader settings","Enable Grammar Tools feature within Immersive Reader in Microsoft Edge"
"870133b0-16d1-4b55-a23a-5f07784daf80","\Google\Google Chrome","Enable Chrome Cleanup on Windows"
"dc2aef8e-2756-42b8-a40e-aa8befea2950","\Microsoft Outlook 2016\Security\Cryptography\Signature Status dialog box","Promote Level 2 errors as errors, not warnings"
"a3d59c64-ff11-4afb-85b8-6c4c59a00c1c","\Microsoft Office 2016\Contact Card\Contact Tab","Replace AD - Mobile"
"b5f824e4-6f38-4108-8d9d-3588f72c13f3","\Google\Google Chrome\Deprecated policies","Allow sign in to Google Chrome"
"a507d740-91df-406f-b23c-5f44d9315fd8","\Microsoft Project 2016\Project Options\View\Show","Scroll Bars"
"121d97cf-953f-4731-90a3-51f18a71afa2","\Microsoft Edge Update\Applications\Microsoft Edge Beta","Target version override"
"242586be-7919-4f96-99e5-14cfcedcacb9","\Google\Google Chrome\Deprecated policies","Enable force sign in for Google Chrome"
"3fa10689-3a29-4ccd-9764-dc547c3ac82d","\Microsoft Office 2016\Language Preferences\Editing Languages\Enabled Editing Languages","Telugu"
"60ea17a8-caf3-4532-bbf5-9e12c933d933","\Google\Google Chrome - Default Settings (users can override)\Default search provider","Parameters for suggest URL which uses POST"
"651b3485-e8b0-4dda-ac4a-c64b04549e45","\Microsoft Edge","Set disk cache directory"
"4d687764-2f89-4130-b15b-a579b04b9d06","\Microsoft Office 2016\Language Preferences\Editing Languages\Enabled Editing Languages","Spanish (Venezuela)"
"4b6003c0-c8d5-4197-968a-322366b36521","\Microsoft Edge","Hide restore pages dialog after browser crash"
"ac3cc879-af09-45ec-a770-9b345b6608a4","\Microsoft Edge","Send required and optional diagnostic data about browser usage"
"0de6b8db-89a1-4955-b355-1c715063c871","\Microsoft Project 2016\Miscellaneous","Block all unmanaged add-ins"
"8192469f-366b-48dc-a0bc-f7bf41f395a3","\Microsoft Office 2016\Server Settings\SharePoint Server","Maximum number of days to scan from today to determine the user's colleagues for recommendation"
"9a7d3893-23f9-429a-b34c-907a3bac143b","\Microsoft Excel 2016\Excel Options\Security\Trust Center\Trusted Locations","Trusted Location #17"
"e37bc82a-9a07-408c-9232-ad2007e11858","\Microsoft Visio 2016\Visio Options\Advanced\Editing Options","Enable connector splitting"
"2b1fc41e-f038-4dd3-89d0-e7f200c44992","\Microsoft Outlook 2016\Outlook Options\Preferences\Calendar Options","Enable down-level meeting text"
"2d6d9221-ca1e-4f29-ab1d-b83115df030f","\Microsoft Word 2016\Word Options\Display","Print drawings created in Word"
"b848d3ee-5c89-4c69-940a-bd67166b3e9d","\Microsoft PowerPoint 2016\PowerPoint Options\Security\Trust Center\Trusted Locations","Trusted Location #8"
"e6101c8f-6926-4112-b96a-3628f6567197","\Google\Google Chrome\Startup, Home page and New Tab page","Configure the New Tab page URL"
"2d7dd519-00ed-4739-a8a0-1f3d2157db01","\Microsoft Access 2016\Disable Items in User Interface\Custom","Disable shortcut keys"
"7b4e3512-181f-4062-82a6-e26923059469","\Windows Subsystem For Linux","Allow nested virtualization"
"5c77e65c-def2-429d-b941-d56f15a7ea75","\Microsoft Office 2016\Security Settings","Check OWC data source providers"
"583f37c0-c1ec-4984-9717-79944e4f17ec","\Microsoft Edge","Allow users to proceed from the HTTPS warning page for specific origins"
"8d6460c5-bf34-4883-938b-a824b3128bee","\Microsoft OneNote 2016\OneNote Options\Audio and Video","Specify rate to sample audio (bits/second)"
"dc3230e9-165a-4a1a-bf3b-29c4d0fabe91","\Microsoft Edge","Define a list of protocols that can not be silently blocked by anti-flood protection"
"e76d808a-6e6e-4f54-9cdc-62090f85c240","\Microsoft OneNote 2016\OneNote Options\Pen","Create all new pages with rule lines"
"a1ce0577-ea6d-4950-bcf3-3342256a7fb4","\Microsoft Edge","Show Microsoft Rewards experiences"
"646fc73f-0f93-4ad2-a702-170b5ee55fab","\Microsoft Edge","Manage the indicator UI of the Enhanced Security Mode (ESM) feature in Microsoft Edge"
"850b5371-a800-4aef-8dd3-93ff0fde7806","\Microsoft Office 2016\Security Settings\Trust Center","Trusted Location #8"
"8d0c16ca-5eaa-4d97-95a2-db27ab1b5100","\Google\Google Chrome\Deprecated policies","Configure extension installation whitelist"
"055f9bd4-b549-4444-9a17-b0687f4f7e0b","\Google\Google Chrome","Enables managed extensions to use the Enterprise Hardware Platform API"
"13481697-74cf-432c-96c0-83bccd86fc0e","\Microsoft Edge","Set disk cache directory"
"84c82f32-04f7-4074-a5c4-3544a98208b8","\Microsoft Edge\Content settings","Default geolocation setting"
"4bc4ff16-b517-49b0-bf74-370bbbb299d0","\Microsoft Office 2016\Security Settings","Allow VBA to load typelib references by path from untrusted intranet locations"
"dfe18006-30d1-404c-b486-ab5f73e37805","\Microsoft Office 2016\Language Preferences\Editing Languages\Enabled Editing Languages","isiXhosa"
"801be193-532c-464a-a5e3-697019706115","\Microsoft PowerPoint 2016\PowerPoint Options\Save","Keep the last AutoSaved versions of files for the next session"
"3e549bbb-98d7-46ad-a4ee-42612e33d78e","\Microsoft Edge\Content settings","Automatically select client certificates for these sites"
"e1e2398c-0349-41f5-8812-e1405e4cfe8a","\Microsoft Edge\Default search provider","Default search provider keyword"
"63db8dde-bcaf-49de-8964-1f68371c4d2c","\Microsoft Edge","Allow importing of saved passwords"
"3ebf3782-e470-4b65-a639-8da8c8d5efeb","\Google\Google Chrome\Removed policies","Allow key generation on these sites"
"4b7c6c7c-efc4-4fa5-9832-988d640433e5","\Microsoft Outlook 2016\Outlook Options\Other\Advanced","Prevent saving sync conflicts"
"686f6f27-ca3e-49c1-a622-debf103e4c85","\Microsoft Excel 2016\Excel Options\Security\Trust Center\Protected View","Do not open files in unsafe locations in Protected View"
"2f601a00-9d2a-429b-a9bd-69b65d9c1699","\Microsoft Edge\SmartScreen settings","Enable new SmartScreen library"
"eddeba14-93eb-4b58-9d7c-b666183d662c","\Google\Google Chrome","Restrict the range of local UDP ports used by WebRTC"
"1f43efe7-573f-4423-9230-2a2b4074d966","\Microsoft Excel 2016\Excel Options\Advanced","Cut and copy objects with cells"
"aae22f12-4e43-4f87-8165-576e0e7cb41f","\Google\Google Chrome\Removed policies","Prevent app promotions from appearing on the new tab page"
"5cdf0ce8-f338-4bb3-b2c2-d00e5a255514","\OneDrive"," Allow users to contact Microsoft for feedback and support"
"e1e1aa73-cc14-4eaa-a6e3-919b47d34e48","\Microsoft Office 2016\File Open/Save dialog box\Places Bar Locations","Places Bar Location 1"
"19acbd05-3811-4206-8a11-17c4069e87ba","\Google\Google Chrome","Enable Renderer Code Integrity"
"d77ec1c5-a4be-4dde-8f41-13f3f7da7ce6","\Microsoft Project 2016\Project Options\Schedule\Scheduling options for 'Project1'","New tasks are effort driven"
"920e4a22-31f8-4e3e-9fdb-5ad9abb219b0","\Microsoft Publisher 2016\Publisher Options\Advanced","When selecting, automatically select entire word"
"3aff273e-f47d-4622-acd5-5c62aea1c628","\Microsoft Office 2016 (Machine)\Security Settings","Disable VBA for Office applications"
"9b9c96e1-c3f2-4f7b-82e9-47b7d338d08a","\Google\Google Chrome\Content settings","Block popups on these sites"
"b6f4a345-5aca-45d4-854f-425a4db31220","\Google\Google Chrome","Set user data directory"
"8bcc03b5-2311-41fb-bfe1-be9aa1f65f7b","\Microsoft Edge - Default Settings (users can override)\Startup, home page and new tab page","Set the new tab page as the home page"
"bfb4bc3c-d78b-45c6-be14-781ce23495e1","\Microsoft Office 2016\Server Settings","Disable the Office client from polling the SharePoint Server for published links"
"18e242b5-bc38-45e7-866d-655bbf9321c9","\Google\Google Chrome","Browser sign in settings"
"b324d88a-7712-4b4b-9990-bd02ffc8adce","\Microsoft Word 2016\Word Options\Track changes and compare","Deletions color"
"26c92195-2ff5-4a1d-af1b-804b48c0c07a","\Google\Google Chrome","CECPQ2 post-quantum key-agreement enabled for TLS"
"63f5fb57-4740-4019-83a9-28d6c06c58e4","\Microsoft Excel 2016\Excel Options\Security\Trust Center\File Block Settings","Excel 2 worksheets"
"2a28c2c3-c7ff-4e6f-aaa3-a2b41f3147c9","\Microsoft Office 2016\Security Settings\Trust Center\Protected View","Unsafe Location #16"
"70db07be-5746-4f37-8f36-3867e03ce7f9","\Microsoft Outlook 2016\Outlook Options\Other","Hide the “Try the new Outlook” toggle in Outlook"
"9a4db949-29e4-4e31-a129-bf2b88d8fa1b","\OneDrive","Disable the tutorial that appears at the end of OneDrive Setup"
"353d6b57-a21c-4908-beb7-eab6a937aebc","\Google\Google Chrome\Safe Browsing settings","Configure the list of enterprise login URLs where password protection service should capture salted hashes of passwords."
"82bf2828-cf4e-43df-b71c-2aaf7a60b3c1","\Microsoft Edge\TyposquattingChecker settings","Configure Edge TyposquattingChecker"
"31525de6-f088-4d60-9dbb-bc1d9368bcf0","\Microsoft Word 2016\Word Options\Display","Update linked data before printing"
"52bae766-8ca4-401f-a7ef-1e937d06a9f6","\Microsoft Excel 2016\Excel Options\Security\Trust Center\File Block Settings","XML files"
"74821062-0af9-48f7-8ad1-3ce61f48592f","\Microsoft Office 2016\Security Settings\Escrow Certificates","Escrow Key #11"
"4f7db4d7-fac2-4305-8cad-1994a6ce92f7","\Microsoft Word 2016\Word Options\Proofing\AutoFormat as you type\Automatically as you type","Define styles based on your formatting"
"81404f0f-5871-48ad-bae7-4d3f9a7f7e54","\Google\Google Chrome","Enable the Shared Clipboard Feature"
"9777a6fc-7311-4842-a2ae-5b34e4c6b94a","\Microsoft Edge\Content settings","Allow pop-up windows on specific sites"
"ad0a4450-f396-408b-b420-75e87b34845f","\Google\Google Chrome","Allow or deny audio capture"
"65afaca5-218e-4c0e-afea-8b1510b160e7","\Microsoft Office 2016 (Machine)\Security Settings\IE Security","Mime Sniffing Safety Feature"
"a9df7347-4dff-49dd-9902-0b0448286939","\Google\Google Chrome\Content settings","Block read access via the File System API on these sites"
"b4d3c941-e5aa-4924-95d1-99c5b80dfa2e","\Google\Google Chrome","Maximum fetch delay after a policy invalidation"
"83613a0a-d27b-4b78-b50a-c6cbfdaaa8fd","\Google\Google Chrome\Legacy Browser Support","Alternative browser to launch for configured websites."
"de85f4b5-b403-41c0-b6dc-62e242b37db3","\Microsoft Edge","Set limit on megabytes of memory a single Microsoft Edge instance can use"
"9172a764-3750-48a0-9936-0a7217ab804f","\Microsoft Edge - Default Settings (users can override)","Allow importing of Cookies"
"328d4637-1dbb-4814-b6b8-2910c7a1cd18","\Microsoft Edge\Password manager and protection","Restrict the length of passwords that can be saved in the Password Manager"
"825dbef3-e4ff-4f52-9d81-19ad2d23bcbe","\Microsoft Edge\Password manager and protection","Configure the list of domains for which the password manager UI (Save and Fill) will be disabled"
"e10c645f-a837-46de-a635-5ff452a3e464","\Microsoft Outlook 2016\Account Settings\RSS Feeds","Do not roam users' RSS Feeds"
"c509ff8e-483e-42e0-897a-06c626820beb","\Microsoft Edge","Enable resolution of navigation errors using a web service"
"294879ac-face-44fc-b48e-268d460073e1","\Microsoft Edge\Content settings","Block JavaScript on specific sites"
"ab460efe-ca5c-4bfd-ac49-38bfcde006b4","\Microsoft Office 2016\Server Settings","Allow file synchronization via SOAP over HTTP only on domain networks"
"307263b8-8f69-422a-9fe8-a7ce2700460f","\FSLogix\ODFC Containers","Roam Search"
"aa3939ee-a115-4aed-bc76-9c64acb5d618","\Microsoft Outlook 2016\Security\Security Form Settings\Custom Form Security","Set Outlook object model custom actions execution prompt"
"9f29ac49-07b6-4728-9c15-1128cce71b42","\Microsoft Visio 2016\Visio Options\Advanced\Display","Actions"
"17da554b-fa0b-4dd9-ad06-e19149d5c72a","\Microsoft Word 2016\File Tab\Check Accessibility","Stop checking to ensure heading styles do not skip style level"
"f8944d9d-21ba-4e29-a0e5-53d5b9703af5","\FSLogix\Logging","Process Start"
"c84300b2-2a3f-4592-801b-c7ee1806094d","\Google\Google Chrome","Block access to a list of URLs"
"be106dc2-4a0e-4ef0-9a15-d3b7503f8311","\Google\Google Chrome - Default Settings (users can override)","Block third party cookies"
"1279f848-dabb-46d4-a67b-416743bcf311","\Microsoft Edge\Startup, home page and new tab page","Configure the background types allowed for the new tab page layout"
"7b7ef885-707b-4d62-85ab-1ead4447df7f","\Microsoft Office 2016\Language Preferences\Editing Languages\Enabled Editing Languages","Yi (China)"
"1a840518-88f8-4b7d-ae5d-4fe893ea1c3a","\Microsoft Office 2016\Language Preferences\Editing Languages\Enabled Editing Languages","Hawaiian"
"aa5da9ba-710c-4d3a-8b67-524fa9c3d38d","\Microsoft Edge","Enable use of ephemeral profiles"
"59fd5c36-af7b-4a58-98ae-9b276fa0d8fc","\Microsoft Office 2016\Security Settings\Digital Signatures","Require OCSP at signature generation time"
"50465e82-4311-4f6a-b411-53f46964b873","\Microsoft Word 2016\File Tab\Check Accessibility","Stop checking for tables used for layout"
"3266c100-755b-4efc-919b-dd24a7f72607","\Microsoft Edge","Manage Search Engines"
"be67d5b5-6744-40c2-9329-2f16c8206c8b","\Microsoft Office 2016\Language Preferences\Editing Languages\Enabled Editing Languages","Spanish (Panama)"
"c06ca8c4-04da-44b9-a7bb-4f99c45b2f49","\Microsoft Edge","Control the behavior for the cancel dialog produced by the beforeunload event"
"2c746bac-4bbe-4a4b-a872-9794a6aea0f7","\Microsoft Visio 2016\Visio Options\Advanced\Editing Options","Enable AutoConnect"
"e4c5e89a-eabd-4468-abe2-45d406ea5290","\Microsoft Edge","Allows the AppCache feature to be re-enabled, even if it's turned off by default"
"f28e75e1-fed9-4da4-964f-771e7befd004","\Microsoft Excel 2016\Excel Options\Security\Trust Center\File Block Settings","Excel 3 worksheets"
"4780633d-3b4b-4faf-882d-621dbe42b254","\Microsoft Edge\HTTP authentication","Windows Hello For HTTP Auth Enabled"
"e7416ca6-951e-4b09-ad02-a31c40f0ba50","\Microsoft Edge - Default Settings (users can override)\Performance","Enable startup boost"
"6f54f6f2-f713-4921-b374-c926314f54d0","\Microsoft Edge\Content settings","Allow listed sites to connect to any HID device"
"269a2791-8f8a-4c7d-8897-127ce24e9f45","\Microsoft Word 2016\Word Options\Security\Trust Center\File Block Settings","Legacy converters for Word"
"5b4664d3-8c9e-4a7d-833e-bf0644730af6","\Microsoft Edge","Specify the TLS cipher suites to disable"
"331cb722-9918-406b-81af-ef4ab03f7d15","\Microsoft Outlook 2016\Security","Turn off contact export"
"39ef784a-fe52-4e8c-ad87-e51fcc881461","\Microsoft Edge","Configure whether a user always has a default profile automatically signed in with their work or school account"
"a0e14abe-bb6e-4ff7-a7d0-2a9a9cbd9a49","\Microsoft Excel 2016\Excel Options\Save","AutoRecover save location"
"a63b8294-253b-4e83-8cd6-ed3a3b4a36ef","\Microsoft Project 2016\Project Options\Save\File locations","User Templates"
"3c8711f3-8379-4723-835b-4bbb72f3b272","\Google\Google Chrome\Allow or deny screen capture","Allow Window and Tab capture by these origins"
"0331febe-8531-426b-95f6-85d747789d2c","\Microsoft Edge Update\Proxy Server","Address or URL of proxy server"
"6dc75158-2e46-423b-b59f-2d0801e9ecf7","\Google\Google Chrome\Remote access","Allow remote access users to transfer files to/from the host"
"640798da-28c3-4172-9b39-0625c293cadd","\Google\Google Chrome","Block third party cookies"
"86e11a01-f464-4747-bc49-27816934e9a3","\Microsoft Edge Update\Applications","Allow installation default"
"c896f83e-7b13-4e8b-9b20-a109233e1df5","\Microsoft Excel 2016\Excel Options\Save","Default file location"
"d3b6adb8-1c04-43f3-8702-6c75dedffc6b","\Microsoft Visio 2016\Visio Options\Proofing\AutoCorrect Options","Straight quotes with smart quotes"
"a6e8dd10-1606-4f21-b2d2-d8f8dc933bea","\Microsoft Outlook 2016\Security\Automatic Picture Download Settings","Include Internet in Safe Zones for Automatic Picture Download"
"ba4650df-e809-4cc4-97cc-732ee64e77af","\Microsoft Outlook 2016\Outlook Social Connector","Block specific social network providers"
"470ea3d6-ffb3-4ef2-a780-b2eb0f90c712","\Microsoft Office 2016\Language Preferences\Editing Languages\Enabled Editing Languages","English (Philippines)"
"d8ecda22-e2d3-47c5-8571-ea90f1284239","\Microsoft OneNote 2016\OneNote Options\Password","Lock password protected sections as soon as I navigate away from them"
"e3348f1c-65d0-4b53-a20f-f6e5f9e6c62e","\Microsoft Project 2016\Project Options\Calculation\Calculation options for 'Project1'","Tasks are critical if slack is less than or equal to"
"3af0429b-cb66-4c20-9c04-13e9f74eefe7","\Microsoft Office 2016\Tools | Options | Spelling","Ignore words with numbers"
"84b35d58-dc3b-4849-a7b1-827970bacdfe","\Microsoft Edge","Control the behavior for the cancel dialog produced by the beforeunload event"
"116e3091-04c6-4b44-92d2-2f56e938f466","\Microsoft Edge","Enable the Collections feature"
"babdc335-11dc-4c40-956d-503caba7e3c7","\Microsoft PowerPoint 2016\PowerPoint Options\Advanced","Print in background "
"bbd2ca15-b7db-4303-9e20-4582a83d9365","\Microsoft Office 2016\Contact Card","Turn off click to telephone"
"8168392f-47e1-45b4-a0e4-6955c121cefa","\Microsoft Outlook 2016\Outlook Options\Preferences\Junk E-mail","Hide Junk Mail UI"
"f476b0df-f613-45a7-b4dc-5ba0445bfe6d","\Microsoft Project 2016\Project Options\Schedule\Scheduling options for 'Project1'","Default task type"
"d82039b2-24fd-403c-bea9-643930de97d8","\Google\Google Chrome","Enable Ambient Authentication for profile types."
"daeca339-f332-45a3-b900-32ddf25fcc70","\Google\Google Chrome\Removed policies","Enable the old web-based signin flow"
"7d5499e5-27d7-433c-be8e-46ad1e6e813e","\Microsoft Edge\Permit or deny screen capture","Allow Desktop, Window, and Tab capture by these origins"
"ad960f01-46f7-487a-858c-eb3d9243d787","\Microsoft Office 2016\Miscellaneous\Workflow Cache","Workflow Cache 8"
"ea6488ca-6d76-4b68-bcaa-e6abba8410b5","\Microsoft Publisher 2016\Miscellaneous","Disable the Office Start screen for Publisher"
"044db0ca-9109-4516-a0be-f04f638c1ff4","\Microsoft Edge\Content settings","Allow JavaScript to use JIT on these sites"
"7f1619c8-497f-4a08-9581-c8d29f3762ad","\Microsoft Outlook 2016\Outlook Options\Preferences\Calendar Options","Weather Service URL"
"8fb1b871-6b2e-4b38-be64-266efb8e20ac","\Microsoft Edge - Default Settings (users can override)","Allow single sign-on for Microsoft sites using this profile"
"68602b7e-e07b-4064-a772-5c55c7fd9947","\Skype for Business 2016\Microsoft Lync Feature Policies","Trusted Domain List"
"137423ac-7f6d-4f6c-8900-8456988fda34","\Microsoft Edge","URLs where AutoOpenFileTypes can apply"
"5eb1769d-4cea-4bce-87b9-bb549f8288d3","\Microsoft Edge\Default search provider","Default search provider name"
"36b00332-6dbc-4c3b-a349-4b1804fe1e8a","\Microsoft Word 2016\Review Tab\Chinese Conversion | Convert with Options","Convert common terms"
"cb064c5e-10d0-489f-948e-f7cc83d96492","\Microsoft Edge\SmartScreen settings","Force Microsoft Defender SmartScreen checks on downloads from trusted sources"
"af1a1d03-00d3-4d20-b658-071daf6f1596","\Microsoft Outlook 2016\Security\Cryptography","Do not check e-mail address against address of certificates being used"
"d642f1bf-d41f-4685-a755-e36b22bdb06f","\Microsoft Office 2016\Language Preferences\Editing Languages\Enabled Editing Languages","Spanish (Colombia)"
"86ea4dd9-e5fd-4f2b-a9cf-f3f0f9b87174","\Google\Google Chrome\HTTP authentication","Kerberos delegation server allowlist"
"ea2b4c0a-178a-45c1-a89d-c0541871543f","\Microsoft Outlook 2016\Outlook Options\Mail Format\International Options","Disable Internationalized Domain Names (IDN) in Outlook"
"c50a0ac9-30d3-4794-ab14-53b30409ce1b","\Microsoft Edge WebView2\Loader Override Settings","Configure the location of the browser executable folder"
"42164026-9fc2-48c4-8e1d-8161b3bd2863","\Microsoft Edge\Startup, home page and new tab page","Allow users to add and remove their own sites during startup when the RestoreOnStartupURLs policy is configured"
"9b05e136-233d-4239-8871-06d783d496bd","\Microsoft Office 2016\Global Options\Customize","Disable UI extending from documents and templates"
"0a043bc3-3fa4-4efe-8fd6-9f5baf7b03b9","\Microsoft Outlook 2016\Outlook Options\Preferences\E-mail Options\Advanced E-mail Options\Desktop Alert","Specify default location of Desktop Alert"
"5a821795-9fe2-4337-a4f1-04a61107cb05","\Microsoft Edge","Enables DALL-E themes generation"
"9153f17d-0d06-44b4-bac7-f8534cc9f7c3","\Microsoft Office 2016\Language Preferences\Editing Languages\Enabled Editing Languages","French (Reunion)"
"2860a8fd-4eba-4089-a6f7-8908a38a5b11","\Google\Google Chrome\Removed policies","Disable TLS False Start"
"2546f39c-a69c-46bc-b9bb-f096f94e1e48","\Microsoft PowerPoint 2016\PowerPoint Options\Advanced","Display enterprise themes"
"2222b758-10c6-4dc0-89ea-e760e7927691","\Visual Studio\Copilot Settings","Disable Copilot for Individual"
"83cd70d3-c0c2-489d-be3a-93791dc2ea48","\Microsoft Office 2016\Manage Restricted Permissions","Additional permissions request URL"
"0497c941-1634-4c68-bfa7-26ef872a5f4c","\OneDrive","Specify the OneDrive location in a hybrid environment"
"1a147a01-8315-4176-bff3-2dee89b90e4c","\Microsoft PowerPoint 2016\PowerPoint Options\Security\Trust Center\File Block Settings","Outline files"
"79e211b5-13fe-437c-b154-2d32959db2ca","\Microsoft Outlook 2016\Miscellaneous\PST Settings","Prevent users from adding PSTs to Outlook profiles and/or prevent using Sharing-Exclusive PSTs"
"73307097-d6dd-474e-82db-5ceefe3c10d2","\OneDrive","Limit the sync app upload speed to a fixed rate"
"7c646fb3-e4b7-45a5-9685-b988c1a93ab9","\Microsoft Edge","Enables Microsoft Edge mini menu"
"f9f838cd-b890-4ad3-9628-fe5cfae74596","\Microsoft Project 2016\Project Options\Security\Cryptography","Set CNG password spin count"
"4ea49d85-bc55-4a4c-af8b-899e147e7834","\Microsoft Word 2016\Word Options\Display","Tab characters"
"af9bfe6f-6c5f-4d9c-a75b-7b98ceda323d","\Microsoft Project 2016\Project Options\Schedule\Scheduling options for 'Project1'","Show tasks schedule suggestions"
"eee1be9c-84f4-4989-9e39-97be74dbf7a0","\Microsoft Publisher 2016\Security\Trust Center","Block macros from running in Office files from the internet"
"c2466617-e574-4a43-a9ad-37681188c514","\Microsoft Excel 2016\Excel Options\Security\Trust Center\File Block Settings","Excel add-in files"
"3fdad97d-9e18-437f-bb41-1e920be239d6","\Microsoft Edge\Games settings","Enable Gamer Mode"
"1d51fd46-384e-4fdb-90f9-99f6a9e24b45","\Microsoft Office 2016\Server Settings\SharePoint Server","Maximum number of items to scan from today to determine the user's colleagues for recommendation"
"a5b46dbb-224a-40f2-b11e-2957605a614b","\Microsoft Outlook 2016\MIME to MAPI Conversion","Change the limit for the number of nested embedded messages"
"c120e175-6399-49ae-a8ac-c9601b099b2e","\OneDrive","Allow OneDrive to disable Windows permission inheritance in folders synced read-only"
"e269e955-e5a8-47c3-a02f-3eb8fa83621b","\Microsoft Edge","Enable Proactive Authentication (obsolete)"
"775e8550-5984-4d1c-8368-468b741e03d3","\Microsoft Project 2016\Project Options\Security","Enable untrusted intranet zone access to Project server"
"45781864-fc2a-41f3-85a5-ea7a9bf6c7cb","\Microsoft Visio 2016\Visio Options\Security\Trust Center","Trusted Location #13"
"2f6139ea-5325-4f3a-9448-09884f3dc408","\Microsoft Edge - Default Settings (users can override)\Default search provider","Specifies the search-by-image feature for the default search provider"
"5c4c3fad-dc2a-4a64-ac41-a3efd956c153","\Google\Google Chrome","Allow QUIC protocol"
"475ee0b5-39a7-432b-805f-1c4b01aaf7b6","\Google\Google Chrome - Default Settings (users can override)","Allow default search provider context menu search access"
"ab641013-3b9b-4ab1-beb4-d7634d169e4d","\Google\Google Chrome","Allow media autoplay on a allowlist of URL patterns"
"a5bf2492-1b4d-47b5-8ae7-d5d56f62d811","\Microsoft Office 2016\Collaboration Settings","Outlook: 'send for review'"
"82a17b12-a29e-4e21-b35b-3e21911429fb","\Microsoft Edge\Cast","Disable DIAL protocol for cast device discovery"
"cb98db14-3455-46fd-8f9b-f63ea7987b7a","\Google\Google Chrome\Startup, Home page and New Tab page","Action on startup"
"d78590ad-04e3-46eb-8619-5d5137dc45be","\Microsoft Edge\Application Guard settings","Prevents files from being uploaded while in Application Guard"
"f67be8dd-3757-4ab0-968f-93800fbff721","\Microsoft Office 2016\Contact Card\Contact Tab","Replace Label - Work2"
"0466a376-b4a1-49d1-a507-066b4e5e9139","\Microsoft Edge","AutoLaunch Protocols Component Enabled"
"e9d4db82-666f-41aa-a4bf-99b47cb947d3","\Microsoft Edge\SmartScreen settings","Disable SmartScreen AppRep based warnings for specified file types on specified domains"
"a7bb88e5-8288-4c0d-b2af-059fcb46075c","\Windows Subsystem For Linux","Allow the Windows Subsystem For Linux"
"ceec76dd-6f1c-4616-b81b-e6bd3fcf2262","\Microsoft Word 2016\Word Options\Advanced","Numeral"
"271f6af3-211b-4edf-a385-e68321844d8c","\Google\Google Chrome","Enable Get Image Descriptions from Google."
"58e6518c-7082-4cda-af7e-21577c2f7b7e","\Microsoft OneNote 2016\OneNote Options\Save","Percentage of unused disk space to allow in sections"
"0cde2c3c-d04f-4383-9738-53b6d8f0ce8f","\Microsoft Edge","Enable browser legacy extension point blocking"
"42223e3b-468b-4ce4-951e-dd74c09e067c","\Microsoft Edge","Enable renderer in app container"
"682cb186-561f-4ff3-9241-5766f346e2a3","\Microsoft Word 2016\Word Options\General","Hide the modern comments opt-out"
"ff1a25db-5fec-4e61-a49c-9779036fad2a","\Microsoft Edge WebView2","Control communication with the Experimentation and Configuration Service"
"9e41dc59-9b76-4a06-b04f-eed3ff5cdf5a","\Microsoft PowerPoint 2016\PowerPoint Options\Security\Cryptography","Specify CNG salt length"
"30ae1c5f-bbda-4e4c-945c-1b127f5f897f","\Microsoft Office 2016\Privacy\Trust Center","Allow the use of connected experiences in Office that download online content"
"9ed0c2c5-641c-4a99-b801-debbfb024b08","\Microsoft Office 2016\Language Preferences\Editing Languages\Enabled Editing Languages","Central Kurdish (Iraq)"
"7f30e893-ca2c-4dc3-ac84-a5bc5c317f9f","\Google\Google Chrome - Default Settings (users can override)\Safe Browsing settings","Safe Browsing Protection Level"
"c5912b21-5006-4a88-879a-8e8d067dfd63","\Google\Google Chrome\Content settings","Block JavaScript on these sites"
"205c06ab-d4b6-429f-a8dc-7d8cf3f36604","\Microsoft Visio 2016\Visio Options\Advanced\General Options","Put all settings in Windows registry"
"0d5cb74c-d91e-4977-9920-c10c1b965ef1","\Microsoft Project 2016\Project Options\Schedule\Schedule options for Microsoft Project","Show scheduling messages"
"4825c108-c120-4744-a1ba-d9d0973e33b3","\Microsoft Edge\HTTP authentication","Allow cross-origin HTTP Authentication prompts"
"d0d4b649-8f1f-4192-b319-d034083f845d","\Google\Google Chrome\Default search provider","Default search provider encodings"
"39692c0c-0509-4301-b0fc-6e1c92217957","\Microsoft Office 2016\First Run","Disable Office First Run on application boot"
"bda2f4b3-6ed6-4b8e-8885-9a3e6493d237","\Microsoft Outlook 2016\Outlook Options\Preferences\Junk E-mail","Add e-mail recipients to users' Safe Senders Lists"
"eba234f8-9871-4fa5-8b72-9b7da80757db","\Microsoft Publisher 2016\Miscellaneous","List of managed add-ins"
"dc259305-f8bf-4559-be59-595f14e3b074","\Microsoft Office 2016\Signing","EKU filtering"
"c13d64f6-aa67-44f7-bbec-20f31a285306","\Microsoft Outlook 2016\Outlook Options\Preferences\Calendar Options","REST updates for calendars"
"6b49da98-b456-4255-a7f4-37e0c78cbd15","\Microsoft Outlook 2016\Miscellaneous\PST Settings","Preferred PST Mode (Unicode/ANSI)"
"0a9e1aca-1de4-490a-b18c-2011d05a7c80","\Microsoft Edge","Enable split screen feature in Microsoft Edge"
"57b02a05-f571-4de6-b874-5f2f3637a239","\Microsoft Edge\HTTP authentication","Disable CNAME lookup when negotiating Kerberos authentication"
"73334e20-456a-4b04-988f-caefce80f01c","\Microsoft Edge","Double Click feature in Microsoft Edge enabled (only available in China)"
"5b33704a-10ab-4c58-8921-11e7cda864e1","\Microsoft Excel 2016\Excel Options\Security\Cryptography","Set CNG password spin count"
"b2be740f-7292-4a08-98f5-1910baa0f03d","\Microsoft Edge","Prevent install of the BHO to redirect incompatible sites from Internet Explorer to Microsoft Edge"
"243a03b3-b9f4-4edb-8d6e-365c985446bc","\Google\Google Chrome\Extensions","Blocks external extensions from being installed"
"58ceab54-8546-4c36-b728-e6a358b8f94b","\Microsoft Project 2016\Project Options\View","Date Format"
"52c27d1e-ab17-4f1e-95b9-935c717e9cbc","\Microsoft Outlook 2016\Security\Security Form Settings\Attachment Security","Add file extensions to block as Level 2"
"86f77fb7-9664-46c6-af9e-f180f33b3b68","\Microsoft Edge","Allow importing of startup page settings"
"15f8ec78-0e0f-43dd-a742-dcbbe13320f9","\Google\Google Chrome\Removed policies","Use Legacy Form Controls until M84."
"36dab1b2-6b8b-4a08-9ffc-1634e42184e9","\Microsoft Office 2016\Document Information Panel","Trust Local Solution"
"db54f1df-9736-4ea5-be8b-d20d1e47877e","\Microsoft Visio 2016\Visio Options\Proofing\AutoCorrect Options","Hyphens with dash"
"81980d5b-36ae-475b-b7fc-7d5e7f5cb7b7","\Google\Google Chrome","Allow user feedback"
"631a4a9b-3b41-4f34-b43a-7620df24cecd","\Microsoft Word 2016\Word Options\Proofing","Delay before starting background spelling checker"
"6e5e4d8c-d4c0-467c-86f1-9854b7e27918","\Microsoft PowerPoint 2016\PowerPoint Options\Proofing","Check spelling as you type"
"51e1060a-20c1-475f-a80e-3e739cb01050","\Google\Google Chrome\Removed policies","Policy overrides for Debug builds of the remote access host"
"2fb75075-c986-44f8-82d2-65631d158ba6","\Microsoft Office 2016 (Machine)\Updates","Upgrade Office 2019 to Microsoft 365 Apps for enterprise"
"408c25fa-79e9-4ea4-a0fa-5fde1e132279","\Microsoft Edge","Configure the list of commands for which to disable keyboard shortcuts"
"4958dbc7-a259-4881-9285-0196ff1f7b30","\Google\Google Chrome\Removed policies","Enable trust in Symantec Corporation's Legacy PKI Infrastructure"
"aa752438-3bb1-4c38-89c1-d9802cd1a34c","\Microsoft Edge","Control where security restrictions on insecure origins apply"
"6883b6b7-10ce-4d74-951e-e975261e8c61","\Microsoft Edge - Default Settings (users can override)","Manage Search Engines"
"d3376254-d046-4eae-9f8b-41395b611ed6","\Microsoft Edge","Control where developer tools can be used"
"50e6067a-e430-4876-9407-dbb1c0b8a4dd","\Microsoft Edge\Content settings","Allow JavaScript on specific sites"
"9243a10c-66c7-4a13-9b0f-7bfe658b9dd1","\Microsoft Office 2016\Language Preferences\Editing Languages\Enabled Editing Languages","Western Frisian (Netherlands)"
"aa151067-d6b6-46c7-b835-54911977a6df","\Microsoft Office 2016\Language Preferences\Editing Languages\Enabled Editing Languages","Belarusian"
"8a90fa76-21b5-470b-be18-f7bcf065ce27","\Google\Google Chrome","Add restrictions on managed accounts"
"2a6abbe8-70e3-4349-8cd4-a613e3a31da8","\Microsoft PowerPoint 2016\PowerPoint Options\Security\Cryptography","Use new key on password change"
"3944697f-0bea-4750-87ef-b745ecfe193e","\Microsoft Edge\Startup, home page and new tab page","Configure the new tab page URL"
"587efff8-5223-4f30-874b-6a5e7f865528","\Microsoft Edge\Cast","Show the cast icon in the toolbar"
"f364e899-155f-4cd9-a56b-516b628d22db","\Microsoft Edge","Control the User-Agent Client Hints GREASE Update feature"
"659571be-30b7-4a09-b678-0199c189be64","\Microsoft Office 2016 (Machine)\Licensing Settings","Enable EDU Org ID Sign In in Office from Windows Store"
"34d001c9-d860-4c02-8803-6b59ab922a61","\Microsoft Office 2016\Business Data\Synchronization","Set errors cleanup interval"
"391a2691-50b9-4d69-a7bb-13c1c4a0349d","\Microsoft Edge","Configure the list of sites for which Microsoft Edge will attempt to establish a Token Binding with"
"3480aca1-6c3b-4566-bbb1-3f84aca9627d","\Microsoft Excel 2016\Excel Options\Security\Trust Center","Turn off trusted documents"
"c4b7ed1e-f527-4973-9c54-3e07f6eb40a2","\Microsoft Word 2016\Word Options\Advanced","Show field codes instead of their values"
"316d4050-2c0c-43b3-bb48-bc9039431a50","\Microsoft Outlook 2016\Miscellaneous","Prevent users from making changes to Outlook profiles"
"4650ef0b-251b-4b11-9da5-bb372029aa81","\Microsoft Access 2016\Application Settings\Security\Cryptography","Set CNG cipher algorithm"
"6936bff7-0c55-435a-80f7-a2f4a1b0fa2a","\Google\Google Chrome","Minimum SSL version enabled"
"d614e407-16e2-4be3-b264-ed7b542c9b0c","\Microsoft Office 2016\Security Settings\Trust Center\Protected View","Unsafe Location #1"
"25898b0b-98d2-4916-8ed9-c99de53be05e","\Microsoft Office 2016\Security Settings\Trust Center\Trusted Catalogs","Trusted Catalog Location #10"
"abd6330b-d6d7-4b95-9706-053d0aba3d36","\Microsoft Office 2016\Tools | AutoCorrect Options... (Excel, PowerPoint and Access)\Additional Actions","Check for new actions URL"
"c37623a7-e2b8-468f-871a-29b54d730c57","\Microsoft Office 2016\Language Preferences\Editing Languages\Enabled Editing Languages","Nepali (India)"
"b2d16597-3cec-42ac-aa1c-2366ded73265","\Microsoft Edge","Determines whether the Microsoft Root Store and built-in certificate verifier will be used to verify server certificates (deprecated)"
"9b104ccb-544f-4548-975d-c09275dfef8c","\Microsoft Office 2016 (Machine)\Updates","Update Deadline"
"9f886903-171c-4996-b599-7dc286eeaf76","\Microsoft Edge","Control use of the Headless Mode"
"77e2da96-0442-4b6b-8de0-69a2d0e5a131","\Microsoft Word 2016\Word Options\Advanced","Use draft font in Draft and Outline views"
"dc65b97c-e461-4441-92ec-4e1a703ce380","\Microsoft Publisher 2016\Miscellaneous","Default tab to show in Publisher on the Office Start screen and in File | New"
"e2e3c089-d379-4924-85a5-d4f040895d2f","\Google\Google Chrome - Default Settings (users can override)\Deprecated policies","Enable Safe Browsing"
"628b989d-7dce-4d06-a967-918e61175efa","\Microsoft Office 2016\Security Settings","Encryption type for password protected Office Open XML files"
"737af00c-66be-436a-997f-b54317003781","\Google\Google Chrome\Extensions","Configure extension installation blocklist"
"09263546-aedf-4a59-82d9-9c1c5c56a60d","\Microsoft Office 2016\Security Settings\Digital Signatures","Configure minimum DSA public key size"
"69709bc7-458e-4217-a04b-a120dbe2fa58","\Microsoft Edge Update\Preferences","Time period in each day to suppress auto-update check"
"1e0fbfd7-2f88-4e91-8b15-43f0d1a65515","\Google\Google Chrome - Default Settings (users can override)\Default search provider","Default search provider name"
"77477b9c-8ea7-4be8-a2ff-3046b4bd8567","\Microsoft Excel 2016\Excel Options\Advanced","Function tooltips"
"0afd3ebe-efaa-44db-8220-f22a9d5c4973","\Microsoft Outlook 2016\Security\Trust Center","Block send when web add-ins can't load"
"bfe27a82-0593-4d3e-b167-729b626036c5","\Microsoft Edge\Printing","Default printer selection rules"
"44aa8bd5-1ea4-4b8c-ad03-31a02cabcf2d","\Microsoft Edge","Configure if the ads transparency feature is enabled"
"98333f26-25ff-4cab-a991-32239097ce90","\Microsoft Edge","Allow Pin to taskbar wizard"
"12c7daa0-82fe-42d7-838d-edf7ebf2da76","\Microsoft Office 2016\Document Information Panel","Offline Mode for Document Information Panel"
"1c310c93-d270-4f2f-a879-3648f765aab2","\Microsoft Publisher 2016\Publisher Options\Proofing","Check spelling as you type"
"5f9e073d-a8da-4f83-9102-66071df7574e","\Microsoft Outlook 2016\Folder Home Pages for Outlook Special Folders","Contacts Folder Home Page"
"1c484cb4-c95c-45ee-aae6-cfaafcae6d61","\Microsoft Edge","Enable AutoFill for addresses"
"329d0993-dc08-4135-b236-f28d4ca25025","\Microsoft Edge - Default Settings (users can override)\Default search provider","Configure the new tab page search box experience"
"4a3845c8-09f7-4f23-9bc2-90b0db014ef3","\Microsoft OneNote 2016\OneNote Options\Other","Embedded Files Blocked Extensions"
"6815087c-c257-4d76-93aa-c63d60be56b5","\Microsoft Edge\Identity and sign-in","Enable the linked account feature"
"aef4698d-041e-454c-bc61-681efbf46488","\Microsoft Edge","Restrict the range of local UDP ports used by WebRTC"
"d4ed43ae-828d-4c49-bfac-d79fdfb448de","\Google\Google Chrome\Content settings","Limit cookies from matching URLs to the current session"
"41e3d880-9229-45c5-8e09-be2997fca1cb","\Google\Google Chrome","Enable third party software injection blocking"
"871cd9b7-bab9-4c4e-bf66-9f6650d3dbcf","\Microsoft Edge - Default Settings (users can override)","Allow importing of extensions"
"e980ed50-9628-458e-86a8-7a6b85cfe58c","\Google\Google Chrome","Allow media autoplay"
"c1ff77cc-fbef-4655-a87a-988c0e35046f","\Microsoft Edge\Password manager and protection","Configures a setting that asks users to enter their device password while using password autofill"
"306ab3a8-f1ca-48a6-bc93-e8d4eb194db7","\Google\Google Chrome","Enable the Shared Clipboard Feature"
"34ba2a10-b4f1-41a9-bbb9-5b2674b8c8a3","\Microsoft Edge","Allow the Web widget at Windows startup"
"7d1752ff-72ac-453a-a7c7-7aa0e58b2451","\Microsoft Edge\Permit or deny screen capture","Allow Same Origin Tab capture by these origins"
"adc75095-ddfe-4d90-a1f9-e2093ff6b5f8","\Microsoft Edge - Default Settings (users can override)","Enables Microsoft Edge mini menu"
"3ecb1325-7970-42ea-804d-16ed46d58571","\Microsoft Office 2016\Language Preferences\Editing Languages\Enabled Editing Languages","English (Canada)"
"366812ac-896a-4725-bd9e-5174523aef42","\Google\Google Chrome","Import bookmarks from default browser on first run"
"64d2b4b5-738d-40d7-8032-da06a60310fd","\Microsoft Outlook 2016\Miscellaneous","Prevent users from adding e-mail account types"
"314ea8a3-e994-4e1b-aced-6b1dd21b484c","\Microsoft Office 2016\Collaboration Settings\Default message text for a review request...","With a Web discussions link and an attachment"
"e7b1705d-58b1-4831-a278-8e35d156b290","\Microsoft Word 2016\Word Options\Display","Show highlighter marks"
"425cfcde-18de-4117-98de-9748e5d0e63d","\Google\Google Chrome - Default Settings (users can override)","Enable Safe Browsing for trusted sources"
"84d30d0f-2eda-4817-b38b-67fc426550e1","\Microsoft Office 2016\Miscellaneous","Increase the visibility of Accessibility Checker violations"
"b884dbf1-32b6-4ad4-bd58-7d0a74df554b","\Google\Google Chrome","The enrollment token of cloud policy on desktop"
"dea27dd1-a8b8-4cc1-a798-cc444dc3425a","\Microsoft Project 2016\Project Options\Calculation\Calculation options for 'Project1'","Inserted projects are calculated like summary tasks"
"274acafa-aaa8-4b92-bcb4-0590c9fa3362","\Microsoft Edge - Default Settings (users can override)","Enable AutoFill for payment instruments"
"f38cc46f-0604-440c-9c10-592c70ba447c","\Microsoft Access 2016\Miscellaneous","Clear cache on close"
"049c082d-b5cf-454b-9f2f-5aceca3bcfc4","\Microsoft Edge\Edge Workspaces settings","Enable Workspaces"
"9b25d89e-9ea5-458c-8e8e-e3fb7ded1834","\Microsoft Publisher 2016\Publisher Options\Advanced\Complex scripts","Set default text flow direction"
"df0dc541-8c29-4ca3-b0c3-21064b0fcd9e","\Google\Google Chrome\Deprecated policies","Enable Safe Browsing"
"140a4bb5-7c08-407f-a034-2ef4c7212f2a","\OneDrive","Set the default location for the OneDrive folder"
"4dc144d9-0ba3-46ff-9864-479745d459af","\Microsoft Outlook 2016\Account Settings\Exchange\Offline Address Book","Return e-mail alias if it exactly matches the provided e-mail address when searching OAB"
"57bdbf5a-6eec-486f-afb6-7c1b69787adb","\Microsoft Edge","Control use of the Headless Mode"
"a9d66b73-243e-489b-ac9d-fedc6d605e42","\Google\Google Chrome","URLs that will be granted access to video capture devices without prompt"
"64fc0889-e464-4133-b219-94e3a08e735a","\FSLogix\Logging","ODFC Container"
"1afa4abc-cd48-453f-88b3-971ec035e24c","\Microsoft Edge","Allow certificates signed using SHA-1 when issued by local trust anchors (obsolete)"
"b404d9e1-d5be-4dfc-ac31-a94b4bbdb31f","\Microsoft Word 2016\Miscellaneous","Tools | Compare and Merge Documents, Legal blackline"
"9721729c-5f24-4718-860f-3c981617af6c","\Google\Google Chrome","Managed Bookmarks"
"c79cab9e-f061-40c2-89dc-8c125ccd4737","\Microsoft Edge","Allow the audio sandbox to run"
"2292a2ee-450d-49c9-8cf2-e6e1ed97cbba","\Microsoft Edge - Default Settings (users can override)\SmartScreen settings","Enable Microsoft Defender SmartScreen DNS requests"
"afe41c64-0760-4898-89f3-d49293427a24","\Microsoft Outlook 2016\Account Settings\Exchange","Turn off Hierarchical Address Book"
"9ca8b06e-7ffd-45c0-a433-0f83f876f4cd","\Microsoft Edge","Configure Automatic HTTPS"
"17c4f7f0-5b56-4ca2-96d9-a304d411e5f2","\Microsoft Access 2016\Application Settings\Security\Trust Center","Set maximum number of trust records to preserve"
"0ab36516-3d6b-4087-9824-4aaa8d799b24","\Microsoft PowerPoint 2016\PowerPoint Options\Security\Trust Center\File Block Settings","PowerPoint beta files"
"86accaab-1b87-49c3-b735-aee9e563b439","\Google\Google Chrome\Deprecated policies","Enable JavaScript"
"66401039-74e6-491e-868a-f4eda9a9e772","\Microsoft Edge","Delete old browser data on migration"
"dd3b37d4-3705-4f9d-aea7-669536956dc8","\Microsoft Edge","Configure the pixel adjustment between window.open heights sourced from IE mode pages vs. Edge mode pages"
"723389de-f4bd-4e1c-85b0-e7b32074a281","\Microsoft Edge","Enforce Google SafeSearch"
"68554431-0f69-48a1-a11d-0aedafea1087","\Microsoft Office 2016\File Open/Save dialog box\Places Bar Locations","Places Bar Location 7"
"84fe7998-d700-4a32-86d7-88c22559cda9","\Microsoft Edge\Related Website Sets Settings","Enable Related Website Sets"
"12b1fb1b-0280-4ef0-a0f7-dcff5da6e1ba","\Google\Google Chrome\Remote access","Maximum session duration allowed for remote access connections"
"9ee6ad5f-980f-487b-8cbf-80da95714c75","\Microsoft Word 2016\Word Options\Security","Store random number to improve merge accuracy"
"0fda84aa-6c3d-4558-89b3-1c305737bf03","\Google\Google Chrome","Enable the network service sandbox"
"9b9e0fa8-7cf0-4f07-956c-87eb2f848150","\Google\Google Chrome\Content settings","Control use of the File System API for writing"
"971811ce-8f15-4d45-83c4-f94a86cba117","\Microsoft Edge","Force direct intranet site navigation instead of searching on single word entries in the Address Bar"
"2127b7bf-471e-4f1f-9c98-2e384d1d3399","\Microsoft PowerPoint 2016\PowerPoint Options\Advanced","Do not allow PowerPoint to automatically extend the display when presenting on a laptop or tablet"
"0ca6c2ac-4385-4511-9288-91a77106a44c","\Microsoft Project 2016\Project Options\Calculation\Calculation options for 'Project1'","Actual costs are always calculated by Microsoft Project"
"a92d562e-96ed-44f9-8ff6-f5e89ef5e6bf","\Microsoft PowerPoint 2016\PowerPoint Options\Save","Save AutoRecover info"
"23bb6286-9243-45bb-b6d7-16f2b356ee39","\Microsoft Edge\Printing","Enable printing"
"fe90f699-0081-406e-a9db-57f4db7d7cdd","\Microsoft Edge\Startup, home page and new tab page","Allow quick links on the new tab page"
"e8731d02-7834-4174-91d0-16c01a5b7829","\Microsoft Edge\Experimentation","Configure users ability to override feature flags"
"ee2cc919-2241-4043-8ecd-3b85f74d2bdb","\Microsoft Edge","Force disable spellcheck languages"
"7e1514b5-85f9-48d3-9d94-3aa8465d3bb3","\Microsoft Word 2016\Word Options\Proofing\AutoCorrect","Capitalize names of days"
"93e6b05b-8bec-4bb7-8435-ffc447c24aa7","\Microsoft Edge - Default Settings (users can override)","Set download directory"
"138f3ff9-8ad2-4233-9daa-aa23a6cb8a9d","\Microsoft Edge - Default Settings (users can override)","Discover feature In Microsoft Edge"
"e837c70b-f060-42be-a364-5094a4ea0df8","\Google\Google Chrome\Extensions","Configure allowed app/extension types"
"b444560d-4bb6-47c1-ae3d-69a9d858624b","\Google\Google Chrome","Enable mandatory cloud management enrollment"
"da26790c-87c4-45d3-8a61-0bdcb182f489","\Microsoft Edge\Printing","Restrict background graphics printing mode"
"c32f4801-355d-4329-975f-5e77b50136d1","\Microsoft Excel 2016\Excel Options\Security\Trust Center\File Block Settings","Excel 97-2003 workbooks and templates"
"08c7c316-84b7-4625-80a3-81fc40a16b4c","\Google\Google Chrome","Enable globally scoped HTTP auth cache"
"123c3f20-9381-45b2-9c04-235a7facfdc9","\Microsoft Edge - Default Settings (users can override)\Startup, home page and new tab page","Enable preload of the new tab page for faster rendering"
"086ea0c1-b92e-4c83-b8d5-5b59733ba831","\Google\Google Chrome\Content settings","Revert to legacy SameSite behavior for cookies on these sites"
"401e61b9-0c96-4898-88ba-f1355f2726a7","\Microsoft Edge","CORS non-wildcard request header support enabled (deprecated)"
"43d392c2-74a0-451c-b7ec-8aab066740da","\Microsoft Office 2016\Security Settings","Disable All ActiveX"
"0bc7deca-a603-46ee-8ff4-aa56d95b1ce8","\Microsoft Edge","Enable component updates in Microsoft Edge"
"189cbd0f-759f-4b19-a5fb-97318752a831","\Google\Google Chrome","Specifies whether to allow insecure websites to make requests to more-private network endpoints"
"156e5c3d-a717-4383-9792-4a8d1834044b","\Microsoft Edge - Default Settings (users can override)","Show Microsoft Rewards experiences"
"98439ee5-fab1-4e27-a934-bc42fb341900","\Microsoft OneNote 2016\OneNote Options\Security\Cryptography","Specify CNG random number generator algorithm"
"4cb88f9a-6f2c-4b1a-9b7f-c4e0a491ea9f","\Microsoft Office 2016\Language Preferences\Editing Languages\Enabled Editing Languages","Setswana"
"65402d10-c1fc-45ff-8df7-3fa897bd229c","\Microsoft Word 2016\Word Options\Advanced","Copy remotely stored files onto your computer, and update the remote file when saving"
"4b690e08-7f02-413e-b619-1fc1b5182f25","\Google\Google Chrome","Add restrictions on managed accounts"
"31feca92-29e7-4162-af66-e652b06aff94","\Google\Google Chrome","Allow fullscreen mode"
"dc20ab40-4824-4492-bf42-8a289b44cd91","\Microsoft Excel 2016\Miscellaneous","Show custom templates tab by default in Excel on the Office Start screen and in File | New"
"7b05d25f-358f-4691-8815-2c2ac2c58c57","\Google\Google Chrome","Enforce browser guest mode"
"f2577b3d-75d7-470d-a006-27bed3d47e33","\Microsoft Outlook 2016\Account Settings\RSS Feeds","Automatically download enclosures"
"b6224bac-9571-4ff9-b478-9337b898bab9","\Microsoft Edge","Browser sign-in settings"
"0d485e0e-f2f9-4975-9cb5-335a02b9d265","\Microsoft Edge\Performance","Enable efficiency mode when the device is connected to a power source"
"315e0cad-57e0-4622-92b4-340602c69ea8","\Microsoft Access 2016\Tools | Security","Modal Trust Decision Only"
"d7b1fe86-d8c8-4925-9ac7-e1b946a71adc","\Microsoft Office 2016 (Machine)\Updates","Update Channel"
"270cbc5c-f31e-4a96-8bfd-5e6167d6cb7b","\FSLogix","Clean-up Invalid Sessions"
"2f9c914a-9fdf-4010-81f6-8b65f4b3bc55","\Microsoft Edge WebView2","Allows enabling the feature NewBaseUrlInheritanceBehavior"
"a72a4528-66e2-4e17-b191-73a2b8dda039","\Microsoft Edge\Content settings","Block notifications on specific sites"
"2b1b53f5-076c-42f7-a4d0-628535336244","\Google\Google Chrome - Default Settings (users can override)","Allow download restrictions"
"0a1aa6f0-d9cd-436e-b1f3-78168b3e9253","\Microsoft Edge - Default Settings (users can override)","Allow users to configure Site safety services"
"1ff26c15-69eb-4023-8c98-8c8b02b6f6d7","\Microsoft Outlook 2016\Security\Trust Center","Specify activation manager retry limit for web extensions"
"839673d7-666b-4d61-a53a-e3e40c311e4f","\Microsoft Edge\Content settings","Block write access to files and directories on these sites"
"8c785772-788d-44a4-94f6-675a51d810f2","\Microsoft Word 2016\Disable Items in User Interface\Custom","Disable commands"
"c4fd8199-1f53-4d8a-b2f2-af6e583416ad","\Microsoft Edge WebView2","Check RSA key usage for server certificates issued by local trust anchors"
"9772e568-f7f4-4606-becc-2eba763a2825","\Google\Google Chrome","List of types that should be excluded from synchronization"
"74be1226-7884-4a7d-9801-905f7afb4aae","\Microsoft Edge - Default Settings (users can override)\Default search provider","Default search provider encodings"
"ccb20d49-6814-4cba-b398-13f132db7e17","\Microsoft Word 2016\Word Options\Advanced","Prompt to update style"
"0daf8e01-a4bc-4a78-ba6e-4c24ebe9f2bd","\Google\Google Chrome","Disable synchronization of data with Google"
"aef3e92f-a6b1-48ff-8817-bf83e25fa024","\Microsoft Outlook 2016\Security\Security Form Settings\Programmatic Security","Configure Simple MAPI sending prompt"
"140fb0a3-dc87-4c02-a868-bc52f590e4f8","\Microsoft PowerPoint 2016\PowerPoint Options\Security\Trust Center\File Block Settings","Set default file block behavior"
"20708ee8-53ca-4b4a-99b6-a7530601115e","\Google\Google Chrome","DNS interception checks enabled"
"c30f5aba-559c-4594-9fec-711c1925ada3","\Microsoft Edge","Configure the list of types that are excluded from synchronization"
"9e8819e4-2a4f-4676-af49-28afda5961ba","\Microsoft Office 2016\Security Settings\Digital Signatures","Requested XAdES level for signature generation"
"15cc2b60-34df-42d1-838e-cb95085ce20f","\Microsoft Edge\Performance","Pin browser essentials toolbar button"
"f8d1ff7d-44fc-43ff-85dc-a246e2437b8a","\Microsoft Office 2016\Privacy\Trust Center","Allow Microsoft to follow up on feedback submitted by users​"
"7b30512c-6231-4eed-b3ae-a28b93372bb9","\Microsoft Visio 2016\Visio Options\Security\Trust Center","Disable all trusted locations"
"998869a3-1da7-401f-9493-da2380dd1373","\Microsoft Office 2016\Business Data\Database","Set maximum database timeout limit"
"55f9e712-6ec1-4c77-bbe8-103eafcfbe1a","\Microsoft Edge","Edge 3P SERP Telemetry Enabled"
"6f36f5c7-be6b-4475-9985-462512431bc5","\Microsoft Office 2016\Language Preferences\Editing Languages\Enabled Editing Languages","Spanish (Honduras)"
"3a7370aa-fcb6-4c57-9526-002dca21b443","\Google\Google Chrome","Allow legacy TLS/DTLS downgrade in WebRTC"
"1bd3cda6-1e5b-455c-b307-d20fe8082c52","\Windows Subsystem For Linux","Allow kernel debugging"
"7d898d3d-6511-4a20-a24a-9cb3ec986b72","\Microsoft Publisher 2016\Publisher Options\Advanced","When formatting, automatically format entire word"
"95853af1-3248-461d-96e7-8ed8a2ccf897","\Microsoft Office 2016 (Machine)\Updates","Prevent Office from being updated to a specific version"
"ec9c4db2-cef8-416e-9eef-ac244a50ce2f","\FSLogix\ODFC Containers\Cloud Cache","CCD Unregister Timeout"
"22586359-7292-4a5f-8538-98241411cc92","\Microsoft Edge\Printing","Default background graphics printing mode"
"2585266e-48c0-4590-9b2c-0503be2f684c","\Microsoft Excel 2016\Excel Options\Security\Trust Center","Set maximum number of trusted documents"
"64e28ad1-2663-4b8d-840c-63af242560b3","\Google\Google Chrome\Content settings","Control use of insecure content exceptions"
"c059c167-5cd2-4662-83f8-a7998f140bad","\Microsoft Visio 2016\Visio Options\Customize Ribbon","Display Developer tab in the Ribbon"
"6ebf2014-4b7b-4167-a785-2a533571aae2","\Microsoft Edge Update\Applications\Microsoft Edge Beta","Update policy override"
"e52a8625-0d2e-44de-92aa-71c01829fb65","\Google\Google Chrome\Removed policies","Allow key generation on these sites"
"61d3fb79-03e7-436c-8240-31a86e93676e","\Microsoft Edge","Show thumbnail images for browsing history"
"b7a39168-16a3-4262-abbe-68d654bc01c7","\Microsoft Office 2016\Language Preferences\Editing Languages\Enabled Editing Languages","German (Switzerland)"
"9548ef48-e98a-4d36-8559-ad0914c0a2e3","\Microsoft Edge","Enforce Bing SafeSearch"
"8b54b536-8a39-494c-88e4-c1187bf5d2a6","\Google\Google Chrome\Content settings","Control use of the Web Bluetooth API"
"a62a3339-651a-40ed-864d-682edae931b6","\Microsoft Edge","Configure the list of types that are included for synchronization"
"00f52cbd-8762-406d-8b6f-3c71713b1d30","\Microsoft Edge","Configure tab lifecycles"
"982717a5-fa0c-4b29-b7bb-20c417da1237","\Microsoft Edge","Configure the pixel adjustment between window.open heights sourced from IE mode pages vs. Edge mode pages"
"e0d2d525-53a1-4f95-a357-b35403cf0dee","\Microsoft Word 2016\Word Options\Display","Show white space between pages in Print Layout view"
"877e7aed-6373-47f6-83eb-c188ec3490b5","\Google\Google Chrome - Default Settings (users can override)\Removed policies","Clear site data on browser shutdown (deprecated)"
"38251ef7-ecb4-4889-8afd-64d2e2b242d6","\Microsoft Edge","Do not set window.opener for links targeting _blank"
"647d0df3-303e-4c3f-b845-ca1e8266e395","\Google\Google Chrome","Allow download restrictions"
"1d199705-2e02-40fb-a51d-9c72e7bcca9a","\Microsoft PowerPoint 2016\PowerPoint Options\Advanced","Maximum number of undos"
"2b6ece25-e331-4bbc-8c6f-ba4e4f5a200c","\Google\Google Chrome\Printing","Default background graphics printing mode"
"ce4a868c-9db9-4f80-a49d-dd7e32153180","\Microsoft Office 2016\Language Preferences\Editing Languages\Enabled Editing Languages","Serbian (Cyrillic, Serbia)"
"5271c20f-66a8-4124-8550-5047a6777a2d","\Microsoft Office 2016\Language Preferences\Editing Languages\Enabled Editing Languages","French (Senegal)"
"6247d1db-101d-4305-b620-7ef62c2f7353","\Microsoft Edge\Content settings","Allow insecure content on specified sites"
"b3f71336-9d9f-4d23-972c-b86a8f844340","\Microsoft Visio 2016\Visio Options\Security\Trust Center","Disable all application add-ins"
"246d62e1-6ff5-4fe7-abcf-8892c09310a1","\Microsoft Edge","Explicitly allowed network ports"
"93b94647-aabf-449d-a23c-0b233a9ed7b6","\Google\Google Chrome\Content settings","Default popups setting"
"28f5f425-2709-4ca6-9e9f-4fc165ed913c","\Microsoft Edge","Configure tracking prevention exceptions for specific sites"
"e4c47746-1895-4676-85bb-d6b6f3a4a39d","\Microsoft Project 2016\Project Options\Security\Trust Center","Trusted Location #6"
"490df4f4-ac4c-4ed4-b57b-fb23b4cf5df3","\Microsoft Edge","Require that the Enterprise Mode Site List is available before tab navigation"
"04025bc4-ed2a-4dfb-8c5f-7b37cea0923c","\Microsoft Edge","Allow importing of saved passwords"
"4d8f0c21-8f02-4349-86e2-b66eeaef6793","\Microsoft Outlook 2016\Outlook Options\Preferences\E-mail Options\Advanced E-mail Options\Desktop Alert","Specify duration of Desktop Alert before fade (in milliseconds)"
"9833d3c0-5f6d-47df-8048-126cedff54f0","\Microsoft Edge","Forces Microsoft Edge to use its built-in WNS push client to connect to the Windows Push Notification Service."
"316d57e1-08b5-4db7-9655-eb186e4b9334","\Google\Google Chrome","Show cards on the New Tab Page"
"825fe945-76b1-4972-9eb7-e8458ccb25a3","\Microsoft Office 2016\Security Settings","Suppress hyperlink warnings"
"61c39dd4-43ce-4e04-aca0-93fd189d0270","\Microsoft Edge","Allows enabling throttling of non-visible, cross-origin iframes"
"0a307be3-3514-43ea-9b64-ceb920c27e6c","\Microsoft Office 2016\Miscellaneous","Disable the Office Start screen for all Office applications"
"9a744c46-d4fa-49aa-acf5-c674b79719b2","\Microsoft PowerPoint 2016\PowerPoint Options\Security\Trust Center","Trust access to Visual Basic Project"
"1a2402d6-7b3b-498d-98b2-835841fe5259","\Microsoft Edge","Allow screen capture without prior user gesture"
"6bbd87b7-5dec-4b30-9f70-ac363763c267","\Google\Google Chrome","Set user data directory"
"c3ab53ed-d1c6-495a-8b57-cdb4e9ed6b1e","\Microsoft Edge","Set the time interval for relaunch"
"e5ced11e-d60b-4bb7-afa8-19e901a3d24e","\Microsoft Edge - Default Settings (users can override)","Block smart actions for a list of services"
"1eeb60da-9735-4423-a30d-65f9537b1baf","\Microsoft Project 2016\Project Options\Save\Tools | Local Project Cache","Local Project Cache Size Limit in MB"
"91fbeb40-7617-4880-88a8-069548545db6","\Google\Google Chrome\Content settings","Automatically grant permission to sites to connect all serial ports."
"c2a8af50-ce91-4ee2-bf5c-845de2bdd088","\Microsoft Edge","Disable download file type extension-based warnings for specified file types on domains"
"a3b20b2d-fade-44db-a0aa-b6bd89ab5a4e","\Microsoft Access 2016\Application Settings\Security\Trust Center","Block macros from running in Office files from the internet"
"946c9295-2657-4195-bc06-974704b59165","\Microsoft Word 2016\Word Options\Advanced","Prompt before saving Normal template"
"d98ffb55-d9b4-4fd4-8bce-7b94d5dcea16","\Microsoft Edge\SmartScreen settings","Enable Microsoft Defender SmartScreen DNS requests"
"a6dc0065-e6c0-417a-b240-26f676b728fd","\Microsoft Edge\Content settings","Revert to legacy SameSite behavior for cookies on specified sites"
"d028cb5b-d60d-4f12-9412-265ad7806a6a","\Microsoft Edge","Define a list of allowed URLs"
"31de1a62-ed47-4426-80ec-d3c79db860c9","\Microsoft Office 2016\Security Settings\Escrow Certificates","Escrow Key #2"
"d5cc720f-c79d-497a-8057-e4cf8cd50dfa","\Microsoft Edge\Network settings","Enable compression dictionary transport support"
"1208371f-0fc6-40f0-a873-00bb0492e465","\Microsoft Word 2016\Word Options\Advanced","Allow accented uppercase in French"
"5faeafa1-d71b-427a-95ae-d3c741bee06a","\FSLogix\Profile Containers","VHDX Sector Size"
"636d6846-9bf5-4033-9e54-afe65ae0d39e","\Microsoft Office 2016\Tools | Options | General | Web Options...\Files","Use long file names whenever possible"
"18afaa78-2f26-4e3e-a3d3-0f6191cc868a","\Google\Google Chrome - Default Settings (users can override)\Startup, Home page and New Tab page","Show Home button on toolbar"
"a045039f-a144-479e-afb3-57ca4ceee85a","\Microsoft Publisher 2016\Security\Trust Center","Block application add-ins loading"
"91d962c3-e075-4e37-820e-039fff258f14","\Microsoft Project 2016\Project Options\Save\File locations","Projects"
"221e8d64-18d0-42a0-be55-36f2c84209e6","\Google\Google Chrome\Removed policies","Enterprise web store URL (deprecated)"
"c9bff518-aec4-4509-910a-841f8e71e4b6","\Google\Google Chrome","Force disable spellcheck languages"
"52f3f148-90fa-4d73-8924-b37c801f1397","\Microsoft Word 2016\Word Options\Proofing\AutoFormat as you type\Automatically as you type","Insert closing phrase to match Japanese salutation"
"8d9035e1-dc60-4f74-833b-4bbc601fc883","\Google\Google Chrome\Password manager","Enable leak detection for entered credentials"
"20da1540-5b8a-4788-8fa2-816065624620","\Microsoft Office 2016\Security Settings","Turn off error reporting for files that fail file validation"
"e1570eec-f7e8-4c2f-99a2-4ff5b3b5ab86","\Google\Google Chrome","Enable Renderer Code Integrity"
"2c75eb8a-678e-4dd9-aa2b-52e197c6e27a","\Microsoft Project 2016\Project Options\Security\Trust Center","Trusted Location #18"
"873152cf-26c8-49ff-804b-60a45575251f","\Microsoft Office 2016\Language Preferences\Editing Languages\Enabled Editing Languages","Serbian (Latin, Bosnia and Herzegovina)"
"21314e42-4fac-4ced-ba9f-b0e42e2b0fa6","\FSLogix\ODFC Containers","Include OneDrive"
"c78ba889-9d10-415c-9b7a-11cdf5251423","\Microsoft Edge\Content settings","Block Window Management permission on specified sites"
"b9db2665-1a43-40fc-bb0e-7dae228dfca4","\Microsoft Edge","Allow freezing of background tabs (obsolete)"
"e99c3986-45dd-4f53-8f8a-98d16e7c1fc9","\Microsoft Office 2016\Present Online","Prevent users from adding online presentation services in PowerPoint and Word"
"75741ff6-de38-4e0f-a7df-16cca0a2da30","\Microsoft Edge","Specifies whether WebAssembly modules can be sent cross-origin"
"53b2eeab-7303-42a0-8e68-b1cab3de0b6f","\Microsoft Edge","Set the roaming profile directory"
"28a48cfe-cb21-43a2-8bfa-c7d6b032510c","\Microsoft OneNote 2016\OneNote Options\Pen","Automatically switch between Pen and Selection Tool"
"be101b8a-f229-4ff6-ab69-eda63f199b56","\Microsoft Office 2016\Global Options\Customize","Do not show ScreenTips on toolbars"
"fa9acea0-e032-4882-be38-26cefc3a8954","\Google\Google Chrome","Proxy settings"
"7f99c923-571c-4622-adb5-2e1d3b0066d1","\Microsoft Access 2016\Application Settings\Security\Trust Center\Trusted Locations","Trusted Location #14"
"99423b48-1fbe-4801-878a-3af87d2c5f44","\Microsoft Edge","In-app support Enabled"
"bd71456b-3697-412e-9cb7-c531a883839f","\Microsoft Edge - Default Settings (users can override)\Startup, home page and new tab page","Sites to open when the browser starts"
"84a3e432-6c72-441f-8be1-7fee5251e180","\Microsoft Edge","Allow managed extensions to use the Enterprise Hardware Platform API"
"07c7f1e7-01ad-403a-9b63-c28566c827a8","\Microsoft Edge\Extensions","Configure extension and user script install sources"
"cfda4beb-9ee6-408b-8e96-d3be46f71a0f","\Microsoft Office 2016\Language Preferences\Editing Languages\Enabled Editing Languages","Sami, Skolt (Finland)"
"c7ae395e-d004-4604-9b6b-aa26e3715558","\Microsoft Office 2016\Language Preferences\Editing Languages\Enabled Editing Languages","Konkani"
"51b170a9-c1cc-4d7f-8bd6-48cbcad4aaac","\Microsoft OneNote 2016\OneNote Options\Spelling","OneNote Spelling Options"
"f235691c-029d-4819-9958-cf996299a839","\Microsoft Outlook 2016\Outlook Options\Mail Format\International Options","Euro encoding for outgoing messages"
"4d91ab1d-f5ba-4fe7-99f4-1010d3bd0edf","\Google\Google Chrome - Default Settings (users can override)","Enable search suggestions"
"f5257c21-4242-4f90-8734-b16998113e13","\Microsoft Edge","Enable a TLS 1.3 security feature for local trust anchors (obsolete)"
"24d5281b-7c4f-400c-8be5-6e2aaadef1a2","\Google\Google Chrome\Removed policies","Enterprise web store name (deprecated)"
"8324b59d-1344-4bc9-b465-92fa52759553","\Microsoft Outlook 2016\Security\Security Form Settings\Attachment Security","Add file extensions to block as Level 1"
"72a4e9a6-b91b-4e75-8929-e2f89aa51e21","\Microsoft Office 2016\Security Settings\Trust Center\Protected View","Unsafe Location #20"
"97fdb0d7-34b4-4d3a-9bb8-9e562047d0cc","\Microsoft Edge\Identity and sign-in","Only on-premises account enabled for implicit sign-in"
"e8296685-72ed-42f3-b329-7eddc7ff69aa","\Microsoft Word 2016\Japanese Find","Ignore whitespace characters"
"389c1e93-760a-4690-a6df-09ed71c666d7","\Google\Google Chrome - Default Settings (users can override)\Default search provider","Parameter providing search-by-image feature for the default search provider"
"42f9d579-f34e-42f9-a387-eb37dd47f49f","\Visual Studio\Install and Update Settings","Display administrator update notifications"
"b73efb74-3152-46fe-ab2d-99145cf6bfcf","\Microsoft PowerPoint 2016\PowerPoint Options\Security\Trust Center\Trusted Locations","Trusted Location #3"
"fbcd7bbe-4a7f-499f-a8b1-799c883b7efb","\Microsoft Word 2016\Word Options\Security\Trust Center\Trusted Locations","Trusted Location #4"
"adccdba4-064a-4739-a73e-cd03f8f2cf55","\Microsoft Edge","JavaScript setTimeout will not be clamped until a higher nesting threshold is set (deprecated)"
"f890ec2d-60b9-4067-9560-df6b7e727919","\Microsoft PowerPoint 2016\PowerPoint Options\Advanced","Set user availablity to Do not Disturb during Slide Show"
"29484f8c-1980-4397-81fe-8557edb5c319","\Microsoft Edge\Content settings","Control use of JavaScript JIT"
"1d0a2afe-40c4-4c99-ac9e-c8de2566e20d","\Microsoft Office 2016\Disable Items in User Interface","Tooltip for disabled toolbar buttons and menu items"
"20712806-6d86-4b67-b89b-a42a200c848e","\Google\Google Chrome","Notify a user that a browser relaunch or device restart is recommended or required"
"8986e53c-f282-4f94-8e56-27df0acf5a05","\Microsoft Word 2016\Word Options\Advanced\Smart cut and paste","Adjust table formatting and alignment on paste"
"a8562e92-0483-4466-9a1f-f813935640c2","\Microsoft Office 2016 (Machine)\Updates","Don’t install Microsoft Teams with new installations or updates of Office"
"9e15dbc3-e236-40fa-a997-dec298b1f451","\Microsoft Edge\Kiosk Mode settings","Configure address bar editing for kiosk mode public browsing experience"
"325e1ba0-a3ca-424c-acac-d2dbbcac480e","\Microsoft Project 2016\Project Options\Security\Cryptography","Set CNG cipher key length"
"e4932598-50b0-410e-985d-6dbf3f492a77","\Microsoft Word 2016\Word Options\Advanced\File Locations","AutoRecover files"
"e936d56f-31d0-44af-8bc7-60d558a98f70","\Microsoft Excel 2016\Excel Options\Proofing\Autocorrect Options","Internet and network paths as hyperlinks"
"7250e08b-f252-4d8e-b25d-a5944b72add9","\Microsoft Excel 2016\Excel Options\General","Default Sheets"
"b30ea218-8161-4909-81a6-0dbd92e9c220","\Google\Google Chrome\Extensions","Configure extension installation allow list"
"cc0b5e9a-2c33-43c9-bc5b-53b91dc507f2","\Microsoft Edge\Content settings","Control use of insecure content exceptions"
"90f53fbb-447a-4286-bb58-b855818d4c98","\Microsoft Edge\Content settings","Allow multiple automatic downloads in quick succession on specific sites"
"98197361-ee72-4e26-acd0-1a6e267edf86","\Microsoft Word 2016\Japanese Find","Match ki/ku (tekisuto/tekusuto)"
"74725848-6f52-43a6-ba00-ed51201b91d8","\Microsoft Office 2016\Tools | Options | Spelling","Ignore Internet and file addresses"
"51d43737-6f66-457c-b12f-63c86f2d603e","\Microsoft Edge","Re-enable Web Components v0 API until M84 (obsolete)"
"41deef03-0ff3-4429-a7c9-4e07663426fd","\Microsoft Office 2016\Language Preferences\Editing Languages\Enabled Editing Languages","Lower Sorbian"
"16e59bc9-1f9d-4df5-ac36-dfa93d43a67a","\FSLogix\Profile Containers\Container and Directory Naming","Volume Type (VHD or VHDX)"
"6f517de7-bc09-49ac-ba24-905074ba74f1","\Microsoft Outlook 2016\Security\Automatic Picture Download Settings","Automatically download content for e-mail from people in Safe Senders and Safe Recipients Lists"
"4516a937-f57c-4afb-96a3-28d7752cf728","\Google\Google Chrome\Content settings","Block write access to files and directories on these sites"
"326209ad-88b8-4cd6-b20d-a1ce5fe7abeb","\Microsoft Office 2016\Language Preferences\Editing Languages\Enabled Editing Languages","Yoruba"
"9b430e95-c378-4238-8a9e-fb75d39eb7df","\Microsoft Visio 2016\Visio Options\Security\Trust Center","Trusted Location #6"
"912fd53a-8bb3-40c6-85b0-29fa890fbecb","\Google\Google Chrome","Minimum SSL version enabled"
"8c42afc1-d611-4bed-b46d-2d43d9d65aae","\Microsoft Word 2016\Word Options\Advanced","Always create backup copy"
"cc6124a8-9c4d-4ddf-9dad-d45538d7fcf7","\Google\Google Chrome\Content settings","Control use of the Serial API"
"ee9564d7-b1e7-4475-b5b6-25548729bdfb","\Microsoft Edge","Default sensors setting"
"d5398382-7e0e-4507-b4cb-3838989a126d","\Microsoft Edge","Configure Internet Explorer integration"
"c316ba93-87c3-42ee-ac8f-429fa7ef4268","\Microsoft Word 2016\Word Options\Proofing\AutoFormat as you type\Apply as you type","Tables"
"d4a6bc70-b10c-4ee9-bb1b-2ea8d41651f2","\Microsoft Word 2016\Word Options\Security\Trust Center\Trusted Locations","Disable all trusted locations"
"41a36592-3cbc-4f4a-b473-9abd80602e0f","\Microsoft Office 2016\Business Data\Synchronization","Set query items limit"
"586c6911-aae7-467e-a24f-02bd7aead9ba","\Microsoft Word 2016\Word Options\Advanced","Allow text to be dragged and dropped"
"6132eba3-ce19-4893-bad9-ee2e297063b0","\Google\Google Chrome\Removed policies","Suppress the Google Chrome Frame turndown prompt"
"72e8d3bd-61ca-4696-a8eb-9478cff1ed16","\Microsoft Edge - Default Settings (users can override)\Performance","Efficiency mode enabled"
"b2bd5288-69ca-4e40-9699-d36b94d0aaf0","\Microsoft Edge\Extensions","Control Manifest v2 extension availability"
"92984a71-81c2-4125-a2ac-fc1d48a4571f","\Google\Google Chrome - Default Settings (users can override)\Default search provider","Default search provider new tab page URL"
"ea6cd1b3-243b-4598-baef-6fc59603acb2","\Microsoft Outlook 2016\Security\Cryptography","Ensure all S/MIME signed messages have a label"
"145c70d3-2cce-497c-bffd-b1e7aa1ca25c","\Microsoft Outlook 2016\Outlook Options\Preferences\E-mail Options","Do not allow attachment previewing in Outlook"
"e03416be-f01b-4377-9caa-a7f6e812f5e5","\OneDrive","Prevent users from syncing personal OneDrive accounts"
"bd163040-1362-45b8-bb1c-74aeb54fb33f","\Microsoft Outlook 2016\Security\Security Form Settings\Programmatic Security","Configure Simple MAPI message opening prompt"
"52e65946-69b0-430b-81b7-8731d7578aa6","\Microsoft Excel 2016\Excel Options\Proofing\Autocorrect Options","Include new rows and columns in table"
"95e124c6-d30a-499d-87fc-f21067470464","\Google\Google Chrome\Allow or deny screen capture","Allow or deny screen capture"
"09b04046-cafd-4057-8738-db1d6eba3701","\Google\Google Chrome\Deprecated policies","Disable Developer Tools"
"d7d20df0-c703-4423-b39d-24b071370ec4","\Microsoft Edge","Websites or domains that don't need permission to use direct Security Key attestation"
"b593f14c-cdc2-4df4-8fbc-51746bdec4a4","\Microsoft Word 2016\Word Options\Advanced","Style area pane width in Draft and Outline views"
"3aa5f20f-4900-4516-a949-56253e901b1b","\Google\Google Chrome\Startup, Home page and New Tab page","Use New Tab Page as homepage"
"42e1b6b1-43ea-4148-a898-0a28740743e4","\Google\Google Chrome\Deprecated policies","Block access to a list of URLs"
"5eff84e1-3a01-47c2-8b2d-fd857f8c24c9","\Microsoft Edge","Enable profile creation from the Identity flyout menu or the Settings page"
"ef408856-828d-460b-8104-36aec5d92c73","\Microsoft Outlook 2016\Form Region Settings","Locked form regions"
"3e6a189f-601f-4e44-9f7a-efbcedf725a9","\Google\Google Chrome","Profile picker availability on startup"
"fcd6faa0-b519-42b9-8261-da13fe8dfca1","\Microsoft Word 2016\Word Options\Save","Do not display file format compatibility dialog box for OpenDocument text format"
"fd18d868-d2ea-4486-8a24-a2b836eb5e59","\Google\Google Chrome","Import of homepage from default browser on first run"
"269187ca-6cf3-4b26-b12d-3b2faa8d98da","\Microsoft Word 2016\File Tab\Check Accessibility","Stop checking for alt text accessibility information"
"0171335e-690d-40af-9849-d2f6c033f912","\Microsoft Office 2016\Contact Card\Contact Tab","Replace Label - Home"
"f40950e9-76f9-474e-9051-8c933760a1f4","\Microsoft Outlook 2016\MIME to MAPI Conversion","Change the limit for the number of MIME headers"
"fd1f33d3-ee45-486e-af0b-85e9ea7c9041","\Microsoft Edge","Allows system notifications"
"2b2a90da-62d5-427a-93dc-d124bdd44086","\FSLogix\Profile Containers","Locked Retry Interval"
"f44061ab-538f-4564-8cf3-3fc79222b805","\Microsoft Edge - Default Settings (users can override)\Default search provider","Default search provider keyword"
"67a45c9f-e9ba-43a2-a803-f50319291090","\Microsoft Office 2016\Security Settings\Digital Signatures","Specify filtering for certificate issuers"
"056b2f53-7bc7-41b3-b3e7-b94bb3ce2e5b","\Microsoft Edge","Set download directory"
"3e8a199e-e6de-4385-8e4d-668fdad22293","\Skype for Business 2016\Microsoft Lync Feature Policies","Configure SIP security mode"
"9b3a9135-73ea-4589-b94b-27a8b93b83a1","\Microsoft Outlook 2016\Security\Security Form Settings\Attachment Security","Allow users to demote attachments to Level 2"
"8660cf50-3b4d-4c83-b67b-b4f1e720a745","\FSLogix\ODFC Containers","Attached VHD SDDL"
"1de7a97b-e6bb-437d-85d3-6899d8d89d51","\Microsoft Edge","Control where developer tools can be used"
"224e0c37-c94e-43b0-917b-734ef7adae49","\Google\Google Chrome","Enable Media Recommendations"
"21551592-a617-4861-9ea2-0b11edd18a39","\Microsoft Outlook 2016\Outlook Options\Preferences\Calendar Options","Do not display reminders on Calendar items by default"
"c91bd2db-5e6b-4868-b922-25619fbd3cd2","\Microsoft Edge\Content settings","Default geolocation setting"
"d20ebce7-e1b0-4a5c-b98e-9e15879ff366","\Google\Google Chrome\Default search provider","Parameters for suggest URL which uses POST"
"6159b8c0-d9c6-4610-8ff5-5301add22e82","\Microsoft Office 2016\Tools | Options | Spelling","Use auto-change list"
"9e59499c-eecf-47c7-9d55-28aafe4dcf50","\Microsoft Word 2016\Word Options\Proofing\AutoFormat as you type\Replace as you type","Fractions (1/2) with fraction character"
"b8075dfa-b436-4770-9f94-de8ab8a39a95","\Microsoft PowerPoint 2016\Disable Items in User Interface\Predefined","Turn on recording ribbon tab"
"2c18fee9-293b-434d-8c87-a04f7ff9db34","\Microsoft Office 2016\Present Online\Presentation Services","Configure presentation service in PowerPoint and Word 4"
"fd7cb6e0-1c61-4234-9e7b-9b729fa3c8be","\Microsoft Edge - Default Settings (users can override)","Enable AutoFill for addresses"
"4825d447-1415-4065-a3c9-7f75cfee340a","\Microsoft Edge","Enable globally scoped HTTP auth cache"
"88d40243-b9ce-4c39-b10c-ce78fd0d307e","\Microsoft Edge","Determines whether the built-in certificate verifier will enforce constraints encoded into trust anchors loaded from the platform trust store (deprecated)"
"74ad65e8-6df4-4194-98a5-cd1c66e461e5","\Microsoft Excel 2016\Excel Options\Security\Trust Center\File Block Settings","Excel 4 worksheets"
"f8f37aff-6762-4fc4-8ce8-24b22d8891d1","\Microsoft PowerPoint 2016\PowerPoint Options\Security\Cryptography","Specify CNG random number generator algorithm"
"ede9599c-dc3a-4ecf-943e-ef0028909b2f","\Google\Google Chrome","Require Site Isolation for every site"
"030baf11-2f63-48eb-88ba-383f6cf25d82","\Google\Google Chrome\Password manager","Enable leak detection for entered credentials"
"aab339c6-3fbc-4953-bf55-4963a9dbd1f0","\Microsoft Word 2016\Word Options\Advanced","Show horizontal scroll bar"
"e02be4e8-ae96-452a-99eb-2fbdd5e52d7b","\Microsoft Office 2016\AutoSave","Turn off AutoSave by default in Word"
"eec073ea-ba12-4a41-b2a2-1e7f75dddb69","\Google\Google Chrome - Default Settings (users can override)\Default search provider","Default search provider encodings"
"b020d36c-e239-406a-a233-dddcd7cf9960","\Google\Google Chrome","Enable URL-keyed anonymized data collection"
"27482058-9098-4799-8011-80c176650852","\Microsoft Edge","Visual search enabled"
"8776ef3f-1275-4b20-8383-f786457768b6","\Microsoft Office 2016\Miscellaneous","Suppress recommended settings dialog"
"9514d5ef-4021-4619-861c-e43275c8a74a","\Microsoft Office 2016\Contact Card\Contact Tab","Remove Calendar Line"
"313fb7d3-0cbc-4dea-a3a8-536254992f1d","\Microsoft OneNote 2016\OneNote Options\Save","Location of Backup Folder"
"7cdab6ca-d88f-42ca-a12b-35c5dad79437","\Microsoft Edge\Edge Workspaces settings","Configure navigation settings per groups of URLs in Microsoft Edge Workspaces"
"d3411722-e0e4-434d-9a2a-5d66a06c2f75","\Microsoft Office 2016\Business Data\Database","Set the database default instances limit"
"9897e1ef-fd05-47d8-ab13-a07ca5dd7d39","\Microsoft Word 2016\Word Options\Advanced\E-mail Options","Rely on CSS for font formatting"
"691f2fda-e52c-4668-8cc8-9a97488733c2","\Microsoft Edge\Performance","Efficiency mode enabled"
"8e6873cf-9e72-4e79-8919-2da4bddfd560","\Microsoft Outlook 2016\Miscellaneous","Specify delay before sending people search request"
"c8e3ba91-dced-4436-83c7-ccd7a88e75b2","\Microsoft Office 2016\Telemetry Dashboard","Turn on telemetry data collection"
"0b18b920-f2ba-469f-812a-fd87c5bce41b","\Microsoft Edge - Default Settings (users can override)","Configure the default paste format of URLs copied from Microsoft Edge, and determine if additional formats will be available to users"
"1870d981-feee-4702-b016-f2a48bbd0aac","\Microsoft Edge","Allow the audio process to run with priority above normal on Windows"
"b414f47e-ea5c-4bee-a141-b028640e2d48","\Google\Google Chrome\Content settings","Allow insecure content on these sites"
"1ece8e5c-44cc-4204-a39f-d7a6b236adef","\Microsoft Edge - Default Settings (users can override)","Suggest similar pages when a webpage can't be found"
"ef2dc6ca-aa78-4a46-928d-198b1977568e","\Google\Google Chrome","Set Google Chrome as Default Browser"
"519f0f8f-5e12-4d50-9c21-199127b7ff8c","\Microsoft Edge","Spell checking provided by Microsoft Editor"
"13c0f2b2-6774-4748-a781-dc5f2c3519ac","\Microsoft Office 2016\Improved Error Reporting","Stop reporting non-critical errors"
"55103c4d-5d76-4a3c-8af3-91ebfff506b6","\Google\Google Chrome\Deprecated policies","Enable stricter treatment for mixed content"
"9df83f88-f147-4872-afd4-836e710e6faf","\Microsoft Outlook 2016\Account Settings\E-mail","Prevent Outlook from interacting with the account settings detection service"
"c83453f0-02aa-4617-be0b-685f97586094","\Microsoft Office 2016\Language Preferences\Editing Languages\Enabled Editing Languages","Swedish (Sweden)"
"d576d000-0a2c-4cde-9e43-a78ba3ab7363","\Microsoft Edge - Default Settings (users can override)\Startup, home page and new tab page","Configure the Microsoft Edge new tab page experience (deprecated)"
"1aad8ae1-0199-4933-92c9-2ddcd9f75083","\Microsoft Outlook 2016\Outlook Options\Other\Advanced","Warn before permanently deleting items"
"515380ed-6632-41eb-9528-8425f4b0c7d7","\Google\Google Chrome\Remote access","Allow remote users to interact with elevated windows in remote assistance sessions"
"3bfd4c94-2452-4cb9-b076-da3db7a2032b","\Google\Google Chrome","Control the IntensiveWakeUpThrottling feature."
"4c1cb4dc-cb84-444b-a6f7-51f262e26279","\Google\Google Chrome - Default Settings (users can override)\Default search provider","Parameters for suggest URL which uses POST"
"a0d81cf5-ac9c-415d-a939-cf0b5b120c36","\Microsoft OneNote 2016\OneNote Options\Editing","Include link to source when pasting from the Internet"
"5a605778-8710-46e3-a0b9-44e98fcc0a52","\Microsoft Edge","Block all ads on Bing search results"
"f515c27e-eb96-40b3-a83d-83135ee38109","\Microsoft OneNote 2016\OneNote Options\Other","Set UNC interval to poll for changes on file servers"
"17b7c59d-288c-4d65-a6ef-70e36258fa4a","\Microsoft Outlook 2016\Security\Cryptography","Check for the user's private key when the user sends an encrypted email that includes the user as a recipient"
"285a0487-332c-46dd-9890-e7014bc4c454","\Microsoft Outlook 2016\Miscellaneous\PST Settings","Prevent users from adding new content to existing PST files"
"c2a54448-21f7-438c-9132-467f1ca57f37","\Microsoft Project 2016\Project Options\Security\Trust Center","VBA Macro Notification Settings"
"dfc36acf-0fa7-4034-abee-982206208642","\Windows Subsystem For Linux","Allow the Inbox version of the Windows Subsystem For Linux"
"4b872ee3-04b9-4bb2-a125-9d1df7517ac1","\Microsoft Edge\Edge Website Typo Protection settings","Configure the list of domains for which Edge Website Typo Protection won't trigger warnings"
"14006312-88d5-4736-93e8-13ad615e2411","\Microsoft Outlook 2016\Outlook Options\Preferences\Calendar Options\Office.com Sharing Service","Prevent publishing to a DAV server"
"0507fc55-6929-4797-9412-a35f983346f2","\Microsoft Edge","Sets managed configuration values for websites to specific origins"
"610169cc-bd99-4646-aca0-a093ba6d251d","\Microsoft Office 2016\Server Settings","Turn on file synchronization via SOAP over HTTP"
"0c987088-d74a-4a4f-84d4-4e380d96d014","\Google\Google Chrome\Removed policies","Enable creation of supervised users"
"290af8d2-cb10-4c03-a94b-2251654587e6","\FSLogix\Cloud Cache Service","Cache Directory"
"dfcfc715-930f-49aa-837a-61849d291daf","\Microsoft Office 2016\Language Preferences\Editing Languages\Enabled Editing Languages","Kanuri"
"01edb0c1-0eac-4570-9fc5-95c2b102fbd9","\Microsoft Outlook 2016\Account Settings\Exchange\Cached Exchange Mode","Download Public Folder Favorites"
"30124a0f-b0a5-487f-ad75-1db78d98bda6","\Google\Google Chrome","Show an ""Always open"" checkbox in external protocol dialog."
"2cb5cda9-cbef-40ce-9c21-e5e2a19329ce","\Microsoft Visio 2016\Miscellaneous","Default tab to show in Visio on the Office Start screen and in File | New"
"b45132e5-619c-460a-8386-ec023fb9c80f","\Microsoft Word 2016\Miscellaneous","Volume preference"
"983ff878-2452-4a42-9fb8-3e3b1ec99a4a","\Google\Google Chrome - Default Settings (users can override)\Deprecated policies","Enable AutoFill"
"f3510adb-472c-4c75-a8dc-65647a5dbb09","\Microsoft Outlook 2016\Account Settings\Exchange\Cached Exchange Mode","Enter seconds to wait to download changes from server"
"be883ee3-69b9-40d5-a709-7eb1815f435c","\Microsoft Edge - Default Settings (users can override)\Performance","Configure when efficiency mode should become active"
"df930f9b-5805-4462-8479-416bfb69da0b","\Microsoft Excel 2016\Excel Options\Security\Trust Center\File Block Settings","Excel 3 macrosheets and add-in files"
"cc84e025-bf83-4af7-af28-9240ea394198","\Microsoft Edge\Content settings","Block JavaScript on specific sites"
"465e9670-8e86-4e53-842e-bbe9a3d18327","\Google\Google Chrome\Removed policies","Allow users to show passwords in Password Manager (deprecated)"
"0127654f-0d7a-4d90-a2af-2c7cfd6c516e","\Microsoft Outlook 2016\Account Settings\Exchange","Cached Exchange low bandwidth threshold"
"75af3e3a-a3bb-41d2-94c9-1b6c24ef0c9b","\Microsoft Office 2016\Language Preferences\Editing Languages\Enabled Editing Languages","Occitan"
"4450c30f-5c73-4934-8467-fa58acbf8d8f","\Google\Google Chrome","Enable Window Occlusion"
"2db6c7c0-8e87-49d5-9753-82ea2c7206a7","\Google\Google Chrome - Default Settings (users can override)","Import autofill form data from default browser on first run"
"7b8590f3-b1d9-472b-94eb-8aec9f849219","\Google\Google Chrome","Allow or deny audio capture"
"de7d9c34-5d69-4c04-a971-e681adb2fcc3","\Microsoft Edge Update\Applications","Allow installation default"
"c4d61159-be29-467b-a466-34e0acf10025","\Google\Google Chrome\HTTP authentication","Include non-standard port in Kerberos SPN"
"9e40e795-36fc-4270-b6c6-4f3456a27268","\Google\Google Chrome\Content settings","Allow images on these sites"
"c1292980-5792-4e32-8831-48d5e21e77fd","\Microsoft Edge\Password manager and protection","Allow users to get a strong password suggestion whenever they are creating an account online"
"18225b06-695a-4a2d-87a6-e0c369490ee6","\Microsoft Edge - Default Settings (users can override)","Allow importing of payment info"
"df8e8579-cc1d-40e1-ba49-432c55551162","\Microsoft Edge Update\Applications\Microsoft Edge Beta","Allow installation"
"75c20a0b-f76e-4131-892a-1f47dd6534e4","\Microsoft Edge\Content settings","Default Adobe Flash setting (obsolete)"
"95d6b63c-84a3-4b23-ae76-984b30e0deeb","\Microsoft Office 2016\Language Preferences\Editing Languages\Enabled Editing Languages","Bosnian (Latin, Bosnia and Herzegovina)"
"740906a2-52f2-4fb8-9b17-f2811afb4e47","\Microsoft Outlook 2016\Account Settings\Exchange\Cached Exchange Mode","Disallow Download Full Items"
"f4e0c483-9087-4b60-be79-82b9e7ac5fc9","\Microsoft Office 2016\Tools | AutoCorrect Options... (Excel, PowerPoint and Access)","Capitalize first letter of sentence"
"ace6f266-d066-4bf4-a7f3-341bbfd0856a","\Microsoft Edge","Allow WebDriver to Override Incompatible Policies (obsolete)"
"111d9557-9506-4f08-88a6-698baadb1de0","\Microsoft Office 2016\Language Preferences\Editing Languages\Enabled Editing Languages","Spanish (Uruguay)"
"669b2629-afbd-4635-8534-eefd975c2aef","\Google\Google Chrome","Sets managed configuration values to websites to specific origins"
"1b177a44-68f2-40c3-b706-8e581e422470","\Microsoft Edge\Startup, home page and new tab page","Allow Microsoft News content on the new tab page"
"87bb59f4-79a2-43d1-8015-f56690cfb389","\Microsoft Office 2016\Language Preferences\Editing Languages\Enabled Editing Languages","Vietnamese"
"a23ee300-d990-48af-a795-abb935d172a3","\Microsoft Word 2016\Word Options\Security\Trust Center\File Block Settings","Word 6.0 binary documents and templates"
"d614dfab-ca28-41d4-9aa3-6308682658da","\Google\Google Chrome\HTTP authentication","Authentication server allowlist"
"39cd3ded-f262-4ceb-9ef9-02bf66fc76cc","\Microsoft Outlook 2016\Account Settings\SharePoint Lists","Do not roam users' SharePoint lists"
"77905d7a-92c0-412b-83a7-b4290fdc9bc3","\Microsoft Office 2016\Security Settings","Check Excel RTD servers"
"922aa087-f3d0-4038-873d-daa644098699","\Google\Google Chrome\Removed policies","Force networking code to run in the browser process"
"445dc841-805f-4a0e-a68a-afaee9297f42","\Google\Google Chrome\Removed policies","Allow running plugins that are outdated"
"3f01428c-b43a-48d0-8ae1-acad8f0dcf32","\Google\Google Chrome\Content settings","Block cookies on these sites"
"c8f33abe-6e06-47ed-9efc-1c4158d00491","\Microsoft Office 2016\Security Settings","Disable additional security checks on VBA library references that may refer to unsafe locations on the local machine"
"71ac6d39-ceb1-479e-aedf-272222b4eb8a","\FSLogix\ODFC Containers","VHD Access Mode"
"193d03d6-e8e4-4b0a-b76b-087ce9795360","\Microsoft Outlook 2016\Outlook Options","Maximum Groups Supported"
"3730b3d5-4820-4815-a2a9-bb2b2b9c0df6","\Microsoft Office 2016\Language Preferences\Editing Languages\Enabled Editing Languages","Odia"
"7f5eb781-2350-4878-a0ee-9c57454d0461","\Microsoft Outlook 2016\Outlook Options\Preferences\Calendar Options","Disable Weather Bar"
"fd0b2781-4782-4fe7-baa8-ff53c7f8df17","\Microsoft Excel 2016\Excel Options\Advanced","Ignore other applications"
"2357c9d6-1cad-4f8b-afc4-7f7eaab5b976","\Microsoft Outlook 2016\Account Settings\SharePoint Lists","Log SharePoint sync requests and responses"
"7f28efea-213b-4d79-9537-5fb01543765b","\Microsoft Edge","Block access to sensors on specific sites"
"d699484e-b747-4cc8-b0e2-eefde0dfa84e","\Microsoft Office 2016\Collaboration Settings\Default message text for a review request...","With a simple Web discussions link and an attachment"
"0f11d0c9-b962-42d4-98fd-1013d8967bf0","\Microsoft Excel 2016\File tab\Check Accessibility","Check for accessibility issues while editing"
"da5a71f4-5a74-48ac-826b-2e10c6155e8c","\Microsoft Access 2016\Application Settings\Web Options...\General","Underline hyperlinks"
"fa8cb070-9dd4-4b15-901d-a7f2582a1865","\Microsoft OneNote 2016\OneNote Options\Password","Disallows add-ons access to password protected sections"
"0cc799cd-77d7-4a84-8661-043dc9bbce6e","\Microsoft OneNote 2016\OneNote Options\Save","Location of unfiled notes section"
"8d810c75-3c27-40d1-a2e4-dab3c09093f2","\Microsoft Office 2016\Security Settings\Trust Center\Protected View","Unsafe Location #5"
"6754f43b-9234-47a1-8a6c-906bd00d12ac","\Microsoft Edge\Content settings","Allow pop-up windows on specific sites"
"fc6512ba-f944-45c2-a20f-d72e868d3926","\Microsoft Office 2016\Language Preferences\Editing Languages\Enabled Editing Languages","French (Cameroon)"
"09f5e2f3-e643-4bef-9dc2-06cc96649fe1","\Microsoft Outlook 2016\Outlook Options\Other\AutoArchive","Change the criteria that Outlook uses to archive different item types"
"fa398879-323a-496a-9167-c40aa886f195","\Microsoft Outlook 2016\Miscellaneous","Do not show unread message count on Windows Welcome screen"
"08e2ee27-451c-4a11-9ebc-b65fe54b3363","\Microsoft Edge","Enable 3DES cipher suites in TLS"
"4680abd9-ad0a-4659-b687-7304738565f3","\Microsoft Office 2016\Miscellaneous","Web Folders: Managing pairs of Web pages and folders"
"118c0a15-34e7-482e-a38d-5acc6e84aaaa","\Microsoft Edge","Origin-keyed agent clustering enabled by default"
"412ca64f-1f54-442f-8373-9e2c30cb0da1","\FSLogix\ODFC Containers","Is Dynamic (VHD)"
"4707d323-bb7a-4f2d-950d-a4438ddea5f5","\Google\Google Chrome\Content settings","Control use of the File System API for reading"
"3ff0882e-9013-4158-90a2-2a94d9765082","\Visual Studio\Install and Update Settings","Remove out-of-support components during updates"
"5b2c1cab-08f0-40a2-8e25-bce0b6cfa490","\Microsoft Outlook 2016\Security\Cryptography","URL for S/MIME certificates"
"78399680-360f-448b-b816-2160ad7a375c","\Microsoft Edge","Configure the View in File Explorer feature for SharePoint pages in Microsoft Edge"
"4f2c0a1a-26ea-484e-94d4-9165209a57ab","\Microsoft Visio 2016\Visio Options\Security\Trust Center","VBA Macro Notification Settings"
"18a0b84d-8e80-4b25-8253-1702cb8283ef","\Microsoft Outlook 2016\Outlook Options\Mail Format\Internet Formatting\Message Format","Set message format"
"12f293ea-bd6d-409a-bded-ff730664b1ba","\Google\Google Chrome\Extensions","Extension management settings"
"edcd7678-886d-42ce-9455-b0b3a90e65e5","\OneDrive","Continue syncing on metered networks"
"ae534c4f-8b7f-4aa5-9496-26d4bd7fafed","\Microsoft Office 2016\Language Preferences\Editing Languages\Enabled Editing Languages","English (U.K.)"
"78cd9d20-1385-4a8a-8b1d-5fff7b58fcd0","\Microsoft OneNote 2016\OneNote Options\Other","Add OneNote icon to notification area"
"e3163838-fca6-42ba-a760-c2e3e56f804c","\Microsoft Outlook 2016\Outlook Options\Mail\Compose Messages","Set Maximum Certificate Size Limit for Signed Emails in Reply Scenarios."
"1fb0d40b-fad6-45c9-bfff-ece4d7997a5b","\OneDrive","Disable animation that appears during OneDrive Setup"
"9b27e9a7-dcb8-421c-b730-d67947e9a87c","\Google\Google Chrome\Printing","Enable submission of documents to Google Cloud Print"
"9438afbf-293b-424c-9bab-819c106d0c26","\Microsoft Edge","Default sensors setting"
"0546ebc4-4dc2-4aba-bee5-9c4ee57b15db","\Microsoft Office 2016\Miscellaneous","Disable Training of the Adaptive Floatie feature on the computer"
"289f38c6-3059-409e-a13b-08010795aea0","\Google\Google Chrome\Content settings","Allow JavaScript to use JIT on these sites"
"95fe16f0-b78c-45b8-8aa7-0974244e9649","\Microsoft Excel 2016\File tab\Check Accessibility","Stop checking for table alt text accessibility information"
"8c2e7f64-8f09-40d0-a060-7dcf6a2f45cb","\Google\Google Chrome","Allow Google Cast to connect to Cast devices on all IP addresses."
"d41c51a7-f4c8-4160-b48d-6ba8a4376e40","\Microsoft Edge","Configure the list of sites for which Microsoft Edge will attempt to establish a Token Binding with"
"add65575-2699-454a-a03e-ef3358300d24","\Google\Google Chrome - Default Settings (users can override)","Allow download restrictions"
"4bc58978-2c7a-49df-a85c-b85f93fad4b4","\Microsoft Edge","Enable Ambient Authentication for InPrivate and Guest profiles"
"a731edd7-f7c1-4942-bc0f-59e2884e9ea2","\Microsoft Edge","Enable Proactive Authentication (obsolete)"
"6fd59dc3-53ff-4b17-8fed-ed0f25c8897f","\Microsoft Office 2016\Miscellaneous","Show OneDrive Sign In"
"b77a4f96-5dcd-43de-bdd4-4a19762d858b","\Microsoft PowerPoint 2016\PowerPoint Options\Advanced","When selecting, automatically select entire word"
"dc1f0011-e29e-4520-b4c6-3cf083a83ed7","\Microsoft Publisher 2016\Security","Publisher Automation Security Level"
"d46371a0-f73c-4f09-89ca-c42df7139fa4","\OneDrive","Block file downloads when users are low on disk space"
"7f1078f0-8581-4d32-b3f2-2210b2c99420","\Microsoft Office 2016\Miscellaneous","Disable Office animations"
"e4efccf6-1e2f-4fff-992d-2447227cbd33","\Google\Google Chrome\Removed policies","Enable DHE cipher suites in TLS"
"bdbd226a-1f8d-4cb1-bd0b-f186e5812c04","\Microsoft Outlook 2016\Security\Cryptography","Replies or forwards to signed/encrypted messages are signed/encrypted"
"1091c1f6-01f6-409c-8247-4677345cc7a6","\Microsoft Edge\Extensions","Blocklist for extension install types"
"8d4b6dab-84e5-4682-bcec-9b82a1d20242","\Microsoft Outlook 2016\Account Settings\Exchange","Enable RPC encryption"
"bf2be6ff-9820-4815-8e4e-dfffef518a04","\Microsoft Edge\Content settings","Default notification setting"
"ef050c4c-a46a-4989-a0f3-af1327a1b51f","\Microsoft PowerPoint 2016\File Tab\Check Accessibility","Stop checking for section with unique name"
"cce2b16a-fe0a-4a63-9656-68d56b163585","\Microsoft Access 2016\Miscellaneous","Never cache data"
"2ddc85ba-20d3-4f2d-ad46-51ddace952b1","\Google\Google Chrome - Default Settings (users can override)","Set download directory"
"1002f5d4-dfbd-4bc8-b71c-cef7955e8e24","\Google\Google Chrome\Removed policies","Allow insecure algorithms in integrity checks on extension updates and installs"
"96f51922-9612-4634-8f34-ded15638f95e","\Microsoft Office 2016 (Machine)\Updates","Prioritize BITS"
"1ea61f5d-e465-47ff-8eea-c17719f05180","\Microsoft Outlook 2016\Outlook Options\Preferences\E-mail Options\Tracking Options","Turn off Send and Track feature"
"aa49cb97-b780-4eb4-a27b-df8bbbda3822","\Google\Google Chrome","Allow remote debugging"
"124c9a03-7378-44b6-914b-e00f63dd399b","\Microsoft Edge","Enable online OCSP/CRL checks"
"1c4df4ac-fc73-4407-870a-5371eeaf27e5","\Microsoft Edge - Default Settings (users can override)","Allow suggestions from local providers"
"b232f3f9-e148-4bbc-896b-e6ad4fdf26e8","\Microsoft Edge\Content settings","Default images setting"
"c9eb1ba6-ae24-4df5-bd93-8e034702f511","\Skype for Business 2016\Microsoft Lync Feature Policies","Disable HTTP fallback for SIP connection"
"6393cc9e-fd51-4a64-a545-f52f94f977f1","\Microsoft Edge","Enable Follow service in Microsoft Edge"
"9174ddbe-1b89-4672-971f-6104b19e5952","\Microsoft Project 2016\Project Options\Schedule\Scheduling options for 'Project1'","Update manually scheduled tasks when editing links"
"0436abd4-0c8b-44ea-a178-93c7b08d2646","\Google\Google Chrome\Default search provider","Default search provider name"
"e2e0df25-3164-4d31-8586-57209be86ae0","\Google\Google Chrome","Enable showing full-tab promotional content"
"2531a24e-b599-4b4c-85a7-14ea138499c1","\Microsoft Visio 2016\Visio Options\Advanced\Shape Search","Show Shape Search pane"
"375c06c9-898b-4b53-9ab4-3720a938cf13","\Microsoft Edge - Default Settings (users can override)\Printing","Configure the sticky print preview settings"
"a8d64867-8fe9-450e-9248-1a069e31ef1d","\Microsoft Office 2016\Language Preferences\Other","Turn off Coming Soon"
"bd5f2eb8-8cdd-4520-9317-6819892de22e","\Microsoft Outlook 2016\Outlook Options\Preferences\Calendar Options","Include appointments only within working hours"
"f6496615-e7d2-4902-a370-b036907295ce","\Microsoft Edge","Allow remote debugging"
"d8702c0c-f51d-4e00-b84a-2707d097fbed","\Google\Google Chrome\Legacy Browser Support","Alternative browser to launch for configured websites."
"f971a3c0-d6fd-4f67-bd77-e6d8d6de8766","\Microsoft Edge","Enable usage and crash-related data reporting (obsolete)"
"6aaf23eb-7819-404a-9241-78431c9fefd6","\Microsoft Excel 2016\Excel Options\Security\Trust Center\File Block Settings","Excel 97-2003 add-in files"
"bb25c296-1390-4544-a7b9-7637ec75b07e","\Google\Google Chrome\Default search provider","List of alternate URLs for the default search provider"
"e6c8525a-d953-49b2-bb2d-05a60e118a05","\Microsoft PowerPoint 2016\File Tab\Check Accessibility","Stop checking for alt text accessibility information"
"193e21c1-7d73-4b61-90aa-6724c05bb2e8","\Microsoft Office 2016\Collaboration Settings","Max number of documents being reviewed using 'send for review'"
"e98b9504-cd56-4b0f-96ff-210d53114b3c","\Microsoft Outlook 2016\Security\Automatic Picture Download Settings","Display pictures and external content in HTML e-mail"
"8d6e13b2-39aa-4af6-b372-8d0ce1cc8d2e","\Google\Google Chrome\HTTP authentication","Authentication server allowlist"
"d8749632-58e2-4754-88be-3c73ba77a931","\Google\Google Chrome\Printing","Print Headers and Footers"
"5d33e443-2136-453f-948b-4f096af3eeb1","\Microsoft Edge","Send all intranet sites to Internet Explorer"
"108c3744-f84e-47c3-9822-525ab699e5f9","\Microsoft Edge\Sleeping tabs settings","Configure auto discard sleeping tabs"
"2092b85b-8e92-4c1a-a4ea-fc49bba6078b","\Microsoft Outlook 2016\Outlook Options\Preferences\E-mail Options\Advanced E-mail Options\Desktop Alert","Specify duration of fade in (in milliseconds)"
"905dc370-f058-4137-83f1-f3e369203f9f","\Google\Google Chrome\Content settings","Control use of the File System API for writing"
"775dae9b-b762-42e0-b14e-d082bbe4c87a","\Microsoft Word 2016\Word Options\Security\Trust Center\File Block Settings","Word 2003 and plain XML documents"
"f5715e70-0111-4dba-b1ca-cea012bb3b45","\Microsoft Word 2016\Miscellaneous","Alternate revision bar position in printed document"
"c15f8d1b-145a-4ad9-87d5-422956d1f649","\Google\Google Chrome\Allow or deny screen capture","Allow Window and Tab capture by these origins"
"30162fb6-600d-467d-9dbd-40cea95ecb5b","\Microsoft PowerPoint 2016\PowerPoint Options\Security","Make hidden markup visible"
"29257d91-2ee2-4c30-bfd0-0cbf4aeb38c2","\Microsoft Outlook 2016\Security\Security Form Settings\Programmatic Security","Configure Outlook object model prompt when accessing an address book"
"3d77fa6c-57e5-4a87-bc82-ad75288ac58b","\Microsoft Access 2016\Application Settings\Security\Trust Center\Trusted Locations","Trusted Location #7"
"85153010-00fd-43cb-b683-c091c64d24c9","\Microsoft Office 2016\Privacy\Trust Center","Enable Customer Experience Improvement Program"
"2902e167-c8b0-4205-b465-9746613c2f02","\Microsoft Edge WebView2","HTTP Allowlist"
"b008a1d0-da55-4e06-b5d7-db487c96677a","\Microsoft Office 2016\Security Settings\Trust Center\Trusted Catalogs","Trusted Catalog Location #9"
"46d1e09d-2469-4099-bb1e-423853d58527","\Microsoft Visio 2016\Visio Options\Advanced\Save/Open","Show file save warnings"
"f7a6afbd-f37b-4b4a-9f48-c38bdb4eaa97","\Microsoft Office 2016\Business Data\Synchronization","Set subscription refresh retry interval"
"a5e064f2-f90b-437b-9efd-0513a569e5a6","\Skype for Business 2016\Microsoft Lync Feature Policies","Require logon credentials"
"b204a7ee-5e27-43e9-8321-afae351271f8","\Microsoft Edge","Allow media autoplay for websites"
"3f3358d1-5c74-43dd-8272-5248c4b60d03","\Microsoft Office 2016\Contact Card\Contact Tab","Replace MAPI - Birthday"
"250ccd03-a67f-469c-b881-9f9c1bf87c09","\Microsoft Edge","Disable download file type extension-based warnings for specified file types on domains"
"c761da81-3e7b-4353-9023-3ceb564eac80","\Microsoft Edge","Allow full screen mode"
"771cd70f-b8ff-43c3-a30b-2fae2c6afa13","\Microsoft Word 2016\Word Options\Save","Set default compatibility mode on file creation"
"5b353c46-e28f-48ef-979d-378bfe1e5ff7","\Microsoft Word 2016\Word Options\Advanced","Auto-Keyboard switching"
"c036c7f9-7049-486c-b28f-e5920f70fb36","\Microsoft Edge","Allow sites configured for Internet Explorer mode to open in Microsoft Edge"
"0677a3bd-3f79-4673-b786-c2c7f437d4a1","\Microsoft Edge\Content settings","Allow notifications on specific sites"
"594438c4-f845-4523-81a4-7514f01be9f9","\Microsoft Outlook 2016\Miscellaneous","Extend Outlook Autosave to include encrypted e-mail messages"
"945ebff1-5fe5-4260-aaf2-726727aa747d","\Microsoft Word 2016\Word Options\Security\Trust Center\Trusted Locations","Trusted Location #8"
"0e079205-e4a1-43d5-9e50-adfb80dfc319","\Microsoft Edge\Startup, home page and new tab page","Set the new tab page as the home page"
"865cc419-4bdd-4a9a-9d13-80d25ca8517e","\Microsoft Office 2016\Microsoft Office Document Cache","Delete files from Office Document Cache"
"1f62c5fd-da5f-4fd4-b3de-19c81d50518d","\Microsoft Outlook 2016\Miscellaneous","Do not expand Contact Groups"
"1e15ad12-5c2c-43b9-b661-7a07080717d6","\Microsoft Word 2016\File Tab\Check Accessibility","Stop checking for image watermarks"
"cc558fcd-d069-4195-aa5c-10ac0d6532e8","\Microsoft Office 2016\Language Preferences\Editing Languages\Enabled Editing Languages","Spanish (Paraguay)"
"aaff4904-0dad-4b2e-af02-2bc85f57abca","\Google\Google Chrome","Allow Google Cast to connect to Cast devices on all IP addresses."
"90e54de3-2c83-4a54-8284-58594e4510c9","\Microsoft Edge","Redirect incompatible sites from Internet Explorer to Microsoft Edge"
"5dd06032-3bb0-4242-81a7-9a5137fb6e77","\Microsoft Word 2016\Word Options\Advanced","Show text boundaries"
"22c340ff-222d-43be-bc91-060cfe98ba63","\Microsoft Visio 2016\Visio Options\Advanced\Display","Duration"
"8302a42d-5900-407e-8940-cd53414088d0","\Microsoft Edge","Enable post-quantum key agreement for TLS"
"4732e487-279b-42db-a949-641e440e1f6b","\Microsoft Edge","Manage opt-out user experience for Enhanced Security Mode (ESM) in Microsoft Edge"
"a1ed3992-1a6b-4f83-a070-f8eb41545bcf","\Microsoft Office 2016\Language Preferences\Editing Languages\Enabled Editing Languages","Filipino"
"c64e51aa-1668-4854-bef5-041644190597","\Microsoft Outlook 2016\Miscellaneous","Disable VLV Browsing on LDAP servers"
"560939ab-c3ef-401d-a1a3-c61979b5f01f","\Microsoft Project 2016\Project Options\Calculation\Calculation options for 'Project1'","Move end of completed parts after status date back to status date"
"b3289e9f-4aa0-42ae-80b1-29fd2e0ba80b","\Microsoft Edge","Prompt the user to select a certificate when multiple certificates match"
"c8f1aeec-2ea4-4279-90ca-a320f0d81c0d","\Microsoft Edge - Default Settings (users can override)","Allow download restrictions"
"0ca5969a-fe25-419e-a1d5-35fc62a781b0","\Microsoft Outlook 2016\Account Settings\Exchange\Cached Exchange Mode","Use Cached Exchange Mode for new and existing Outlook profiles"
"1b4a235d-ee86-40b8-95a0-6a4fde84330a","\Microsoft Office 2016\Collaboration Settings","Prompt for sending reviewed document to author"
"d8000b7d-95e6-4dbc-b4d6-7abd2a7483af","\Microsoft Edge - Default Settings (users can override)","Block third party cookies"
"83c17607-3f3e-4898-8522-cc74ab661412","\Microsoft Access 2016\Disable Items in User Interface\Predefined","Disable predefined commands"
"c5235e94-f69b-40b9-ad0f-5c86ab0b7a1f","\Google\Google Chrome - Default Settings (users can override)\Default search provider","Enable the default search provider"
"61e1e8e4-2edb-473e-a772-210b726dca25","\Google\Google Chrome - Default Settings (users can override)\Removed policies","Enable network prediction"
"17ba690d-cf1a-4c6a-a0e0-789e11d8911f","\Microsoft Office 2016\Language Preferences\Editing Languages\Enabled Editing Languages","Bangla (India)"
"cf935591-2c3c-4183-bf8f-20192046157b","\Microsoft Office 2016\Security Settings\Escrow Certificates","Escrow Key #20"
"0e4a29ed-5a85-41ee-b50c-a61be606013e","\Microsoft Outlook 2016\Outlook Options\Preferences\Contact Options","Show Contacts linking controls on all Forms"
"c7d5d888-2c48-4149-a2b8-488730e54722","\Microsoft Outlook 2016\Outlook Options\Mail Format\Stationery and Fonts","Stationery Fonts"
"8b47b228-00ba-432d-8a0b-c4a7f3912478","\Microsoft Word 2016\Word Options\Advanced\Smart cut and paste","Adjust paragraph spacing on paste"
"25998e93-9d13-4e1b-95eb-451e371a8c86","\Microsoft Office 2016 (Machine)\Security Settings\IE Security","Information Bar"
"bb9befdf-6dcd-4f2f-a8fd-209d10518602","\Google\Google Chrome","Allow merging dictionary policies from different sources"
"2eea8708-ab5c-47ae-b91a-142a071013a5","\Microsoft Edge\Password manager and protection","Enable saving passwords to the password manager"
"fab50500-383f-4a98-882f-f1568f5c69bb","\Microsoft Edge - Default Settings (users can override)","Show Hubs Sidebar"
"3f623322-0692-4538-9375-0c21055edaff","\Google\Google Chrome\Removed policies","Suppress Google Cloud Print deprecation messages"
"2cfe8949-c3b7-4ed6-94ff-d5d812b7f426","\Microsoft Edge","Enable search suggestions"
"3894d7d1-f892-4bff-b3ab-910e8c81b6d5","\Microsoft Word 2016\Word Options\Security\Trust Center","Block macros from running in Office files from the internet"
"637fa1b8-b1c4-47e8-a5de-33cf25dfe679","\Microsoft Edge - Default Settings (users can override)","Show Hubs Sidebar"
"7225df9b-7895-4300-955e-ee3985113957","\Microsoft Edge\Password manager and protection","Configures a setting that asks users to enter their device password while using password autofill"
"b15ffc3c-064e-4159-95e4-672466a0b43b","\Google\Google Chrome","Enable ending processes in Task Manager"
"890a1c8f-da9e-4df9-aaeb-a2e547dc7920","\Microsoft Office 2016\Language Preferences\Editing Languages\Enabled Editing Languages","Slovak"
"c640dd82-e62c-43e2-87b6-398a264e9fac","\Google\Google Chrome\Removed policies","Specify whether the plugin finder should be disabled (deprecated)"
"43d5659e-7805-4251-a2e7-63f35b7c6b0b","\Microsoft Outlook 2016\Outlook Options\Other","Reading Pane"
"6a97ca4b-41da-48aa-bcdd-e8c79ca7e75e","\Microsoft Edge","Allow queries to a Browser Network Time service"
"4d652bcf-b392-4ee9-a1ed-d264baf45a21","\Microsoft Outlook 2016\Security\Security Form Settings\Custom Form Security","Allow scripts in one-off Outlook forms"
"e99d1a2d-bcbd-4b08-8a35-bdc18f6da948","\Microsoft Office 2016\Security Settings","Use the Sensitivity feature in Office to apply and view sensitivity labels"
"343bb60b-59b3-4bca-a397-e02dc78678a7","\Microsoft Edge\Performance","Enable startup boost"
"af57db63-2151-4d7f-b420-8e24b31fb5b1","\Microsoft Excel 2016\Excel Options\Save","AutoRecover time"
"b2a40fe2-e62b-4f98-a1aa-90a8e4cacf08","\Microsoft Office 2016\Language Preferences\Display Language","Display help in"
"91c1c3d0-be3f-4bc5-b7ce-ab672e9954bb","\Microsoft Edge","Specifies whether SharedArrayBuffers can be used in a non cross-origin-isolated context"
"137034e6-592e-4b4b-b61e-1e9239d2aa0f","\Google\Google Chrome","Specifies whether the display-capture permissions-policy is checked or skipped."
"8673d23d-58fe-4163-aac4-c35bf31f524a","\Microsoft Office 2016\Security Settings\Trust Center\Protected View","Unsafe Location #14"
"686f4291-b764-4425-957f-52ebf8cbb77c","\Visual Studio\Install and Update Settings","Package manifest and payload cache path"
"4b884d4a-5c49-43c7-be0d-a6fb94c02f59","\Microsoft Edge - Default Settings (users can override)\Startup, home page and new tab page","Set new tab page quick links"
"3ab32e04-7396-4c76-b715-3f811b95c762","\Microsoft Publisher 2016\Publisher Options\Advanced","Use Chinese font sizes"
"17a7f78a-0739-4daa-ba5b-09b7423de5d0","\Google\Google Chrome\Printing","Default printing page size"
"c9a5ec8f-aef7-4445-a589-933bb1691595","\Microsoft Excel 2016\Excel Options\Security\Cryptography","Specify CNG hash algorithm"
"612b4094-180f-4c15-9ef2-6dd090e41def","\Google\Google Chrome\Safe Browsing settings","Configure the change password URL."
"f8aa915a-96a0-44e2-a108-1e9e9e2a2f8f","\OneDrive","Prevent users from syncing libraries and folders shared from other organizations"
"ac43446e-7d92-4a80-847e-977827aba27f","\Microsoft Project 2016\Project Options\Schedule\Scheduling options for 'Project1'","Show that tasks have estimated durations"
"8b533f3d-7e2b-4b57-a2a9-2638a97bfa85","\Microsoft Project 2016\Project Options\Edit\Edit options for Microsoft Project","Allow cell drag and drop"
"797569c7-d978-4725-afb8-f3258ee1c012","\Google\Google Chrome","Enable the network service sandbox"
"d228d90c-6ff4-4d3d-b225-dbe6ca5a19ae","\Google\Google Chrome\HTTP authentication","Cross-origin HTTP Authentication prompts"
"1e44fc80-5752-4247-ba22-dc0d6f72585b","\Microsoft Edge - Default Settings (users can override)","Allow importing of shortcuts"
"f02c46c6-6fac-4282-bca5-2d6833531da3","\Microsoft Edge","Enable usage and crash-related data reporting (obsolete)"
"1d042a8d-52ec-41c0-8b88-f34acc0e3360","\Microsoft Office 2016\Manage Restricted Permissions","Specify Permission Policy Default Server for Quick Access Toolbar"
"59975e56-ae7c-47cb-a5a1-553d9b1e1669","\Microsoft Edge","Clear history for IE and IE mode every time you exit"
"f615ec97-8213-467e-a24d-4c794c2d8133","\Google\Google Chrome","Maximal number of concurrent connections to the proxy server"
"af7f678e-23df-467f-b04a-3f97a92e3307","\Microsoft Project 2016\Project Options\Security\Trust Center","Trusted Location #8"
"adef40be-d77a-4d15-ace1-162cb1a9a8b3","\Microsoft Edge","DNS interception checks enabled"
"2e7e4701-6a28-426f-bace-91c8aed06471","\Microsoft Visio 2016\Visio Options\Advanced\Editing Options","Turn off ShapeSheet Formula AutoComplete"
"6513a488-1bd7-4e7c-bd3c-1c31fe1eefe5","\Microsoft Edge\Startup, home page and new tab page","Configure the Microsoft Edge new tab page experience (deprecated)"
"fdcaa698-7d2a-467a-a6a2-b60de730f88f","\Microsoft Office 2016\File Open/Save dialog box\Places Bar Locations","Places Bar Location 3"
"1910e9fa-1454-4ceb-a807-cfdc5a5c3329","\Microsoft Edge","Notify a user that a browser restart is recommended or required for pending updates"
"74f01b22-526b-4dd0-82a8-5fcb516191e5","\Google\Google Chrome","The IP handling policy of WebRTC"
"a286523a-aabb-427e-a853-41c6411ea780","\Microsoft Edge\Printing","Restrict background graphics printing mode"
"c2560768-73c1-4ca5-b288-a647b6da4185","\Google\Google Chrome - Default Settings (users can override)","Import saved passwords from default browser on first run"
"3b9a1be3-a382-4f7a-af73-a94dd9368245","\Microsoft Edge","Allow importing of search engine settings"
"74815c73-9451-46da-8df3-7986c84ce6ba","\Microsoft Edge - Default Settings (users can override)\Startup, home page and new tab page","Configure the home page URL"
"2e7769ad-4e51-4433-a48a-8fa0afe7b145","\Google\Google Chrome","URLs where AutoOpenFileTypes can apply"
"5ea87956-f77f-4844-94e9-a0a7551bc02e","\Google\Google Chrome","Configure the content and order of preferred languages"
"34e4497a-4746-4109-a4f2-1801ff9630b5","\Microsoft Office 2016\Language Preferences","Notify users if they do not have proofing tools for a language they use"
"d84f7713-e10d-43ac-8f83-21f306399467","\Google\Google Chrome","Use hardware acceleration when available"
"8e4013c5-4c62-45ee-9044-8fe26ebe353e","\Microsoft Office 2016\Security Settings\Digital Signatures","Configure invalid hashing algorithm"
"8ef7b458-9e27-488d-a2a2-06ca9b7f9a46","\Microsoft Office 2016\Contact Card\Contact Tab","Replace AD - Home Address"
"87ed6f05-8833-4efd-98da-c1eeaaffaf7d","\Microsoft Edge","Get Image Descriptions from Microsoft Enabled"
"9bb3846c-9257-4590-8889-b9d99e2260fc","\Microsoft Outlook 2016\Security","Disable 'Remember password' for Internet e-mail accounts"
"d3b337a2-b265-4655-8b33-207d02f42d9b","\Google\Google Chrome\Removed policies","Allow certificates issued by local trust anchors without subjectAlternativeName extension"
"01d4c182-2069-4be2-adad-8f74c07177dc","\Microsoft Word 2016\Word Options\Proofing","Check grammar with spelling"
"5126223b-2d47-467f-a7eb-a2aa8093e7e9","\Microsoft Visio 2016\Visio Options\Proofing\AutoCorrect Options","Fractions with fraction character"
"43bd9826-a322-4562-ad44-3541e19bdb37","\Microsoft Edge Update\Applications","Create Desktop Shortcut upon install default"
"62ad58b8-0db3-48ff-83d1-ce58874b2c4c","\Microsoft Word 2016\Word Options\Advanced","Print on front of the sheet for duplex printing"
"6a8c5c6b-a106-4061-b3db-df18d426b657","\Microsoft Edge","Enable guest mode"
"040d89e9-1082-4059-b7b2-7fe2ffebf47a","\Microsoft Outlook 2016\Security\Trust Center","Specify alert interval for web extensions"
"33f1f236-5a61-4859-8ea3-026061ef4e9d","\Google\Google Chrome\Deprecated policies","Origins or hostname patterns for which restrictions on
insecure origins should not apply"
"39489ac9-2242-4d00-b81d-87ca7b0a19b3","\Google\Google Chrome\Removed policies","Prevent app promotions from appearing on the new tab page"
"bee73823-b8d0-4443-8c2e-ad828df4e575","\Microsoft Edge","Force Windows executable Native Messaging hosts to launch directly"
"87e2aefc-6440-4c6a-a209-c0ce4524a3a9","\Microsoft Edge\Password manager and protection","Configure the list of enterprise login URLs where the password protection service should capture salted hashes of a password"
"8a736eb8-ad3c-4d3a-961a-1824e645f2fd","\Microsoft Edge\Content settings","Grant access to specific sites to connect to specific USB devices"
"32c21452-3d4b-43ba-8ee6-742e7dd963d8","\Microsoft Office 2016\Server Settings","Frequency for polling the server to download published links"
"cae87e2e-618d-4cd2-b7d4-2805f4aa83c3","\Google\Google Chrome\Startup, Home page and New Tab page","Show Home button on toolbar"
"e14eb42e-b6fa-465c-825d-f110d07ce836","\Google\Google Chrome\Printing","Print Headers and Footers"
"387a2467-3787-41b8-af7f-2597566071de","\Google\Google Chrome\Removed policies","Allow the File Handling API on these web apps"
"ae1a5ce8-ddab-4c20-ae21-0d2d2c08bdac","\Google\Google Chrome\Printing","Enable Google Cloud Print proxy"
"dcaf6724-fa5b-4c12-ac0b-eb7a7299eef8","\Microsoft Office 2016\Language Preferences\Editing Languages\Enabled Editing Languages","Malayalam"
"39b7ba85-3c27-462e-acc4-640ee90db2cf","\Microsoft Outlook 2016\Miscellaneous\PST Settings","Large PST: Absolute maximum size"
"40e5bd2f-ec12-4762-8132-1cc63d20afea","\Microsoft Publisher 2016\Publisher Options\Advanced\Complex scripts","Default Publisher direction"
"cedce1c3-8f1d-48d1-813f-da675b43836f","\Visual Studio\Install and Update Settings","Keep package payloads after installation"
"6efefcf1-7501-45c0-ac66-cf185f13c9bb","\Microsoft Office 2016\Language Preferences\Editing Languages\Enabled Editing Languages","Turkmen"
"6d4adf3d-f694-4d3b-bd05-6a9d682a0dec","\Google\Google Chrome","Enable Bookmark Bar"
"33b9bd84-b203-446b-84c8-831331730e2f","\Microsoft Edge\Password manager and protection","Allow users to be alerted if their passwords are found to be unsafe"
"7ad6143f-0545-4a2c-8e63-fa681c2121a8","\Microsoft Edge - Default Settings (users can override)\SmartScreen settings","Configure Microsoft Defender SmartScreen to block potentially unwanted apps"
"109b3bc8-e177-42cb-bf3f-02fd2a5111be","\Microsoft Office 2016\Security Settings\Escrow Certificates","Escrow Key #16"
"9f4c34c8-7233-4976-9203-9d9d5ddbbf8d","\Microsoft Office 2016\Miscellaneous\Workflow Cache","Workflow Cache 5"
"16836f96-b845-42e1-8c45-1affe6fae509","\Microsoft Office 2016\Contact Card\Contact Tab","Replace AD - Home"
"c0590df7-b3a8-493f-aa87-7888873fe937","\Microsoft Edge","Allow single sign-on for Microsoft sites using this profile"
"afbb132d-83ef-454b-a8e7-db3b9b2df8a9","\Microsoft Edge - Default Settings (users can override)\Sleeping tabs settings","Configure sleeping tabs"
"e14769b8-a742-4300-9c7c-d4791753840f","\Visual Studio\Live Share Settings","Allow only company domain accounts"
"f5fb5dbb-05a4-4010-bf29-65db9026109c","\Microsoft Outlook 2016\Search Folders","Keep Search Folders offline"
"dd2c39bb-a373-472f-97ca-6bcf50a9db35","\Google\Google Chrome - Default Settings (users can override)","Application locale"
"952d3131-d148-415a-a776-4745045788c2","\Google\Google Chrome","Show the apps shortcut in the bookmark bar"
"85ed4f4a-fc01-4277-ac38-405fdb946e6e","\Microsoft Outlook 2016\Outlook Options\Right-to-left","Layout Options"
"b5cb8431-5e49-4a2b-82e9-63cba5ef1b14","\Microsoft Outlook 2016\Folder Home Pages for Outlook Special Folders","Do not allow Home Page URL to be set in folder Properties"
"081ebeff-a16d-4361-9cfa-984dd96574c3","\FSLogix\Profile Containers\Container and Directory Naming","Flip Flop Profile Directory Name"
"455bb710-9213-4913-8fa7-d25116ea0b29","\Microsoft Edge","Enable Read Aloud feature in Microsoft Edge"
"6c84c2b5-b5d0-482e-8ec2-d807d2a96f79","\Google\Google Chrome\Remote access","Allow remote support connections to this machine"
"192467be-725a-4ecf-9901-d53443099812","\Windows Components\Remote Desktop Services\Remote Desktop Session Host\Azure Virtual Desktop","Use port range for RDP Shortpath for unmanaged networks"
"f0962d25-f990-4d5a-b016-73c084195cc6","\Microsoft Edge - Default Settings (users can override)","Clear cached images and files when Microsoft Edge closes"
"9ce648eb-a6b7-4345-a95f-d368a58ec1c5","\Microsoft Word 2016\Word Options\Proofing\AutoFormat as you type\Automatically as you type","Set left indent on tabs and backspace"
"61b23af6-ad64-4a78-92b8-616c9dcd8408","\Microsoft Edge\Content settings","Block multiple automatic downloads in quick succession on specific sites"
"e7491544-c15c-40c6-8783-476ec2804b3e","\Microsoft Office 2016\Miscellaneous\Workflow Cache","Workflow Cache 7"
"447149fe-25a7-4318-acde-f8dc69c6612e","\Microsoft Edge","Configure favorites"
"12e44e30-f1f0-430d-be05-ffbf5e656489","\Microsoft Office 2016\Language Preferences\Editing Languages\Enabled Editing Languages","Arabic (Bahrain)"
"e53bd4e7-5cee-423d-9338-3be4a1b2db72","\Microsoft Edge","Allow users to access the games menu"
"2b4cfa33-e459-44e2-858e-40a7730564fb","\Microsoft Edge\Content settings","Block cookies on specific sites"
"61580e98-ff09-4987-a2c2-0ec8331518f4","\Microsoft Office 2016\Miscellaneous\Workflow Cache","Workflow Cache 12"
"44cb39da-0f15-4162-8860-c3d707dde6f4","\Microsoft Edge\HTTP authentication","List of origins that allow all HTTP authentication"
"a67a1c62-075c-49f3-8cd2-c68bd7c292db","\Microsoft Outlook 2016\Account Settings\SharePoint Lists","Do not allow Sharepoint-Outlook integration"
"61588e06-9cad-414c-8d61-e3cd595514d6","\Microsoft Outlook 2016\Outlook Options\Preferences\Calendar Options","Control Calendar Sharing"
"adc75da2-5ee2-4021-8680-eeece2353471","\Microsoft Office 2016\Contact Card\Contact Tab","Replace Label - Work"
"b308489a-f193-40f8-8cf4-5dfb2092a377","\OneDrive","Limit the sync app download speed to a fixed rate"
"3c7ab09d-44dd-4ffb-b69f-d4b405436fa0","\Google\Google Chrome","Enable Safe Browsing for trusted sources"
"2eb07194-e364-4fac-9014-98eccb46fc14","\Microsoft Edge","Enhance the security state in Microsoft Edge"
"0df9eb4d-4039-4165-b3b7-165c95b33311","\Google\Google Chrome\Google Cast","Enable Google Cast"
"31a0654a-0e95-4bf1-90ed-456841e85562","\Microsoft Outlook 2016\Security\Cryptography","Signature Warning"
"e4c8abf4-ed7e-4c5c-ba48-7a291c95723c","\Microsoft Edge\Content settings","Allow the Adobe Flash plug-in on specific sites (obsolete)"
"9d5354fd-bbe9-47c7-b9a5-0300e596db64","\Microsoft Edge\Performance","Configure when efficiency mode should become active"
"6a4c8d66-139f-4fc8-be10-c6e6a8d90dd8","\Microsoft Excel 2016\Excel Options\Security\Trust Center\File Block Settings","Excel 2 macrosheets and add-in files"
"feb54838-835b-4fa1-bc01-0bd974255f3a","\Microsoft Project 2016\Project Options\Schedule\Scheduling options for 'Project1'","New tasks have estimated durations"
"df8e06db-e39a-4681-b6c7-bc4842632e2e","\Microsoft Visio 2016\Visio Options\Security\Trust Center","Trusted Location #17"
"9ad885bc-333e-4ac6-8ee2-6720da5124eb","\Google\Google Chrome - Default Settings (users can override)","Import browsing history from default browser on first run"
"b01de739-0008-4e25-b156-1d1d7dba7768","\Google\Google Chrome","Enable AutoFill for addresses"
"3dfc9d61-f888-4b99-b1ce-be0268bc3fae","\Google\Google Chrome\Legacy Browser Support","Websites to open in alternative browser"
"8e691d3d-3970-472d-ab37-063465bbc34a","\Microsoft Office 2016\Microsoft Office SmartArt","Error Severity Level"
"2a8a548b-1bf9-40f5-940e-a4107a593a21","\Google\Google Chrome\Content settings","Allow the Serial API on these sites"
"e79145d3-90ee-4095-bfb9-cd23a0acce4c","\Microsoft PowerPoint 2016\PowerPoint Options\Security\Trust Center\Protected View","Do not open files from the internet zone in Protected View"
"47511706-33e2-413c-8a7c-e1f39d993362","\Google\Google Chrome","Enable Signed HTTP Exchange (SXG) support"
"4e542868-5bc4-44ce-890c-3888e7a03383","\Google\Google Chrome","Force Google SafeSearch"
"893e0c1e-bc27-4365-a243-10b868212c57","\FSLogix\Profile Containers","Prevent Login With Failure"
"cdc0fc63-08d7-43db-a58f-1cca72eabb8f","\Microsoft Office 2016\Language Preferences\Editing Languages\Enabled Editing Languages","Galician"
"fa4b1e0f-8578-458d-8055-94cace7303f3","\Google\Google Chrome","Show Full URLs"
"88d6d5af-4fa7-4657-8848-c30eb5d464d4","\Microsoft Edge","Specify how ""in-page"" navigations to unconfigured sites behave when started from Internet Explorer mode pages"
"a65482ff-94cf-4c53-84b9-b9b952cbbb54","\Microsoft Office 2016\Security Settings\Escrow Certificates","Escrow Key #7"
"a10482b4-68ae-4f9d-9aa4-1e9a706ec26d","\Google\Google Chrome","Allow invocation of file selection dialogs"
"73a2f768-04b1-49b8-b36a-5c57994e76a3","\Microsoft Office 2016\Security Settings\Trust Center\Protected View","Unsafe Location #9"
"0a5710bb-f20e-46ed-a9f5-3cc313014965","\Google\Google Chrome\Legacy Browser Support","Use Internet Explorer's SiteList policy for Legacy Browser Support."
"9f9666f0-a652-4781-b949-707aac2190d8","\Google\Google Chrome\Safe Browsing settings","Safe Browsing Protection Level"
"7d4ae5e2-d31a-4e9c-ac01-e4b1352eaa66","\Microsoft Visio 2016\Visio Options\Advanced\Shape Search","Search for:"
"6769129c-b98c-4ddb-8cb2-0b4c55f9ebeb","\Microsoft Excel 2016\Excel Options\Security\Trust Center","Macro Notification Settings"
"6c8f9d21-7c82-460b-8a12-55658486a86a","\Microsoft Project 2016\Project Options\Save\Auto Save Options","Auto Save every"
"0a076573-2da7-4d68-98bb-59f57236ea1c","\Microsoft OneNote 2016\OneNote Options\Versions and Recyle Bin","Days of hourly versions not to prune after Days Back"
"5c296b94-7e09-4c19-87c6-753426f442e5","\Microsoft PowerPoint 2016\PowerPoint Options\General","Show Mini Toolbar on selection"
"c7869710-4ce0-4e4c-aeb7-1f84e20ff3dd","\Google\Google Chrome - Default Settings (users can override)\Removed policies","Parameters for instant URL which uses POST"
"e5445c75-65be-4066-b80e-42b213463c66","\Microsoft Visio 2016\Visio Options\Security\Trust Center\File Block Settings","Visio 2000-2002 Binary Drawings, Templates and Stencils"
"f2f4ba9e-e27c-43f5-967f-32172790c0a5","\Google\Google Chrome\Removed policies","Enable deprecated privet printing"
"995b9ae9-db7c-4d88-b915-a301815da369","\Microsoft Edge","Allow legacy TLS/DTLS downgrade in WebRTC (deprecated)"
"e9cbae78-bf77-4431-8fa6-7642f613a454","\Microsoft OneNote 2016\OneNote Options\Security\Cryptography","Set CNG cipher key length"
"14028429-1885-456f-be78-e8c3c54a9c5f","\Microsoft Outlook 2016\Outlook Options\Preferences\Calendar Options\Office.com Sharing Service","Path to DAV server"
"8e64f86a-ccba-4efa-8818-ca2b1ac6aea4","\Microsoft Visio 2016\Visio Options\Advanced\Display","Always offer 'Metric' and 'US units' for new blank drawings and stencils"
"ce322a03-00f1-4025-8626-6a9de641095f","\Microsoft Word 2016\Word Options\Security\Trust Center\Trusted Locations","Trusted Location #12"
"13279edc-1fb3-4efd-abaf-f2a2017affed","\Microsoft Outlook 2016\Outlook Options\Preferences\E-mail Options\Advanced E-mail Options\Desktop Alert","Specify duration of Desktop Alert on mouse over (in milliseconds)"
"9acfedcc-62b4-4c5c-8afc-c08844ece93d","\Microsoft Word 2016\Word Options\Save","Keep the last AutoSaved versions of files for the next session"
"26074559-9759-4e14-a478-f4dc575b1499","\Microsoft Edge\Startup, home page and new tab page","Hide the default top sites from the new tab page"
"a99b0332-ccca-4fc5-9273-4848c9b8c4eb","\Google\Google Chrome\Content settings","Control use of the Serial API"
"f33b3591-539c-4bc1-af47-6767449004dc","\Microsoft Project 2016\Project Options\Security\Trust Center","Require that application add-ins are signed by Trusted Publisher"
"e9b35868-af1a-4425-818e-79f79596d685","\Google\Google Chrome","Allow the audio sandbox to run"
"0a3659ce-08cf-4a40-84ed-b0b6f3a68a4d","\Microsoft Outlook 2016\Outlook Options","Disable roaming settings in Outlook"
"1dce09f6-86f9-4667-9d30-8778e717ee7e","\Microsoft Project 2016\Project Options\View","Default View"
"b7b85784-d2b6-442a-85ed-93b7c4a54276","\Microsoft Office 2016\Security Settings\Trust Center\Trusted Catalogs","Trusted Catalog Location #6"
"6f0ee0b0-7f39-48f5-84a3-b438a4ead663","\FSLogix\Logging","Log Keeping Period"
"475f4c32-bf1d-4d82-adde-ff575074c774","\Microsoft Outlook 2016\Account Settings\Exchange","Prefer the provided account email in AutoDiscover auth prompts."
"b5002d79-ff27-405c-a8c4-a02d042ef1a0","\Microsoft Edge","Specifies whether SharedArrayBuffers can be used in a non cross-origin-isolated context"
"72f682d2-236b-4454-8a44-62b7506b16e2","\Microsoft Word 2016\Japanese Find","Match case"
"76556708-f865-4d1c-bf20-4ab68d880f15","\Microsoft Outlook 2016\Security\Cryptography","Run in FIPS compliant mode"
"2bac7e68-495d-47dc-b225-1ec52ef7905f","\Microsoft Edge Update\Microsoft Edge WebView2 Runtime","Update policy override"
"905c9eab-5831-4037-aedc-48382d8e948e","\Google\Google Chrome","Allow invocation of file selection dialogs"
"2b2fd6a8-1846-451f-89cd-5bcf6cd6359a","\Microsoft Edge - Default Settings (users can override)\Default search provider","Default search provider search URL"
"86f1e5b5-dad3-4241-9790-34dd7d31ac2c","\Microsoft Word 2016\Word Options\Advanced\File Locations","Tools"
"abfaf17d-104a-4e95-b643-c5ce8f49648e","\Microsoft Edge - Default Settings (users can override)","Edge Wallet E-Tree Enabled"
"80e56f70-89ea-4900-b656-070c6f909ab9","\Microsoft Edge","Allow unconfigured sites to be reloaded in Internet Explorer mode"
"e15cae52-7211-4c42-9e58-8c7822fdf765","\Microsoft Edge WebView2\Network settings","Block truncated cookies"
"2e20f4a1-63ac-41ee-b010-ed97e8ec2598","\Microsoft Edge","Allows a page to show popups during its unloading (obsolete)"
"d09864a9-0cd1-44bc-84bd-9c326065b857","\Microsoft Edge\Extensions","Allow specific extensions to be installed"
"9a6d7ec4-d9ec-40da-bddf-9c3f3b3a2cb7","\Google\Google Chrome\Allow or deny screen capture","Allow or deny screen capture"
"464d21cb-a60e-4f14-9f72-e72441d93658","\Google\Google Chrome\HTTP authentication","Supported authentication schemes"
"dcb08bee-958a-46d5-826b-a2f137510c01","\Google\Google Chrome - Default Settings (users can override)\Default search provider","Default search provider encodings"
"ca21385d-ef43-4d45-b2e6-bcc5528b31bd","\Microsoft Word 2016\Word Options\Advanced","Allow background saves"
"4fee9ae2-17cc-44cb-940c-4b0ee958db94","\Microsoft Edge","Control the IntensiveWakeUpThrottling feature"
"94c47425-dd1b-4a92-b039-fea213b4d001","\Microsoft Project 2016\Project Options\Calculation\Calculation options for 'Project1'","Default fixed costs accrual"
"1b31a540-8a27-4d39-896c-829701040f67","\Microsoft Office 2016 (Machine)\Miscellaneous","File Previewing"
"f56e3627-69b1-4b04-b033-c168dbad30fe","\Microsoft Edge Update\Applications\Microsoft Edge Beta","Allow installation"
"69d84b77-37ff-42c8-b4bb-1a5042144304","\Microsoft Edge - Default Settings (users can override)","Redirect incompatible sites from Internet Explorer to Microsoft Edge"
"73a9f161-dcc7-4ac7-8724-b0deb8b1e91a","\Microsoft Edge","Configure Do Not Track"
"ca8fea14-ef4c-4d9c-9c55-07a549449066","\Google\Google Chrome","Browser experiments icon in toolbar"
"9a419ea8-c9ee-4780-bde4-2bfa2d59929b","\Microsoft Office 2016\Privacy\Trust Center","Automatically receive small updates to improve reliability"
"029d8602-8968-48d9-9808-fe35e07a8668","\Microsoft Edge Update\Applications\Microsoft Edge Beta","Create Desktop Shortcut upon install"
"e77c3fe6-23b0-476f-af4e-478ac50b39ab","\Google\Google Chrome","The IP handling policy of WebRTC"
"2284391f-10c1-42dd-9cce-f1802b6d6a6f","\Google\Google Chrome\Printing","Restrict background graphics printing mode"
"74991230-96dd-425e-abfb-3b79db1bd3b6","\Microsoft Edge\Content settings","Block JavaScript from using JIT on these sites"
"ec3b0476-dde9-4747-85a0-7c936908a0ac","\Google\Google Chrome","Import saved passwords from default browser on first run"
"0be4190c-4dfa-4185-bc9e-dd04a548d0b8","\Microsoft Publisher 2016\Publisher Options\Advanced","Automatically substitute font for missing East Asian characters"
"1e4a23d4-6bbd-4ec3-9e9f-cdcc62f55f70","\Microsoft Outlook 2016\Outlook Options\Preferences\Contact Options","Select the default setting for how to file new contacts"
"8509d476-b53f-4025-97bd-68908fae89ff","\Microsoft Visio 2016\Visio Options\Security\Trust Center","Trusted Location #14"
"f35a184f-7e9f-4104-8b91-6255ad24fd02","\Microsoft Edge\Network settings","Enable compression dictionary transport support"
"cc07f8ce-f852-45f2-9a1e-cbebdfeed1bc","\Microsoft Office 2016 (Machine)\Security Settings\IE Security","Disable user name and password"
"e32ae342-18b3-4a60-bc7e-0e621efa4a1f","\Microsoft Word 2016\Word Options\Advanced","Typing replaces selected text"
"2b088840-f531-4090-96d1-48c399825d90","\Google\Google Chrome\Startup, Home page and New Tab page","Show Home button on toolbar"
"f522dc84-0cae-4f9b-a54b-0d9efa05921c","\FSLogix\ODFC Containers","Redirect Type"
"cd7cb477-3cb8-4043-98ec-d6750dfac307","\Microsoft Edge - Default Settings (users can override)\Performance","Enable efficiency mode when the device is connected to a power source"
"97d7728a-ae30-4ab2-8574-052df1248735","\Microsoft Word 2016\Japanese Find","Match hyu/iyu, byu/vyu"
"84f1c60c-9ac3-460b-907f-ca92a0892c7d","\Microsoft Edge","Allow the Serial API on specific sites"
"38e060fa-983d-48d4-a562-d9d83b62fc7c","\Microsoft Edge - Default Settings (users can override)","Microsoft Edge built-in PDF reader powered by Adobe Acrobat enabled"
"007a875b-a579-47c4-9d4a-dc4482494ca3","\Microsoft Edge\Startup, home page and new tab page","Action to take on startup"
"87bbb269-bc3f-4bfb-beff-bfef3759289f","\Microsoft Edge\HTTP authentication","Include non-standard port in Kerberos SPN"
"49a802f0-8120-4ad4-9a45-244425a4f48b","\Google\Google Chrome\Allow or deny screen capture","Allow Desktop, Window, and Tab capture by these origins"
"b1b3b4be-2d6f-4980-8413-144a8eac262e","\Microsoft Project 2016\Project Options\Security\Trust Center","Trusted Location #2"
"910a44be-3744-4c20-8022-b3e934d970b3","\Microsoft Office 2016\Language Preferences\Editing Languages\Enabled Editing Languages","French (Canada)"
"28ec95af-038b-400f-a7ef-af63f456c6fc","\Microsoft Visio 2016\Visio Options\General\User Interface Options","Turn off Live Preview in the Shapes window"
"147386b9-c177-426e-b375-493389b7e9b7","\Microsoft Project 2016\Project Options\Save","Save Microsoft Project files as"
"2cf68912-f1c3-40f2-aca3-52384a7d4259","\Microsoft Project 2016\Project Options\Calculation\Calculation options for 'Project1'\Earned Value options for Project1","Default task Earned Value method"
"f09c4809-5dab-42ae-868b-69a6886353ed","\Microsoft Project 2016\Project Options\Security\Trust Center","Allow Trusted Locations on the network"
"df580aa7-188e-4f18-99dd-656911565128","\Microsoft Word 2016\Word Options\Advanced\Smart cut and paste","Adjust sentence and word spacing automatically"
"32eccb92-ab5e-45ec-996e-a94df1d16fbd","\Microsoft Office 2016\AutoSave","[Deprecated] Don’t AutoSave files in PowerPoint"
"a9f7c5f1-3b75-4bd4-adca-81dfe52b5121","\Google\Google Chrome","Abusive Experience Intervention Enforce"
"2c7d04ec-a76a-4065-a7bf-fbac529972cb","\Microsoft OneNote 2016\OneNote Options\Versions and Recyle Bin","Days back to keep items in recycle bin"
"45993c9c-802d-4bab-a861-aae837940edc","\Microsoft Office 2016\Miscellaneous","Show the option for Microsoft 365 Insider"
"be3961b4-e8db-43b0-b01d-fa0966dd97d5","\Google\Google Chrome","URLs/domains automatically permitted direct Security Key attestation"
"60592438-d815-488a-8831-160346268bec","\Google\Google Chrome - Default Settings (users can override)\Removed policies","Parameter controlling search term placement for the default search provider"
"15b33a0f-854c-4ff0-ac21-032ac8400fa0","\Microsoft Edge\SmartScreen settings","Configure Microsoft Defender SmartScreen"
"40548b54-c45e-427f-889d-2a41d09fed73","\Google\Google Chrome\Removed policies","Extend Flash content setting to all content (deprecated)"
"2e9566ed-4d18-40c8-8b78-972423498ce4","\Google\Google Chrome\Removed policies","Always runs plugins that require authorization (deprecated)"
"ca7af364-d0e2-4a25-bcca-a836c841895a","\Google\Google Chrome\Removed policies","The enrollment token of cloud policy on desktop"
"c38f2d47-d57e-4663-abe1-adffb0b03bb8","\Google\Google Chrome\Removed policies","Default legacy SameSite cookie behavior setting"
"1b4be219-6b24-40bb-b7a0-d006ec966108","\Microsoft Edge - Default Settings (users can override)","Disable synchronization of data using Microsoft sync services"
"691352b0-891d-4449-9b49-54653639d21d","\Microsoft Publisher 2016\Miscellaneous","Prompt user to setup printer"
"b0f8ff86-7515-42ad-ae7c-3fa5753f1ce5","\Microsoft Office 2016\Server Settings","Length AD Attribute containing Personal Site URL"
"7390b82e-9466-4e38-8f92-a4f08a909727","\Microsoft Visio 2016\Visio Options\Security\Trust Center","Trusted Location #9"
"43c5d14d-73ab-4a8e-82f7-010695164174","\Microsoft Office 2016\IME (Japanese)","Set update interval for Outlook Contacts Dictionary"
"c2fcfa44-294e-4641-a9c2-fee770c626b6","\Microsoft PowerPoint 2016\PowerPoint Options\Security\Trust Center\Protected View","Set document behavior if file validation fails"
"250c9021-e966-45ee-ac32-c4ddf7b3ecda","\Microsoft Office 2016\Server Settings\SharePoint Server","Minimum time to wait before rescanning the Outlook mailbox for new colleague recommendations"
"67c82990-a080-46d3-9e6d-eff9e3c738c6","\Google\Google Chrome\Content settings","Allow JavaScript to use JIT on these sites"
"b49394c6-b4a6-40ec-88b0-3cfa6c37be48","\Google\Google Chrome","Import browsing history from default browser on first run"
"4f4e3d0b-0531-43ac-b495-e77b07addea4","\Microsoft Edge","Open local files in Internet Explorer mode file extension allow list"
"4eb33bbc-d165-48d8-b9e7-db46bbb94d38","\Microsoft Outlook 2016\Outlook Options\Preferences\Calendar Options","Reduce the end time of short appointments and meetings by a specified number of minutes"
"a1d6eb5b-c6ca-4eee-acb0-860e184d70bf","\Microsoft Office 2016\Miscellaneous","Show the Update Channel option to allow users to select an update channel"
"fb2cf809-b619-41dc-9112-0a83bb6b4185","\Microsoft Edge","Send all intranet sites to Internet Explorer"
"bffd3283-bafb-46d9-8044-c6a018a247de","\Google\Google Chrome\Legacy Browser Support","Command-line parameters for switching from the alternative browser."
"4e7c7ddd-7370-4b29-86ba-698dcd2af283","\Microsoft Office 2016\Downloading Framework Components","Set download location for Microsoft .NET Framework 2.0"
"01a30023-555b-456a-8e5c-be1b66fec129","\Microsoft Edge\Startup, home page and new tab page","Action to take on Microsoft Edge startup"
"fc8a137c-4576-45b2-a9cc-653c37c3f89f","\Microsoft Edge WebView2","Check RSA key usage for server certificates issued by local trust anchors"
"19bb76da-70d1-4e08-9b1a-380497d61584","\Microsoft Edge Update\Applications\Microsoft Edge Dev","Rollback to Target version"
"edb7c930-9f58-4ddb-9c32-58f8f6a6c9b0","\Microsoft PowerPoint 2016\PowerPoint Options\Advanced","Number of folders in the Recent Folders list"
"209b15cc-109b-439d-a3c2-c0cca4cc5a8e","\Microsoft Outlook 2016\Outlook Options\Other\Advanced","Do not allow folders in non-default stores to be set as folder home pages"
"831d4436-6957-4845-883a-e8683a3981ec","\Microsoft Outlook 2016\Folder Home Pages for Outlook Special Folders","Drafts Folder Home Page"
"32d8a4dd-fe9f-40bf-9ac9-3e87404e505f","\Google\Google Chrome\Allow or deny screen capture","Allow Desktop, Window, and Tab capture by these origins"
"5d8d4179-4944-49aa-8e35-4c54f320021a","\Visual Studio\Live Share Settings","Require direct connection"
"c316bf7e-9bf8-433e-a0b4-e89eda112f53","\Microsoft Edge","URL reporting in Edge diagnostic data enabled"
"fe3bab9d-bdeb-4d47-82d7-239fa5802c46","\Microsoft Edge","Allow importing of shortcuts"
"6ed45509-97bb-4548-8d0b-15674e09354c","\Microsoft Edge\HTTP authentication","Windows Hello For HTTP Auth Enabled"
"9889ffdb-d0e0-49fd-9985-08c7721cd704","\Microsoft Edge\Content settings","Allow write access to files and directories on these sites"
"24b30afe-9ed5-41be-8243-6e8e510604f4","\Microsoft Edge\Content settings","Allow listed sites connect to specific HID devices"
"88c961d7-0a79-4fe3-b4fa-03dbe32f8924","\Google\Google Chrome","Allow merging list policies from different sources"
"eaf9af35-eccf-4d0e-9d17-4f0cf8bed351","\Microsoft Edge\Printing","Print PDF as Image Default"
"90f47141-13f2-4561-81ff-4c7532898ea8","\Microsoft Edge","Wait for Internet Explorer mode tabs to completely unload before ending the browser session"
"5de78f5d-a67c-4e6b-8535-7fb3e3ec40de","\Google\Google Chrome\Deprecated policies","Enable JavaScript"
"c84a97be-8e4b-4394-b02d-98060939b975","\Skype for Business 2016\Microsoft Lync Feature Policies","Disable server version check"
"052e101b-350a-41f4-a3b2-9d39fefb6191","\Microsoft Edge - Default Settings (users can override)\Default search provider","Enable the default search provider"
"b0cb9ce7-922b-41b6-9818-ac2d89ab456c","\Google\Google Chrome","Allow the audio sandbox to run"
"ea4817e3-ef9e-4122-bac4-11fb00cae036","\FSLogix\Profile Containers","Locked Retry Count"
"99ff334b-d98a-4ea0-9140-c24f6b0cc7e8","\Microsoft Outlook 2016\Outlook Options\Mail\Compose Messages","Force selection of account before sending"
"41e92d6e-09e7-4170-a60e-a3ace503f170","\Microsoft Edge","Save cookies when Microsoft Edge closes"
"8b09afce-5b3c-4f1e-be5a-7e6fc5ea0a4e","\Microsoft Word 2016\Review Tab\Chinese Conversion | Convert with Options","Use Taiwan, Hong Kong SAR and Macao SAR character variants"
"cb65a974-6715-4713-9971-b95b82e19833","\Microsoft Outlook 2016\Outlook Options\Other","Disable support ticket creation in Outlook"
"f15e02c7-087f-4291-9ee7-f4c1c274bd5b","\Microsoft Edge","Hide restore pages dialog after browser crash"
"3f9b8e60-2c80-4f9c-abcb-bf07df6182a2","\Microsoft Project 2016\Project Options\Calculation\Calculation options for 'Project1'","And move end of completed parts forward to status date"
"7a628d19-4790-447f-bd77-46fb8854dcd5","\Microsoft Office 2016\Language Preferences\Editing Languages\Enabled Editing Languages","Estonian"
"53e62b0c-2069-4b3a-a924-5b1c00d98058","\Microsoft Edge\Identity and sign-in","OneAuth Authentication Flow Enforced for signin"
"cc687009-a629-4222-8873-016bb099366e","\FSLogix\Profile Containers","Shutdown On User Logoff"
"aee489c0-37af-4ff4-b0e5-020bdbdf76a7","\Google\Google Chrome\Removed policies","Parameter controlling search term placement for the default search provider"
"a6466e9b-109d-4bf6-baa0-05d58dd032eb","\Google\Google Chrome\Removed policies","Block key generation on these sites"
"1a52c714-6ece-45d2-a8a9-505f97bdec1b","\Microsoft Edge\Extensions","Control which extensions cannot be installed"
"e787df31-5552-4102-ad8a-3c6399dcd6e8","\FSLogix\ODFC Containers\Cloud Cache","Clear Cache On Logoff"
"881602e9-8286-4a0b-88c6-3f43be9b65b5","\Microsoft Edge\Extensions","Configure allowed extension types"
"ae3dba33-335f-4102-8f4e-65adae86ebff","\Microsoft Edge - Default Settings (users can override)\Password manager and protection","Enable Password reveal button"
"ed9a6e78-22b8-435e-8106-5a077eb5d374","\FSLogix\ODFC Containers\Container and Directory Naming","VHD Name Match"
"6290d909-e539-4b13-a2f3-2b9280c41aa7","\Microsoft Access 2016\Application Settings\Security\Trust Center\Trusted Locations","Trusted Location #12"
"7a71f13e-8357-4cb1-b7d6-4019820ff021","\Microsoft Office 2016\Tools | Options | General | Web Options...","Hide all Office-provided templates on the Office Start screen and in File | New"
"738deec6-6cae-44ac-9dfa-d73ee30c6062","\Microsoft Visio 2016\Visio Options\Advanced\Shape Search","Search results"
"52abec6e-2f62-4626-8520-5e68c0fe8791","\Microsoft Visio 2016\Customizable Error Messages","List of error messages to customize"
"d162e8a1-4561-41fc-ba48-5c90308e25ae","\Microsoft Edge\Default search provider","Parameters for an image URL that uses POST"
"43d1e695-5dad-4311-9d35-f9334475a595","\Microsoft Project 2016\Project Options\View\Show","Project Screentips"
"cb1d2b29-9fd0-4ca7-80e2-da37f150259a","\Microsoft Word 2016\Review Tab\Language | Set Proofing Language...","Detect language automatically"
"59646005-7ae4-41f6-923c-1e37d240ddd6","\Microsoft Edge","Clear history for IE and IE mode every time you exit"
"d9038ea6-a161-4589-9613-85ddb64d5213","\Microsoft Edge","Allow importing of browsing history"
"f28a502a-1943-4b5f-acf6-c07c7cef5b29","\FSLogix\Profile Containers","Clean Out Notifications"
"87a66ef7-56a5-42c7-8414-44158a34761e","\Microsoft Edge","Enable the network service sandbox"
"3923d439-b9d8-4ab0-ae09-ab1a54f89fd7","\Microsoft Edge - Default Settings (users can override)","Allow importing of payment info"
"a4476822-07f9-4964-b893-8f8bb3edc09b","\Microsoft Project 2016\Project Options\Schedule\Scheduling options for 'Project1'","Keep tasks on nearest working day"
"3e7193b5-79d1-4cb7-8a84-e87ecbd79b29","\Microsoft Edge Update\Applications","Update policy override default"
"871d5363-4bc6-478a-9f75-2a38e4f44cd6","\Microsoft Edge","Browser sign-in settings"
"4836954c-5a17-4ef8-acf9-4d3d75a9929c","\Google\Google Chrome - Default Settings (users can override)\Password manager","Enable saving passwords to the password manager"
"a68092f5-975d-4fa8-a343-81c80fec6b9f","\Microsoft Office 2016\Language Preferences\Editing Languages\Enabled Editing Languages","Arabic (Kuwait)"
"ff6edb18-9d3c-43a4-aa5f-db1ec474ad92","\Microsoft Edge","Allow using the deprecated U2F Security Key API (deprecated)"
"ef1566dd-5d11-4326-9369-bbffce119875","\Microsoft Word 2016\Word Options\Advanced\Smart cut and paste","Smart style behavior"
"92e9fa25-6156-474f-a5d9-76bf79ac225f","\Microsoft Publisher 2016\Security\Trust Center","Disable Trust Bar Notification for unsigned application add-ins and block them"
"67b5a9b7-e538-4a94-816c-c594b9fa493d","\Microsoft Edge","Configure Speech Recognition"
"a98fc65a-8aba-43c1-b05a-3523c3e00b77","\Microsoft Edge\Content settings","Default setting for third-party storage partitioning"
"df76a0ec-cc5a-4780-948c-8470ece37e0d","\Google\Google Chrome","Set the time interval for relaunch"
"f420c981-f078-4b6e-b68c-71b6cd000a04","\Microsoft Publisher 2016\Publisher Options\Save","Allow background saves"
"d9ad87b6-55c1-40c9-a546-ef43b91d9835","\Google\Google Chrome\Removed policies","Specify a list of enabled plugins"
"b27c70b4-7512-44cc-b1e1-4dfcfad04c2a","\Microsoft Edge","Allow surf game"
"5fc14d8c-52ff-4ac0-bbc3-9b21f586efee","\Microsoft Edge\Application Guard settings","Application Guard Container Proxy"
"89032e20-8129-4e81-b334-e5c7ff678567","\OneDrive","Always use the user's Windows display language when provisioning known folders in OneDrive"
"3aab9919-b73b-4f2b-8a60-77c2c348e825","\Microsoft Office 2016\Security Settings","Disable VBA for Office applications"
"d514d92b-f20d-4a36-a790-ea6ff02024f8","\Microsoft Edge","Enable scrolling to text specified in URL fragments"
"559185bf-3113-4f64-97ba-f9dd16b5741e","\Microsoft Edge","Allow clipboard use on specific sites"
"ed338925-548a-4065-af0c-5ce3a59638d8","\Microsoft Edge","Save and fill memberships"
"503541ba-27d5-4a86-96e2-a15480d8da13","\Microsoft Outlook 2016\Account Settings\Exchange","Set maximum number of Exchange accounts per profile"
"89786305-298b-4ab7-9c22-70fdafc72616","\Microsoft Word 2016\Word Options\Customize Ribbon","Display Developer tab in the Ribbon"
"21aa42d1-b484-4040-a928-4b34996caeb1","\Microsoft Edge - Default Settings (users can override)","Enable travel assistance"
"cbb783d4-f919-469e-8920-544aed244075","\Microsoft Project 2016\Project Options\Customize Ribbon","Display Developer tab in the Ribbon"
"40942c96-5058-49d9-8e4c-4d6168b4e4d3","\Google\Google Chrome\Legacy Browser Support","Command-line parameters for the alternative browser."
"538cc93e-897e-4961-af99-dc974e08fd97","\Microsoft Office 2016\Privacy\Trust Center","Allow users to include screenshots and attachments when they submit feedback to Microsoft"
"52d45f4d-0dbe-4fae-a71b-d489f6c572b3","\Microsoft OneNote 2016\OneNote Options\Display","Navigation bar appears on the right"
"19333893-90ec-48ed-9d64-005cbabf5962","\Microsoft Edge","Specify URI template of desired DNS-over-HTTPS resolver"
"bb8994de-1140-4c08-86d7-536ee6f6ae31","\Microsoft Edge - Default Settings (users can override)\Extensions","Configure default state of Allow extensions from other stores setting"
"fc812cc2-135c-437d-9a83-3c6d336ed957","\Microsoft Edge - Default Settings (users can override)\Sleeping tabs settings","Configure auto discard sleeping tabs"
"5efbe42f-9857-4804-b1c3-51bf527c3897","\Microsoft Edge","Fetch keepalive duration on shutdown"
"891cd465-636d-4930-aa7f-259ab2456d98","\Microsoft Edge - Default Settings (users can override)","Allow importing of favorites"
"10c3261c-1b2d-4ab0-b102-aa189831d183","\FSLogix\ODFC Containers","Outlook Cached Mode"
"7bd6026e-db6e-4993-a127-6249bdc59a4d","\Microsoft Word 2016\Word Options\Security","Make hidden markup visible"
"3d29bdf2-fb09-4d87-bb0b-53112e116aea","\Microsoft Edge\Application Guard settings","Prevents files from being uploaded while in Application Guard"
"ef713627-de98-44f8-b58b-566b965e2774","\Microsoft Word 2016\Word Options\Security\Trust Center\Trusted Locations","Trusted Location #14"
"e900a74e-7b13-4057-ac11-576f44a80fe4","\Microsoft Word 2016\Word Options\Track changes and compare","Balloons"
"d21e83ea-2309-44a5-8099-642e4829e23a","\Google\Google Chrome\Deprecated policies","Force YouTube Safety Mode"
"81e3482b-dd65-41d5-86fd-3b8259f84051","\Microsoft Office 2016\Language Preferences\Editing Languages\Enabled Editing Languages","Sami, Northern (Finland)"
"a3190546-d578-4e20-a866-e0e79eca9b11","\Google\Google Chrome\Content settings","Default sensors setting"
"b44048d7-d8f9-40a8-8bde-1879a91a5f09","\Microsoft Office 2016 (Machine)\Security Settings\IE Security","Saved from URL"
"ed85acb0-290b-4366-87f6-72cab306ccb9","\Google\Google Chrome\Content settings","Allow read access via the File System API on these sites"
"da88c1cc-bf1e-4c4d-8061-341e77772437","\Windows Subsystem For Linux","Allow user setting firewall configuration"
"63c63681-9de2-4304-80d1-1c54620214e2","\Microsoft Edge","Re-enable deprecated web platform features for a limited time (obsolete)"
"34cc8f18-36bb-40ac-a101-f35dcd3dc7a6","\Microsoft Edge - Default Settings (users can override)","Continue running background apps after Microsoft Edge closes"
"3ccbb93a-cd98-4230-b20e-d467ecfdbf0a","\Google\Google Chrome","Specify URI template of desired DNS-over-HTTPS resolver"
"a4388f0c-d7bb-4149-8978-e59daaae4b94","\Google\Google Chrome\Remote access","Configure the required domain names for remote access hosts"
"fa18c2db-b8d3-4722-8854-7835f8dcc305","\Microsoft Access 2016\Application Settings\Security\Trust Center\Trusted Locations","Trusted Location #11"
"1e779e5a-9d39-404e-8a9f-b0f24185c6f0","\Microsoft Office 2016\Language Preferences\Editing Languages\Enabled Editing Languages","Arabic (Libya)"
"e3cd6057-60b3-41b8-b520-f2d5f1c1606c","\Microsoft Edge\Identity and sign-in","Configure the automatic profile switching site list"
"50e2a950-0b47-481b-a5f0-66bf53b9c82d","\FSLogix\Profile Containers\Container and Directory Naming","SID Directory Name Pattern"
"83ec03a5-495e-4d61-8bce-df0816f34ec7","\Microsoft Outlook 2016\Outlook Options\Preferences\Contact Options","Determine order of sources for photos"
"0a01d929-8b0e-4c01-ae25-cb8fc9f76261","\Microsoft Access 2016\Application Settings\Security\Cryptography","Set parameters for CNG context"
"0bd25305-7090-4d9f-bc1a-39dfe6540fdf","\Microsoft Access 2016\Miscellaneous","Block all unmanaged add-ins"
"9ec779ad-2a70-4091-a0be-53a7da511a1b","\Microsoft Visio 2016\Visio Options\Security\Trust Center","Trusted Location #16"
"1b063c73-0191-4ff1-b029-b29366480f3c","\Microsoft Edge","Let users snip a Math problem and get the solution with a step-by-step explanation in Microsoft Edge"
"708ddcb2-5562-4a53-8742-48fa645fd3c1","\Microsoft Edge","Allow or block video capture"
"0f6083ef-b79e-4e6e-9823-c86e5bee4744","\Microsoft Office 2016\Customizable Error Messages","Default save prompt text"
"b19060b8-2026-4172-98cd-0e2c2a7196d1","\Google\Google Chrome\Removed policies","Default legacy SameSite cookie behavior setting"
"2a19d34f-be6a-43ff-992f-af8cc24ec6c6","\Microsoft Edge - Default Settings (users can override)\Default search provider","Default search provider name"
"4a1af68e-1810-4936-9ddf-6e7540c45ea5","\Microsoft Edge","CECPQ2 post-quantum key-agreement enabled for TLS"
"d166e7f4-3c7a-448f-af3b-c1fc8b12344c","\Microsoft Visio 2016\Visio Options\Proofing","Turn off Research and Translation features in Visio"
"aeff861b-7345-4f00-9d04-170e82b0e028","\Microsoft Word 2016\Word Options\Proofing\AutoCorrect","Correct TWo INitial CApitals"
"a46c7fce-0daa-4a23-8918-20e4448a5986","\Microsoft Project 2016\Project Options\Security\Trust Center","Disable all application add-ins"
"448444ce-8bc5-4542-9ccf-c40439784d3b","\Microsoft Project 2016\Project Options\General\General options for 'Project1'","Default overtime rate"
"80f02222-9747-4680-9301-c89c496fb6d2","\Microsoft Edge\Manageability","Microsoft Edge management extensions feedback enabled"
"f080a1b6-8ea2-4b29-a116-25d41f6625e1","\Microsoft Office 2016\Security Settings\Trust Center","Trusted Location #2"
"15409943-5f96-4db6-ab16-e8b792692e4c","\Microsoft Edge\Content settings","Automatically grant permission to these sites to connect to HID devices containing top-level collections with the given HID usage"
"63244f9d-49e0-45ef-8e89-d8070d42cebc","\Microsoft Edge\Permit or deny screen capture","Allow Tab capture by these origins"
"ea0e2e53-a745-49de-b54e-f916ff659f05","\Microsoft Office 2016\Tools | AutoCorrect Options... (Excel, PowerPoint and Access)","Replace text as you type"
"dbfa2fb0-18b5-4f51-8589-4b08e5772798","\Microsoft Project 2016\Project Options\Security\Cryptography","Set CNG cipher algorithm"
"edfdac93-604f-46cf-a20e-1da2cf608161","\Microsoft Access 2016\Miscellaneous","List of managed add-ins"
"a813e45d-0412-4506-b723-e917f4f2dff5","\Microsoft PowerPoint 2016\PowerPoint Options\Security\Trust Center\Trusted Locations","Trusted Location #16"
"5e4239e8-de87-4994-a5ca-f744e701d6b5","\Microsoft Edge - Default Settings (users can override)\Startup, home page and new tab page","Show Home button on toolbar"
"249775d5-a464-4579-9694-76a551994246","\Microsoft Edge","Get user confirmation before closing a browser window with multiple tabs"
"84d9f550-4b11-43f6-96f9-11fd0dd2baaf","\Microsoft Edge","Enables DALL-E themes generation"
"9a5bd96f-f894-4890-aefa-214dbe5ccd3b","\Microsoft Access 2016\Miscellaneous","Use Access 2007 compatible cache"
"5350cdb4-31bb-4410-9048-6692650f72a3","\Microsoft Office 2016\Language Preferences\Editing Languages\Enabled Editing Languages","Arabic (Qatar)"
"60dd3cec-0e4e-4f21-9698-457df254a6dc","\Microsoft Visio 2016\Visio Options\Advanced\Display","Specify ScreenTips to appear"
"385471bb-9119-439f-a456-bb00674f7fd6","\Microsoft Access 2016\Application Settings\Security\Trust Center\Trusted Locations","Trusted Location #16"
"ad12b56b-cdc2-4e02-9226-804b19e8a498","\Microsoft Teams","Restrict sign in to Teams to accounts in specific tenants"
"6bc9d83b-71fc-48e2-8da4-1b5e0abd484d","\Microsoft Edge - Default Settings (users can override)\Printing","Print headers and footers"
"a34735ca-f883-4fc2-94c1-27aa659db38a","\Microsoft Edge Update\Proxy Server","URL to a proxy .pac file"
"1b940578-5f89-478b-a4a7-5eac9fd458c6","\Microsoft Office 2016\Security Settings","Protect document metadata for password protected files"
"14a87e0e-d529-49f8-a74d-d74562a74399","\Microsoft Edge\Manageability","Microsoft Edge management extensions feedback enabled"
"1b66be02-60e6-46bc-8cc5-4222ebc87e21","\Microsoft Office 2016\Business Data\Synchronization","Set maximum sleep interval"
"d464d512-b3da-4f3f-b810-dc65d8e08d04","\Microsoft Edge","Control the new behavior for event dispatching on disabled form controls"
"cdb3973d-eac6-4580-8157-a93728018aec","\Microsoft Excel 2016\Excel Options\Security\Cryptography","Specify CNG salt length"
"d0a39a4b-4d08-48e1-8a4b-65c69dd9bf4b","\Windows Components\Remote Desktop Services\Remote Desktop Session Host\Azure Virtual Desktop","Enable screen capture protection"
"4d98329d-2883-4012-a461-7e3f3261b0dd","\Microsoft Office 2016\Language Preferences\Editing Languages\Enabled Editing Languages","Arabic (Syria)"
"0d89710f-256a-4504-9c36-3a6ec07645ed","\Google\Google Chrome","Import autofill form data from default browser on first run"
"99133319-a72b-4c5a-8c41-2606db6e4f8a","\Microsoft Outlook 2016\Account Settings\SharePoint Lists","Modify number of changed items included in SharePoint client page download"
"c1c7978b-a99c-4cfd-a028-d8a2020edd06","\Microsoft Project 2016\Project Options\Security\Trust Center","Trusted Location #10"
"dd813eb5-57d4-4e19-9875-4e0234e1b24b","\Microsoft Office 2016 (Machine)\Security Settings\IE Security","Bind to object"
"0f9777da-7cd2-4a0b-ab59-dc0b5c3ad2d1","\Microsoft Edge","Configure the list of domains for which enhance security mode will not be enforced"
"0ba36801-0594-4c4f-a268-6eb4ae16ac21","\Microsoft Edge\Password manager and protection","Configure the change password URL"
"58841226-ea6a-4cee-95e2-05aeccc0aa29","\Google\Google Chrome","Specify URI template of desired DNS-over-HTTPS resolver"
"6771ed8f-c879-4a2e-831d-4fa879f8ff8b","\Microsoft Edge","TLS Encrypted ClientHello Enabled"
"eb2aaadd-8fb9-4db8-82c8-e70570c7950c","\Microsoft Office 2016\Contact Card\Contact Tab","Replace MAPI - Home"
"72fe8770-2fee-47c5-956d-70ae4eb680d8","\Microsoft Office 2016\Language Preferences\Editing Languages\Enabled Editing Languages","Romanian (Romania)"
"a6d607e2-8067-41e3-b4ad-e06985f7492b","\Microsoft Outlook 2016\Outlook Options\Preferences\Junk E-mail","Permanently delete Junk E-mail"
"0b7f525e-e75b-4bf7-94ee-695e252b87e6","\Microsoft Office 2016\Security Settings\Digital Signatures","Configure legacy RSA public key size"
"a5b8fdbc-5562-4bbc-a126-ade67346b004","\Google\Google Chrome","Configure the content and order of preferred languages"
"f722e21c-04c7-4035-bf02-ce105505ca39","\Microsoft Office 2016\Tools | Options | General | Web Options...\Browsers","Allow PNG as an output format"
"7192dcc5-3a83-4afb-b33f-b11c058317c7","\Microsoft Edge\Content settings","Allow notifications on specific sites"
"7297043b-4fc5-4916-8173-1a6cf4de9281","\Microsoft Access 2016\Application Settings\Security\Trust Center\Trusted Locations","Trusted Location #2"
"2889e777-7eeb-4fbc-9e0d-b14a9b0065a0","\Google\Google Chrome - Default Settings (users can override)","Enable alternate error pages"
"b03e1e43-d156-47a8-ba5f-dbae696336a5","\Microsoft Edge","Enable component updates in Microsoft Edge"
"8e50dbcf-7d0b-4e59-a3c3-55284a24fd57","\Microsoft Edge","Allow importing of Cookies"
"083495d8-432e-44d8-9c8b-966ac0135133","\Microsoft Excel 2016\Excel Options\Security\Trust Center\Protected View","Always open untrusted database files in Protected View"
"e86bbbe4-c319-49f9-afc6-baf7be17a970","\Microsoft Office 2016\Collaboration Settings\Default message text for a review request...","With a link and an attachment"
"21d23736-d87a-4127-a0e0-3656347defe6","\Microsoft Edge\Permit or deny screen capture","Allow Same Origin Tab capture by these origins"
"b660ff08-1c06-4605-b16f-ed673f1d1054","\Microsoft Edge\Content settings","Default JavaScript setting"
"50dfaaa3-c402-4dde-ae57-22e691e24906","\Microsoft Edge","Hide the First-run experience and splash screen"
"34a9f787-9468-4117-a3fc-37ed8d6299b2","\Microsoft Office 2016\Language Preferences\Editing Languages\Enabled Editing Languages","Spanish (Dominican Republic)"
"27c4c78e-e69e-4eeb-a623-3213ef19e15d","\Microsoft Edge\Password manager and protection","Prevent passwords from being deleted if any Edge settings is enabled to delete browsing data when Microsoft Edge closes"
"50f0de9b-34b6-482e-a8c7-00f1c65fb1ee","\Microsoft Office 2016\Manage Restricted Permissions","Always expand groups in Office when restricting permission for documents"
"c61a5199-670d-4326-8d21-8cc8ca9b0574","\Microsoft Office 2016\Document Information Panel","Disable Document Information Panel"
"fac075ee-14a6-4eca-b374-a503ebeba29a","\Microsoft Outlook 2016\Outlook Options\Preferences\E-mail Options","Do not use Conversation arrangement in Views"
"ded18a54-7d8e-4b56-a93a-59d33722d472","\Microsoft Edge\Proxy server","Configure address or URL of proxy server (deprecated)"
"097a110a-c827-4306-a717-f33d0f087619","\Google\Google Chrome","Disable proceeding from the Safe Browsing warning page"
"788605b3-38b1-4133-a73a-3a8c40e84953","\Microsoft Word 2016\Word Options\Security\Cryptography","Set CNG cipher key length"
"d93f14be-1bcd-49eb-96f6-c117afced2a1","\Google\Google Chrome - Default Settings (users can override)\Default search provider","List of alternate URLs for the default search provider"
"7e7ece2a-ccd7-4139-9f21-1c205be13541","\Microsoft Office 2016\Language Preferences\Editing Languages\Enabled Editing Languages","Mongolian (Cyrillic)"
"912bf136-a5da-41e4-a1c7-a3d434b36314","\Google\Google Chrome\Removed policies","Enable deprecated web platform features for a limited time"
"bab0757d-6633-44e6-84e1-dc7cf4d47d12","\Microsoft PowerPoint 2016\PowerPoint Options\Advanced","Show popup toolbar"
"de2c6c02-ebe2-46ee-a4fc-0c61ad011153","\Microsoft Edge\Default search provider","Configure the new tab page search box experience"
"f8b9c26f-4240-42ce-afc7-f82fddf277bd","\Google\Google Chrome\Removed policies","Enable two-factor authentication for remote access hosts"
"dffe6f8d-2cfb-4c0d-abdb-613137de31f5","\Microsoft Project 2016\Project Options\General","Undo Levels"
"c92b0ab4-f2d8-4947-8c19-2f99f800ed4a","\Microsoft Edge - Default Settings (users can override)\Performance","Enable startup boost"
"956488a7-51bb-4f48-b816-67e55de73db3","\Google\Google Chrome","Enable Translate"
"5bcf6a31-39ab-406d-af37-b539e9c61576","\Google\Google Chrome\Printing","Print Rasterization Mode"
"140c76ae-87cd-49a1-8283-0858b9fafec4","\Google\Google Chrome - Default Settings (users can override)\Default search provider","Default search provider suggest URL"
"ea442514-86dd-4d57-b8e4-25d67ffd7ffa","\Google\Google Chrome\Removed policies","Default key generation setting"
"16dd4588-9f52-4286-8b90-f42742984293","\Google\Google Chrome","Proxy settings"
"9333e175-fd43-4bde-9df7-5e1e6a9903ef","\Microsoft Edge - Default Settings (users can override)","Enable favorites bar"
"5dca0b88-b667-43b8-9e04-e600da4692f5","\Microsoft Outlook 2016\Outlook Options\Preferences\Search Options","Do not include the Online Archive in All Mail Item search"
"b0b11776-f05c-410c-9104-a0af34f5365b","\Google\Google Chrome - Default Settings (users can override)\Default search provider","Parameters for image URL which uses POST"
"73c8e067-3a9b-4eb5-9043-a1a12f29f65c","\Microsoft Office 2016\Security Settings\Escrow Certificates","Escrow Key #4"
"e2bd07f6-1f9b-46d4-bd3b-28b1d1afb89a","\Microsoft Excel 2016\Excel Options\Security\Cryptography","Specify encryption compatibility"
"6d1bce09-3811-49ef-8afa-bcbe022c9530","\Google\Google Chrome","Enables merging of user cloud policies into machine-level policies"
"f2e4e1f3-ab8d-4d7f-9f24-3404e5aeca9b","\Google\Google Chrome","Allow proceeding from the SSL warning page"
"06b9c400-f1ed-4046-b8cb-02af3ae8e38d","\Microsoft Edge\SmartScreen settings","Prevent bypassing Microsoft Defender SmartScreen prompts for sites"
"6216e28e-8c1d-4f3a-9442-a3e5f908114e","\Microsoft Project 2016\Project Options\Edit\View options for time units in 'Project1'","Minutes"
"dc74c5b4-85e6-4ddc-9730-26e272f3cb3d","\Microsoft Edge Update\Microsoft Edge WebView2 Runtime","Allow installation"
"420979fd-68fd-4e38-9b96-57f3e84f997f","\Google\Google Chrome\Removed policies","Enable a TLS 1.3 security feature for local trust anchors."
"8cbfae18-90d8-467f-8b46-8180010bbece","\OneDrive","Require users to confirm large delete operations"
"2fb06570-ee69-4147-bb35-f2df38aabd3a","\Microsoft Word 2016\Word Options\Proofing\AutoCorrect","Replace text as you type"
"01d9694b-ee8e-46f1-8a9b-e3ff00628e43","\Microsoft Edge","Enable favorites bar"
"b94ccc69-1872-451d-90f0-d6463a08144b","\Microsoft Word 2016\Japanese Find","Match full/half width form"
"6e425479-7141-4f19-92e3-3971aa23a2f7","\Microsoft Edge","Use built-in DNS client"
"8ece6b4b-973f-4138-a5e6-c044e9117aca","\Microsoft Office 2016\Security Settings","Turn off PDF encryption setting UI"
"8da39f0f-4758-4149-b91e-290da7928ab2","\Microsoft Office 2016\Security Settings\Trust Center","Trusted Location #6"
"0fb960f8-a4d5-416c-afe9-268bd33446bb","\Microsoft Edge - Default Settings (users can override)\Printing","Sets layout for printing"
"0f8e7398-509f-44aa-83b2-0ebb5864dc1a","\Microsoft Office 2016\Miscellaneous","Do not track document editing time"
"fad817df-501f-4e56-bb6a-c69d600267fc","\Microsoft Edge","Enable the network service sandbox"
"6a202077-cca1-4b4d-95e5-316f7ce9ebb3","\Google\Google Chrome\Removed policies","Enable network prediction"
"9728a8c7-7ff6-4c87-b438-67fabc5b020e","\Microsoft Edge - Default Settings (users can override)\SmartScreen settings","Force Microsoft Defender SmartScreen checks on downloads from trusted sources"
"9eb34c62-aeea-4677-aa5b-dc16061bbbd9","\Google\Google Chrome","Block third party cookies"
"31d9fb30-81dd-472f-becc-32fcc18dfdd6","\Microsoft Office 2016\Language Preferences\Editing Languages\Enabled Editing Languages","Chinese (Taiwan)"
"814ee673-5e29-45a4-afbb-16c75a0ee50a","\Microsoft Office 2016\Web Archives","Web Archive encoding"
"df1783e0-e8d4-44af-ade1-07d9fa52b389","\Microsoft Office 2016\Contact Card\Contact Tab","Replace AD - Home2"
"352431d2-6b8d-4355-a9a6-f9e06b9bb3eb","\Microsoft Office 2016\Shared paths","Set User path for the label page size update files"
"9ef3e995-9c99-4abb-846b-0dbea5a321ee","\Microsoft Edge","Block access to a specified list of services and export targets in Collections"
"dc9dccab-8597-4afc-bdb6-c3a13c9c4036","\Microsoft Office 2016\Present Online\Presentation Services","Configure presentation service in PowerPoint and Word 5"
"6bb1d276-5ca5-4aa5-adf8-460ac966d696","\Microsoft Edge","Visual search enabled"
"dc90db29-352d-4ba2-b269-42912cb19bc0","\Microsoft PowerPoint 2016\PowerPoint Options\Security\Trust Center","Set maximum number of trusted documents"
"270e643f-a1dd-49eb-8365-8292e9d6c7f7","\Microsoft Edge\SmartScreen settings","Configure Microsoft Defender SmartScreen to block potentially unwanted apps"
"59c62642-426d-48f4-9ba3-2aefc8683e30","\Microsoft Word 2016\Word Options\Security\Trust Center\Trusted Locations","Trusted Location #10"
"a74b2d4d-b5c8-4371-b01b-2b2719092716","\Microsoft Edge\HTTP authentication","Allow Basic authentication for HTTP"
"cc40443f-b140-46dc-86aa-f0129dc2e42b","\Microsoft Outlook 2016\Account Settings\Exchange ActiveSync","Enable Exchange ActiveSync account creation in the Outlook account setup UI"
"3bc76ea2-3787-4f64-8295-c3e5a5c812e9","\Microsoft Outlook 2016\Outlook Options\Preferences\Calendar Options","Hide Send Latest Version button"
"4798554c-5b83-4b02-9cc6-b967ee53c721","\Microsoft Office 2016\Language Preferences\Editing Languages\Enabled Editing Languages","Russian (Russia)"
"312e3707-1764-4671-a0ad-a3f8d3685db6","\Google\Google Chrome\Removed policies","Allow sites to simultaneously navigate and open pop-ups"
"4f86efd2-83d8-406b-bddc-cba6b78ff342","\Microsoft Edge\Startup, home page and new tab page","Disable Bing chat entry-points on Microsoft Edge Enterprise new tab page"
"f2a6fce2-49f1-48ec-bd6a-c7120d251f7e","\Microsoft Outlook 2016\Outlook Options\Preferences\E-mail Options\Tracking Options","Tracking options"
"a93ec245-b970-49f4-b9b5-e16fc6cd3024","\Microsoft Edge","Manage the indicator UI of the Enhanced Security Mode (ESM) feature in Microsoft Edge"
"c04495da-7ef7-4fdf-babf-40a500a0e2b9","\Google\Google Chrome","Enables experimental policies"
"69dcc257-d2ff-4f91-8298-e7821e4d9ba4","\Microsoft Edge\Printing","Set the system default printer as the default printer"
"4c4246f7-eaad-4f26-9d9c-6fe24bfbe643","\Microsoft Access 2016\Application Settings\Security\Cryptography","Specify CNG hash algorithm"
"a7132488-b0c3-4e2e-bb4a-95a7cb6827cb","\Microsoft Edge WebView2","Enable built-in PDF reader powered by Adobe Acrobat for WebView2"
"36505487-9b2f-4d7f-85df-5b6104ef2d62","\Microsoft PowerPoint 2016\PowerPoint Options\Proofing\AutoFormat as you type","Replace straight quotes with smart quotes"
"8225b037-683b-43c5-baa0-ccdcf037ff19","\Google\Google Chrome\Removed policies","Clear site data on browser shutdown (deprecated)"
"31a1c72c-0cb5-4fed-8aa6-d541e0712393","\Microsoft Edge","Configure if the ads transparency feature is enabled"
"d132e177-8bed-472b-ba88-e889a346dcc3","\Microsoft Edge","Clear cached images and files when Microsoft Edge closes"
"cd4d3e90-c083-4fc6-82cc-4777b886fee5","\Microsoft Office 2016\Security Settings\Trust Center\Protected View","Unsafe Location #3"
"7c54fa7e-6552-4160-a217-5dff2d877414","\Google\Google Chrome","Enable network prediction"
"f5f857a1-a2d5-47b4-af29-5ce273492890","\Microsoft Outlook 2016\Outlook Options\Preferences\Calendar Options\Schedule View","Turn off Legacy Group Calendar migration"
"2d0c1281-0798-4104-aee7-5643ea7ec45e","\Google\Google Chrome\Legacy Browser Support","Command-line parameters for the alternative browser."
"bd388d72-5e9c-48b0-9e18-09dcabf7acf6","\Microsoft Excel 2016\Excel Options\Security\Trust Center\File Block Settings","Text files"
"1112dfcf-8c61-4550-9653-e9c753128f24","\Microsoft Word 2016\Miscellaneous","Show custom templates tab by default in Word on the Office Start screen and in File | New"
"f47c9d3f-0ce3-40f8-a081-59104accd552","\Microsoft OneNote 2016\OneNote Options\Versions and Recyle Bin","Days all Version History items are ""safe"" from pruning"
"879991df-0fae-413c-9ade-287ab0241ea2","\Microsoft Word 2016\Word Options\Security\Trust Center","Turn off trusted documents"
"0178b275-d16c-40df-a62a-1b48689ea7f7","\Microsoft Edge\Printing","Enable printing"
"f5d5c5be-3731-4c73-b8f8-42f7db597cff","\Microsoft Edge\Content settings","Allow notifications to set Microsoft Edge as default PDF reader"
"f630be75-d32f-4492-8d89-04908ee2f89b","\Microsoft Edge - Default Settings (users can override)\Default search provider","Configure the new tab page search box experience"
"25a64f89-15c6-446f-9ddf-056dd9c1960e","\Microsoft Edge","Allow freezing of background tabs (obsolete)"
"74b8cf31-7c37-4bf4-8271-857fec5ffa9a","\Google\Google Chrome - Default Settings (users can override)","Import browsing history from default browser on first run"
"959307c4-9bbd-46a4-baf4-b08faba1f663","\Microsoft Project 2016\Project Options\Security\Cryptography","Set parameters for CNG context"
"048cbb60-979c-4a98-9be4-f3ce7c977de9","\Microsoft Outlook 2016\Outlook Options\Preferences\Calendar Options\Schedule View","Prevent Other Department Calendar from appearing"
"a2be98d9-83b7-48d7-86ca-6e763d01cf54","\Microsoft Project 2016\Project Options\Schedule\Scheduling options for 'Project1'","Show tasks schedule warnings"
"5f50c79e-3469-4a71-8bf0-c46b57d658a7","\Microsoft Office 2016\Customizable Error Messages","List of error messages to customize"
"ed4e2806-1a83-4442-9f76-6b435e7d8c90","\Visual Studio\Live Share Settings","Disable shared server"
"9676e239-9ff8-47af-8846-8367243e387b","\Microsoft Edge","Allows a page to show popups during its unloading (obsolete)"
"bff3217a-e729-4bd2-b032-c5b34601a518","\Google\Google Chrome\Removed policies","Allow running plugins that are outdated"
"d772fb9c-3ad6-43c1-892b-ba06af3aa5ba","\Microsoft Word 2016\Word Options\General","Show Mini Toolbar on selection"
"f771fc4e-540f-4a21-8da7-ed4936476027","\Google\Google Chrome\Content settings","Allow popups on these sites"
"4f78f4c8-cc0b-4322-93b2-46ec41c5e1fc","\Google\Google Chrome","Allow Chrome to block navigations toward external protocols in sandboxed iframes"
"b1a07a53-565e-4f57-b3d9-cdf3d7ddafe5","\Microsoft Office 2016\Miscellaneous","Provide feedback with sound"
"20bcb8de-4ee2-4c5e-9b03-ce441d26eb81","\Microsoft Edge - Default Settings (users can override)\Password manager and protection","Prevent passwords from being deleted if any Edge settings is enabled to delete browsing data when Microsoft Edge closes"
"f7fd2d95-6c68-47a1-9e7f-118f85d4cf1b","\Microsoft Edge - Default Settings (users can override)\Default search provider","Enable the default search provider"
"7c77a075-f99c-49b3-8221-9c8b6c9b4874","\Microsoft Outlook 2016\Outlook Options\Preferences\E-mail Options","Disable Mail Tips"
"82780fdb-ffdb-4f40-ad60-33ef55fedfbd","\Microsoft Office 2016\Business Data\Synchronization","Set maximum number of retries when synchronization fails"
"a0727084-663b-443e-ae17-5c0392bce4a4","\Microsoft Edge","Allow users to configure Family safety and Kids Mode"
"aef8c2b6-33ea-4c1f-9155-a4b415137fc8","\Microsoft Outlook 2016\Account Settings\Exchange","Authentication with Exchange Server"
"bee33ad7-3ce7-4cd4-bc2d-056ea3ee99f3","\Microsoft Edge","Allow suggestions from local providers"
"1c0fd434-7dce-4090-808e-68c99f4aa14a","\Microsoft Office 2016\Language Preferences\Editing Languages\Enabled Editing Languages","Arabic (Saudi Arabia)"
"547968a7-cf0d-425d-ab4d-1c9ffb544eea","\Microsoft Word 2016\Japanese Find","Match minus/dash/cho-on"
"c1101f63-3361-4d7f-8733-cb7ba3aa9a1b","\Microsoft Excel 2016\Excel Options\Security\Trust Center\Trusted Locations","Trusted Location #16"
"715d17fa-16bf-46ff-b069-64f00f88a83c","\Google\Google Chrome","Set the roaming profile directory"
"fa6b5bbd-eb92-4c0d-a71c-a467f35a7bbb","\Microsoft Office 2016\Contact Card\Contact Tab","Replace Label - Other"
"23b3a8e8-ae4c-4e1c-b39d-fbea91331bd7","\Microsoft Outlook 2016\Security\Trust Center","Specify the number of restarts attempted for a running web extension"
"eaca0db8-9673-4487-8055-d6dc037a3ef9","\Microsoft Edge\Startup, home page and new tab page","Show Home button on toolbar"
"e93949e0-71ae-4942-a6cf-b2a5ad8d1816","\Google\Google Chrome\Remote access","Allow remote support connections to this machine"
"5c91816c-21a5-4be0-b3e0-1d15a8fcd08c","\Google\Google Chrome","Enable search suggestions"
"ec291d35-f425-4bfa-9982-9da48c2f3156","\Microsoft Excel 2016\Excel Options\Security\Trust Center\Trusted Locations","Trusted Location #1"
"ea131dbe-4de5-4992-9748-7fc8ccbc83a8","\Microsoft Edge\Content settings","Default automatic downloads setting"
"8e7dd0e2-207c-488b-a6af-64011cdef6cc","\Microsoft Access 2016\Application Settings\Web Options...\General","Followed hyperlink color"
"80ba9a6b-7567-4a59-a652-6f40540e486b","\Microsoft OneNote 2016\OneNote Options\Audio and Video","Specify number of bits to sample when recording"
"5243c40c-3c33-4bdd-b9f5-669887347d26","\Microsoft Edge","Enable Native Window Occlusion (deprecated)"
"13efcb25-f607-48f0-ba16-39bd319821df","\Microsoft Outlook 2016\Outlook Options\Preferences\E-mail Options","On replies and forwards"
"9de69d3d-bf50-4c8b-8e82-d1c5cf6af10d","\Microsoft Word 2016\File Tab\Check Accessibility","Stop checking to ensure hyperlink text is meaningful"
"e229d62e-552c-4d70-90b7-eacb1c1b7505","\Microsoft PowerPoint 2016\File Tab\Check Accessibility","Stop checking to ensure presentations allow programmatic access"
"f69abeca-36cd-4e7b-a1c3-8a6ab02c2338","\Google\Google Chrome","Enable AutoFill for addresses"
"0553cc11-b939-4e5a-a4c4-7b6230329683","\Microsoft Excel 2016\Excel Options\Advanced","Microsoft Excel menu or Help key"
"02b00eff-a77c-4b7d-8ee4-1b37ce64e097","\Microsoft Word 2016\Word Options\Advanced","Print on back of the sheet for duplex printing"
"100df4d9-e177-4a66-bce5-cf0104352b47","\Google\Google Chrome","Enable deleting browser and download history"
"58d09d90-9497-4a1a-9633-4bd6f6cd1cad","\Microsoft Office 2016\Language Preferences\Editing Languages\Enabled Editing Languages","Norwegian (Nynorsk)"
"e1e8185a-bc4c-4ff2-8141-9515fda95ed9","\Microsoft Edge","Always open PDF files externally"
"fcc436fe-366c-4121-905c-43fd52b7e2cc","\Microsoft PowerPoint 2016\PowerPoint Options\Security\Cryptography","Set parameters for CNG context"
"10adcc64-401a-46a1-b441-d60f7d7ce26d","\Microsoft Office 2016\Shared paths","Shared themes path"
"52d403ed-7951-4fb8-8bd2-dc824a723bb3","\Microsoft Edge","Restrict which accounts can be used to sign in to Microsoft Edge"
"fc0d758f-f3bb-44db-be99-8ede166b5d51","\Google\Google Chrome","Enable warnings for insecure forms"
"f85f5072-6709-491e-b0c0-dae93fd20c1e","\Microsoft Edge","Configure favorites"
"4ef6c5cc-284f-41af-a127-8ffa65b40539","\Google\Google Chrome\Deprecated policies","URL to a proxy .pac file"
"e033d5be-e35e-45f8-9bd6-92439a4a078a","\Microsoft Office 2016\Contact Card\Contact Tab","Replace MAPI - Home2"
"0d2957c4-a215-43bf-bf60-21f326dfd81e","\Microsoft Edge\Related Website Sets Settings","Override Related Website Sets."
"b78146e2-2cf8-4151-8978-b4f1964d886a","\Microsoft Word 2016\Japanese Find","Match ia/iya (piano/piyano)"
"ccbbd834-180e-42db-a191-cda0437c0854","\Microsoft Edge\Startup, home page and new tab page","Hide the company logo on the Microsoft Edge new tab page"
"4dd59a60-23f2-4cc9-bcf4-8530be302f5f","\Microsoft Word 2016\Word Options\Proofing","Mark grammar errors as you type"
"6ccbadf6-ba6f-46ef-b3dd-9a56740f51c2","\Microsoft Word 2016\Word Options\Advanced","Left scroll bar"
"01e3203a-7ab4-4b75-b668-c14f0c6367ed","\Google\Google Chrome\Deprecated policies","Configure extension installation whitelist"
"5e97e4f9-61fd-4898-930b-ceea0dbcdfc4","\Microsoft Edge","Configure reporting of potentially misconfigured neutral site URLs to the M365 Admin Center Site Lists app"
"3f3fba34-b645-4b86-abdd-45f17b1f041a","\Microsoft Access 2016\Application Settings\Security\Trust Center","VBA Macro Notification Settings"
"3d73998c-4da3-46f6-952a-6f79c419ffce","\Microsoft Excel 2016\Excel Options\Security\Trust Center","Set maximum number of trust records to preserve"
"ff65db00-3353-49c6-a03c-97e7d5a02c3e","\FSLogix\ODFC Containers\Cloud Cache","CCD Locations"
"9ddd950f-9ad1-453c-b83d-3d6972f1df0e","\Microsoft Word 2016\Word Options\Display","Update fields before printing"
"10a7144d-cd09-4680-9f42-7f81f45e13a3","\Microsoft Office 2016\Contact Card\Contact Tab","Replace MAPI - Work2"
"c9a33ad2-89e7-4ac9-906b-aaeafb465955","\Microsoft Office 2016\Language Preferences\Editing Languages\Enabled Editing Languages","Arabic (Yemen)"
"0b20d914-0279-4582-8b07-e3653c1b4125","\Microsoft Edge\Printing","Print PostScript Mode"
"2fbfbb25-7ac5-4701-bf74-ed75730c048f","\Microsoft Office 2016\Microsoft Office SmartArt","Log File Maximum Size"
"41c38331-113e-40eb-b4db-8c888de1b8b5","\Microsoft Edge - Default Settings (users can override)\Default search provider","Default search provider URL for suggestions"
"8ecc6b33-cfda-4601-9afb-5cbe1bd5e2b3","\Microsoft Edge","Allow Save page as in Internet Explorer mode"
"485897dc-570f-47bb-a4ff-234286bee06a","\Microsoft Office 2016\Security Settings\Trust Center\Application Guard","Configure Application Guard container precreation"
"1d3aebb3-743c-43f9-a4c2-29c2028a1556","\FSLogix\ODFC Containers","Remove Orphaned OST Files On Logoff"
"7dd14726-acce-4c7e-aefe-dd2ae36479e6","\FSLogix\ODFC Containers\Container and Directory Naming","SID Directory Name Pattern"
"07d8b3a1-bb16-4ce5-a544-fe9c401cca35","\Google\Google Chrome","Restrict the range of local UDP ports used by WebRTC"
"a803fabf-27ae-40b7-845b-639e7b3322c4","\Microsoft Office 2016\Language Preferences\Editing Languages\Enabled Editing Languages","Kinyarwanda"
"e90d6456-cbda-4b4c-8d65-83f76c32b5e0","\Microsoft Edge","Always open PDF files externally"
"46d2d5e8-b4d4-4e5f-9722-4c93d26ba7f8","\Microsoft Outlook 2016\Outlook Options\Preferences\Calendar Options\Planner Options","Meeting Planner"
"7176aabe-c592-461b-b9b9-53282e500b3f","\Microsoft Outlook 2016\Security\Cryptography","Do not display 'Publish to GAL' button"
"213d2e7c-4918-4705-bf8e-e3b10120a5a4","\Google\Google Chrome - Default Settings (users can override)\Printing","Use System Default Printer as Default"
"21a25a76-d986-4739-93b2-cf35845dd3c1","\Visual Studio\Live Share Settings","Require guest approval"
"010ad077-edf5-4a39-a370-85e8109f0295","\Microsoft Edge","Set the time period for update notifications"
"2ea10677-be31-47ff-ab4d-73f9a6ed8f6f","\Microsoft Outlook 2016\Account Settings\Exchange","Prevent copying or moving items between accounts"
"5b7d1a06-e0a7-497f-b939-62a9566b23f0","\Microsoft Office 2016\Privacy\Trust Center","Allow the use of connected experiences in Office that analyze content"
"2354e598-1784-4776-b167-76b51932a7fd","\Microsoft Office 2016\Security Settings\Trust Center\Protected View","Unsafe Location #15"
"e4844cd8-1a16-4a69-923a-59c69b6bcaec","\Microsoft Office 2016\Global Options\Customize","Turn off user customizations via UI"
"57cdb88e-2071-409c-b51a-c7211aa63d5c","\Microsoft Word 2016\Word Options\Display","Hidden text"
"81777b7b-4584-46f7-81b4-196cc2066a60","\Microsoft Edge Update\Applications\Microsoft Edge Canary","Rollback to Target version"
"b27aaf35-0dfc-47ed-a98c-134b5ebcc4df","\Microsoft Edge\Password manager and protection","Configures a setting that asks users to enter their device password while using password autofill"
"e12a2862-7c7a-4348-a330-99c4c78b3d8f","\Microsoft Edge\Password manager and protection","Configure password protection warning trigger"
"cd446dbf-3e79-491a-af9f-d42e61c7ec39","\Microsoft Edge\HTTP authentication","Allow cross-origin HTTP Authentication prompts"
"7e479d56-afc9-49b0-ab39-bd193e2864a6","\Microsoft Edge\Content settings","Allow JavaScript to use JIT on these sites"
"22a51677-17f3-48cd-aab4-75e7677a4582","\Google\Google Chrome\Printing","Restrict background graphics printing mode"
"cf6c51a4-371b-4344-94da-e913eca9aef4","\Microsoft PowerPoint 2016\PowerPoint Options\General","Use modern comments in PowerPoint"
"70341ea8-f59f-4b07-b460-237bcb4b9de8","\Google\Google Chrome\HTTP authentication","Allow Basic authentication for HTTP"
"aa8379d9-cb41-4829-8578-1e52840ea262","\Google\Google Chrome\Removed policies","Default search provider instant URL"
"672734bb-5583-495c-a905-678c87bd7557","\Microsoft Outlook 2016\Account Settings\Exchange\Offline Address Book","Offline Address Book: Limit manual OAB downloads"
"ce28370c-8052-4384-a70c-bb57173410ac","\Microsoft Edge - Default Settings (users can override)\Printing","Set the system default printer as the default printer"
"fe1c7197-941a-4121-bbce-6cf7f0e946d1","\Microsoft Outlook 2016\Account Settings\Exchange","Do not validate personal Contact Groups when sending e-mail messages"
"942a68ef-72d7-492f-8466-be877ffb0805","\Google\Google Chrome\Deprecated policies","Enable stricter treatment for mixed content"
"9a4056cf-f87f-4174-b189-5292e8d35545","\Microsoft Office 2016\Security Settings\Trust Center\Protected View","Unsafe Location #11"
"724bab73-9f7f-4cfd-9382-4ff45f43edbf","\Microsoft Edge - Default Settings (users can override)","Allow importing of search engine settings"
"dbc94d34-6c08-4459-ba14-c91e5ed20184","\Microsoft Excel 2016\Excel Options\Security\Trust Center\File Block Settings","Excel 95-97 workbooks and templates"
"f5fe4c7b-b8fd-4ddd-8400-697c623f1297","\Microsoft Excel 2016\Miscellaneous","OLAP PivotTable User Defined Function (UDF) security setting"
"bd085647-52e4-44c9-bf97-fc18105cd1c6","\Microsoft Edge\Startup, home page and new tab page","Hide App Launcher on Microsoft Edge new tab page"
"ee000404-42d9-4c44-9692-8b15e4aaef5c","\Microsoft Word 2016\Word Options\Security\Trust Center\Trusted Locations","Trusted Location #13"
"4cd6caa0-d881-41b7-aa31-6974bc0d3e78","\Microsoft Edge\Password manager and protection","Configure the list of enterprise login URLs where the password protection service should capture salted hashes of a password"
"e694f792-8b1a-4995-bc38-4e35032891dc","\Microsoft Edge","Enable the Designer for Image Editor feature"
"9bea92ea-ced8-43f4-b560-8ab4adacc15d","\Microsoft Edge","Enable deprecated/removed Mutation Events"
"e8652e60-8053-4abb-859c-56d1ecc76dd9","\Microsoft Outlook 2016\Outlook Options\Other\Advanced","Turn on logging for all conflicts"
"94fcade9-b55a-47e5-aeb4-4c8735c3a332","\Microsoft Word 2016\Word Options\Advanced","Scale content for A4 or 8.5'' x 11'' paper sizes"
"b3f24d79-5173-4580-99c7-6340d2d44e90","\Microsoft Edge","Enable Discover access to page contents for AAD profiles"
"f85c0320-1068-4e93-b013-4adc68cd0342","\Microsoft Edge","Force networking code to run in the browser process (obsolete)"
"232b50a2-90f4-4221-aabe-badd53813010","\Microsoft Edge - Default Settings (users can override)\Password manager and protection","Allow users to be alerted if their passwords are found to be unsafe"
"0183aeae-b168-489a-96bb-9f5f8f48567d","\Google\Google Chrome","Enable spellcheck"
"72d15d80-0274-4619-a67f-3a39e5b6b1fb","\Microsoft Office 2016\Security Settings\Digital Signatures","Configure invalid RSA public key size"
"fb18f15f-d16e-45f9-a79c-efa4da12203f","\Microsoft Edge","Enable network prediction"
"2f9cb877-1b02-4813-8e11-fe5c02974b69","\Google\Google Chrome - Default Settings (users can override)\Default search provider","Default search provider new tab page URL"
"b59587c2-a59c-44c7-9dcd-1c68b888f110","\Microsoft Edge","Enables background updates to the list of available templates for Collections and other features that use templates"
"2ab33872-8788-4321-b339-0045956ad6b9","\Microsoft Edge","Mouse Gesture Enabled"
"925e1804-acef-41dc-bffd-29006c92ae17","\Microsoft Edge","Show Downloads button on the toolbar"
"692e5a37-62b2-4fb6-910c-0546691a0768","\Google\Google Chrome","Determine the availability of variations"
"e9b487dd-d1dc-4e89-a97a-e3d31c89099c","\Microsoft Project 2016\Project Options\Calendar","Days per month"
"a71135c4-32aa-456d-8a3a-193682a90f87","\Google\Google Chrome\Content settings","Limit cookies from matching URLs to the current session"
"5e193e35-287f-4acd-be99-78ee7f3c3720","\Microsoft Office 2016\Language Preferences\Editing Languages\Enabled Editing Languages","Dutch (Belgium)"
"1e265ca0-48fa-48e2-9958-8e2557a9452a","\Microsoft Office 2016\Security Settings","Allow file extensions for OLE embedding"
"2bac1dd3-1bb8-4616-9a80-c936bb98202d","\Microsoft Edge\Identity and sign-in","Enable proactive authentication"
"8db95e2b-fee5-4a3d-8717-4f297f2da669","\Microsoft Word 2016\Word Options\Proofing\AutoFormat as you type\Apply as you type","Date style"
"8b84c890-a07b-48d8-9784-eebc77bf8c41","\Google\Google Chrome","Browsing Data Lifetime Settings"
"e89e18da-44ff-43a0-a520-0611a2699c63","\Microsoft Publisher 2016\Publisher Options\Advanced","Enable incremental publish to Web"
"e057c3d8-718c-4a2b-a73e-c0f7a219ab88","\Microsoft Excel 2016\Excel Options\Security\Trust Center\Trusted Locations","Trusted Location #7"
"dc40ac87-c248-43b9-8cdb-ab985bdb785f","\Microsoft Access 2016\Application Settings\Web Options...\General","Hyperlink color"
"1e83af9b-7280-4803-ada6-5f4760947e86","\Microsoft Office 2016\Security Settings\Trust Center\Protected View","Unsafe Location #10"
"a6a21ac6-908b-4957-a154-979b28a8f954","\Microsoft Outlook 2016\Outlook Options\Other","Disable Outlook tenant admin notifications"
"05eaaa42-2eaf-4ddc-b5b6-131a7b8c1a72","\Microsoft Edge - Default Settings (users can override)","Show Microsoft Rewards experiences"
"a89f9f2b-f0dc-46f8-8a2b-3fdd763bdb9b","\Microsoft Office 2016\Miscellaneous","Hide Microsoft cloud-based file locations in the Backstage view"
"d488f0ec-b4fc-4d4e-9a34-3f6ee70beefa","\Microsoft OneNote 2016\OneNote Options\Versions and Recyle Bin","Turn off Versions and Notebook Recycle Bin in shared notebooks"
"b4a39b8c-4b3e-4f42-9348-155e5dda17ec","\Microsoft Edge","Sites that can access video capture devices without requesting permission"
"2a7d00ca-a455-460d-afa6-3f66ced17c56","\Microsoft Word 2016\Word Options\Advanced","Allow formatting and labels to track data points"
"5b689e38-1359-49d9-92ad-42fed268d888","\Microsoft Edge\Kiosk Mode settings","Swipe gestures in Microsoft Edge kiosk mode enabled"
"9bb9999f-22b2-4fbc-8ab8-697398be381f","\Windows Subsystem For Linux","Allow kernel command line configuration"
"d1e0f52a-a676-484e-9230-dad7d7bc9248","\Microsoft OneNote 2016\OneNote Options\Other","Disable OCR"
"1a3602cd-a9cb-4f75-b49e-0f41c92f9e7b","\Microsoft Outlook 2016\Account Settings\Exchange","Autodiscover is always capable of using modern authentication"
"699257fd-e9f4-4547-80f3-ad38e7a181de","\Microsoft Office 2016\Microsoft Office SmartArt","Disable built-in graphics"
"50e5e2c6-644f-4fcb-ab95-b513fa67a59c","\Microsoft Edge - Default Settings (users can override)\Printing","Configure the sticky print preview settings"
"ead821d9-29a9-4fbd-92b0-164ff5a53335","\Google\Google Chrome\Content settings","Control use of the File System API for reading"
"7066d759-5c9a-45cd-99b8-7beaf8ecd900","\Microsoft Office 2016\Telemetry Dashboard","Turn on privacy settings in Office Telemetry Agent"
"4444696d-7dec-4b71-b5a5-f2526658fb8b","\Google\Google Chrome","URLs/domains automatically permitted direct Security Key attestation"
"897c4a78-5db4-4447-9a3c-70de12a0dcd8","\Google\Google Chrome\Startup, Home page and New Tab page","Configure the home page URL"
"be68a516-71fe-449a-ba01-d769fea240ee","\Microsoft Edge","Enforce Bing SafeSearch"
"71396607-4e01-4403-af87-11d85dc9adde","\Microsoft PowerPoint 2016\PowerPoint Options\Security\Trust Center\Trusted Locations","Trusted Location #14"
"c947648b-6b6f-468b-907a-d439efb1c51c","\Microsoft Edge","Block the Serial API on specific sites"
"b8dfc469-ac4e-422d-b284-dd31a1d29bcd","\Microsoft Excel 2016\Excel Options\Advanced","Move selection after Enter"
"79e0bf62-e9df-4fa6-9ed2-cce153496769","\FSLogix\ODFC Containers","Number Session VHD(s) To Keep"
"855b5ec4-4cbb-4df1-96a5-8a7c6555ae07","\Microsoft Word 2016\Word Options\Advanced\Web Options...\Browser","Disable features not supported by specified browsers"
"d4877cdd-360f-41fc-bdf4-6b73b8dfc6e1","\Microsoft Outlook 2016\Outlook Options","Disable GuessSmart in Outlook."
"580496bb-6d8b-4e11-bb37-27718d6e621e","\Microsoft Access 2016\Application Settings\Security\Cryptography","Set CNG cipher key length"
"cef46277-dbf7-4d16-8ff1-d8aee5241d07","\Google\Google Chrome","Enable component updates in Google Chrome"
"da67dce8-f50d-461b-bae9-254eb9697793","\Microsoft Project 2016\Project Options\Calculation\Calculation options for Microsoft Project","Calculate all open projects"
"7a475941-63df-48b3-8413-203d18803dba","\Google\Google Chrome\Content settings","Block the Serial API on these sites"
"3b01b330-dcba-44f5-b4be-e7effa616042","\Microsoft Edge","Enable specific spellcheck languages"
"1ec0797a-2539-45c6-ad04-f35f8c345596","\Microsoft Edge","Enable renderer code integrity"
"85700dfc-1f9a-473d-9006-7932988fb955","\Google\Google Chrome\Deprecated policies","Enable Incognito mode"
"2fe179a6-2d0f-4354-8469-5daf324db2db","\Microsoft Word 2016\Word Options\Security\Trust Center\File Block Settings","Word XP binary documents and templates"
"6583c541-175b-407b-826d-55d72b86820e","\Google\Google Chrome\Removed policies","Always render the following URL patterns in Google Chrome Frame"
"be2c6e71-e58c-4c58-9b5b-5501305dde97","\Microsoft OneNote 2016\OneNote Options\Display","Page tabs appear on the left"
"a36b02e5-15d1-471c-a381-ebf907eea782","\Google\Google Chrome","Enable the creation of roaming copies for Google Chrome profile data"
"f6f9a167-9da9-4c98-ad4d-dfe1a6d185eb","\Microsoft Office 2016\Security Settings\Trust Center\Trusted Catalogs","Trusted Catalog Location #4"
"3e3d855c-b72f-414c-9153-ac132946cc1d","\Microsoft Office 2016\Contact Card\Contact Tab","Replace AD - Office"
"ca72823c-deaf-4c59-a502-e5453608ae72","\Google\Google Chrome\Google Cast","Enable Google Cast"
"f56574df-cc7c-44a4-976e-7d50a827d865","\Microsoft PowerPoint 2016\PowerPoint Options\Security\Trust Center\File Block Settings","OpenDocument Presentation files"
"1e94a099-c7cf-4796-baf5-68b7ad553b02","\Microsoft Access 2016\Application Settings\Security\Trust Center\Trusted Locations","Trusted Location #18"
"7503d911-8405-41ce-a68f-796ad0ca6e82","\Microsoft Office 2016\Graph settings","Chart Templates Server Location"
"28f68d0b-1132-4944-ae3c-0e9e13ec6598","\Microsoft Edge\Content settings","Control use of JavaScript JIT"
"422d53db-b985-45a0-aaa8-41050c8797c3","\Microsoft Outlook 2016\Security\Cryptography","Message when Outlook cannot find the digital ID to decode a message"
"dd812777-1f86-41b1-8e63-0c453af39ff2","\Microsoft Edge - Default Settings (users can override)","Set application locale"
"b2bf6eb3-7564-4ea5-9f58-fac4987754c3","\Microsoft Edge","Use a default referrer policy of no-referrer-when-downgrade (obsolete)"
"8a91cf24-da91-4001-bc8f-2944300b6848","\Microsoft Outlook 2016\Security\Security Form Settings\Programmatic Security","Configure Outlook object model prompt when reading address information"
"d84b5309-8f28-47f1-ba8a-41b1cdad0261","\Microsoft Word 2016\Word Options\Display","Show document tooltips on hover"
"c1a2e6d3-3415-4a27-89f9-3f62fc61ee1f","\Microsoft Office 2016\Language Preferences\Editing Languages\Enabled Editing Languages","Corsican"
"13e117b9-9a39-4e51-85b7-16a64711ab78","\Microsoft Office 2016\Manage Restricted Permissions","Active Directory timeout for querying one entry for group expansion"
"aeb30b41-7d26-4cc6-aa67-f888e1694768","\Microsoft Office 2016\Security Settings\Escrow Certificates","Escrow Key #3"
"245579e8-dbed-45df-ad35-bb725e754ca9","\Microsoft Edge","Configure the Enterprise Mode Cloud Site List"
"ce8c9956-ab1a-4320-ba2c-050d8db8c610","\Google\Google Chrome\Removed policies","Set Google Chrome Frame user data directory"
"93c19b66-67ac-4e4c-83de-93504e2a4981","\Google\Google Chrome\Legacy Browser Support","Sitelist parsing mode"
"a4074be7-37c1-481c-9ff1-4c688b6d6e57","\Microsoft Office 2016\Miscellaneous","Set the max size of the Office Document Cache"
"6799ddac-5ab3-4815-96db-e56353c90ad5","\Google\Google Chrome\Printing","Default printing page size"
"cc42f00d-a079-4c97-a46c-c53ff5044725","\Microsoft Word 2016\Word Options\Track changes and compare","Compare resulting document"
"2be19112-4dbb-40c6-8c65-4ece014dd738","\Google\Google Chrome\Removed policies","Parameter controlling search term placement for the default search provider"
"a767ff3f-2284-44c3-b5dd-6f66391e236b","\Microsoft PowerPoint 2016\PowerPoint Options\Proofing\AutoFormat as you type","AutoFit body text to placeholder"
"50410b3d-f54d-47b6-99b6-8aec44438265","\Google\Google Chrome\Content settings","Block notifications on these sites"
"a49952f4-7fb7-44d2-84a3-65ffeb444533","\Google\Google Chrome","The enrollment token of cloud policy on desktop"
"5c437d55-54d1-424e-a08d-146f7f9e0582","\Google\Google Chrome\Removed policies","Set media disk cache size in bytes"
"a5cf267c-a94f-45fd-81f9-86bba33417a7","\FSLogix\ODFC Containers","Include Skype"
"4315150d-e9f5-46ab-b822-f57ebda0ffe7","\Google\Google Chrome - Default Settings (users can override)\Printing","Print PDF as Image Default"
"68bf0a8e-449d-40a4-8f82-e0f63dcf0673","\Microsoft Office 2016\Contact Card\Contact Tab","Replace Label - Home Address"
"be49f746-40da-45c9-8de9-7e11142c5fb2","\FSLogix\Profile Containers\Cloud Cache","CCD Locations"
"a6ff1e19-52b5-4a87-b89d-1b28a2ad22f5","\Microsoft Publisher 2016\Miscellaneous","Add double quotes in Hebrew alphabet numbering"
"f3f441d0-e074-4aae-9dd8-0972620471ef","\Google\Google Chrome","Control where Developer Tools can be used"
"b71b1586-0114-4337-9092-a64eba2bc709","\Microsoft Edge","JavaScript setTimeout will not be clamped until a higher nesting threshold is set (deprecated)"
"81d00467-bf36-45be-a1f6-1148cef83c24","\Google\Google Chrome\Deprecated policies","Kerberos delegation server whitelist"
"66495068-f073-43d1-876a-f20a6b5b8300","\Microsoft Edge\Content settings","Automatically grant sites permission to connect all serial ports"
"7e9aa7f6-324f-415d-bde3-024bb10a1073","\Microsoft Edge","Enable AutoFill for payment instruments"
"8ce25649-4317-4dec-9023-e02d91144856","\Microsoft Office 2016\Language Preferences\Editing Languages\Enabled Editing Languages","Latvian"
"a2bd3cbb-8aab-4d8a-9a95-99d5f34912ce","\Microsoft Office 2016\Miscellaneous","Open Office file links in Office Online"
"2b8b1a29-2d71-4d8c-b473-4d1ee8cdaed7","\Microsoft Edge","Intranet Redirection Behavior"
"c2436ce8-83a8-4065-a3f9-48861520d3b4","\Microsoft Edge\Content settings","Block the WebHID API on these sites"
"58de44af-c2d3-4533-a8ec-4102b3f79509","\Microsoft Excel 2016\Customizable Error Messages","List of error messages to customize"
"4bfbbb38-f9ce-4a99-b3cc-c6b0d43b9291","\Google\Google Chrome\Content settings","Block access to sensors on these sites"
"7d174a12-c924-493f-afff-ec88788a85b6","\Microsoft Office 2016\Miscellaneous\Workflow Cache","Workflow Cache 11"
"7f02b4f5-ea16-4744-8e37-dfa008e9f15c","\Microsoft Outlook 2016\Outlook Options\Preferences\Search Options","Turn off automatic search index reconciliation"
"b2903e90-2d56-4950-8159-79992b86c223","\Microsoft Edge","Allow WebDriver to Override Incompatible Policies (obsolete)"
"b852b52f-1184-4f9e-8fc2-e6205e60bffe","\Google\Google Chrome","Define a list of protocols that can launch an external application from listed origins without prompting the user"
"100103f0-4c87-40f3-bcf9-d431ac60fecd","\Microsoft Office 2016\Security Settings\Trust Center","Trust legacy VBA signatures"
"fc04e9c2-af3a-4aa8-be71-4a70dafac10e","\Microsoft Outlook 2016\Security\Cryptography","S/MIME interoperability with external clients:"
"ad5168b8-49f7-4d4c-bb9d-16a3dc2d0493","\Microsoft Edge","Allow importing of browser settings"
"6a40a9f4-329e-49f0-9bab-a7c34fd829ea","\Microsoft PowerPoint 2016\Miscellaneous\Server Settings","Turn off file synchronization via SOAP over HTTP"
"2c403662-a058-4cf3-945d-abb88b63a0ef","\Google\Google Chrome\Deprecated policies","Choose how to specify proxy server settings"
"dc99bb6f-acad-4826-82e4-c96df9446bbd","\Microsoft Outlook 2016\Outlook Options\Preferences\E-mail Options","Configure Cross Folder Content in conversation view"
"875901d7-e02e-4b18-9d22-5d727ef1f799","\Microsoft Excel 2016\Excel Options\Security\Trust Center\Trusted Locations","Trusted Location #12"
"e2f6fe8b-ecdf-49c7-8463-30f2b8a9a90c","\Microsoft Office 2016\Services","Automatically generate alternative text (alt text) for pictures"
"b84e93f5-187a-441e-b63e-fdddf2bdd780","\Microsoft Excel 2016\Excel Options\Security","Scan encrypted macros in Excel Open XML workbooks"
"23f2461d-6016-4865-8f31-797a31af4a58","\Google\Google Chrome\Content settings","Block the Serial API on these sites"
"7c946795-e8f8-4c98-a6ad-c25a6946c1f3","\Microsoft Edge\Password manager and protection","Allow users to be alerted if their passwords are found to be unsafe"
"eb244c98-9c69-41ae-a3ae-01bb607a17ae","\Microsoft Edge\Permit or deny screen capture","Allow Window and Tab capture by these origins"
"0fa4e04f-eeda-4e78-bb26-757b1577cb42","\Google\Google Chrome\Removed policies","Configure the TalkGadget prefix for remote access hosts"
"bca99bc6-e7a1-4658-a1ec-26495067aa90","\Microsoft Office 2016\Security Settings\Trust Center\Protected View","Unsafe Location #4"
"202926c1-3cc8-45d8-b038-5c1b2ce89247","\Microsoft Office 2016\Language Preferences\Display Language","Change or delete link to language pack download site"
"c1a3b09b-8ce1-4f54-9e9e-35745334c51a","\Microsoft Edge\Content settings","Block cookies on specific sites"
"3b411528-f5e9-4dd9-afad-3db35f3c9d46","\Microsoft Edge","Suggest similar pages when a webpage can't be found"
"a3a1d02c-4005-4cf3-a00c-ff5ce06b88de","\Microsoft Edge\Printing","Print preview sticky settings"
"afff7b93-1619-427d-a542-3a10dbbcd3e2","\Google\Google Chrome","Enable security warnings for command-line flags"
"c6f8ee51-8ad8-4044-96e6-2055aab5cb66","\Microsoft PowerPoint 2016\PowerPoint Options\Security\Cryptography","Specify CNG hash algorithm"
"5c571579-5fa9-40b6-b7c3-eaff9d3a17d1","\Microsoft Excel 2016\Excel Options\Save","Disable AutoRepublish"
"358a3fe9-2c08-4c5c-8403-5ed7af5ab212","\Microsoft PowerPoint 2016\PowerPoint Options\Advanced","Number of presentations in the Recent Presentations list"
"2aeb52cc-f730-41cb-bf3e-181792314c42","\Microsoft Access 2016\Application Settings\Security\Trust Center","Turn off Trusted Documents on the network"
"d902935a-2b97-43a5-b2fa-9bc5a7c392bc","\Google\Google Chrome - Default Settings (users can override)","Always Open PDF files externally"
"5dfb0479-6c02-43e4-ba82-7862f96f56ec","\Microsoft Office 2016\Language Preferences\Editing Languages\Enabled Editing Languages","Central Atlas Tamazight (Latin, Algeria)"
"5de4b5e6-1a1a-42b7-a9cc-a44e2dca8f64","\Microsoft Edge","Allow QUIC protocol"
"fb89d64a-4256-4a44-8d8b-1a272a920692","\Microsoft Office 2016\Collaboration Settings\Default message text for a review request...","Only containing a link"
"f9b9d2e0-6281-40d1-ab48-328f7882437d","\Microsoft Edge","Force networking code to run in the browser process (obsolete)"
"6d07fc72-7af5-4a63-a4ac-39c039174570","\Microsoft Office 2016\Miscellaneous","Number of days to keep local document versions in the local cache"
"4138fb54-6c54-4de4-acc8-34b493aa84a5","\Microsoft Office 2016\Tools | Options | Spelling\Proofing Data Collection","Improve Proofing Tools"
"8663a68c-7b70-411f-8a14-b711f59f39bf","\Microsoft Edge","Define an ordered list of preferred languages that websites should display in if the site supports the language"
"f86c44da-e6b5-4b12-bc93-c8b5cec12477","\Microsoft Edge","Allow pages to send synchronous XHR requests during page dismissal (deprecated)"
"6eb7578f-07f8-47cc-b259-5655ab3bc4ba","\Microsoft Outlook 2016\Security\Cryptography\Signature Status dialog box","Retrieving CRLs (Certificate Revocation Lists)"
"392c639e-bd52-4bd1-9a47-f6e6c3c69298","\Google\Google Chrome","Allow merging dictionary policies from different sources"
"4d028874-c75d-40e7-b50b-3e4c1e86c66e","\Microsoft Edge","Configure address bar editing"
"217f84eb-692d-4e4b-8687-41ccd1fcce00","\Google\Google Chrome\Content settings","Block WebUSB on these sites"
"8a6fd230-942e-4c99-bea1-7ba674d03315","\Microsoft Edge\Printing","Print using system print dialog"
"9b1d392c-c333-465d-aa06-dc332f3ccea2","\Microsoft Edge\TyposquattingChecker settings","Configure Edge TyposquattingChecker"
"84be377f-c19b-4c32-841a-4469707b621e","\Microsoft Word 2016\Word Options\Proofing","Delay before starting other proofing tools"
"23724d96-be8b-4789-92c8-7a9dcd409fec","\Microsoft Edge\Private Network Request Settings","Allow the listed sites to make requests to more-private network endpoints from in an insecure manner"
"f4c9555d-3eeb-406f-b5c1-7919fe29d5b0","\Google\Google Chrome\Default search provider","Enable the default search provider"
"f3f0c366-1836-41f0-81a1-6e3f0aca19c2","\Microsoft PowerPoint 2016\PowerPoint Options\Security\Trust Center\Trusted Locations","Trusted Location #17"
"421b3e35-61a6-4611-b2bc-1cfbe5a31d42","\Microsoft Office 2016\Miscellaneous","Print ticket safe mode"
"99671a5e-18a9-471c-86d9-8809452e19b8","\Microsoft Project 2016\Project Options\Edit\View options for time units in 'Project1'","Hours"
"a274a65f-98ce-490f-b8a0-fe2df588c013","\Microsoft Excel 2016\Excel Options\General","Show Mini Toolbar on selection"
"34bb17e7-92b6-4acb-9184-4bc56df7a95b","\Microsoft Edge","Configure the default paste format of URLs copied from Microsoft Edge, and determine if additional formats will be available to users"
"64409c2c-d020-4318-b3ab-3dfa7ae2c05e","\Microsoft Excel 2016\Disable Items in User Interface\Predefined","Disable shortcut keys"
"ddcf8d91-2a2b-4423-a848-9f020f5e576a","\Skype for Business 2016\Microsoft Lync Feature Policies","Configure SIP compression mode"
"34f67233-450f-4a21-b7cd-e674c0b506a6","\Google\Google Chrome\Removed policies","Control use of the File Handling API"
"c4922db7-ee52-4abc-bcbb-97a293b55d27","\Microsoft Office 2016\AutoSave","[Deprecated] Don’t AutoSave files in Word"
"e51db358-6ba4-42b9-9d9f-f797b2adf7bc","\Microsoft Edge","Control communication with the Experimentation and Configuration Service"
"52000981-aa10-4907-8367-475d6382922d","\Google\Google Chrome","Disable taking screenshots"
"fd7220f0-1809-45f5-b1ba-e543ee07e80d","\Microsoft Word 2016\Word Options\Security\Cryptography","Set CNG cipher algorithm"
"b00170dc-ffa9-4c0f-8c7c-294f7068a38f","\Microsoft Office 2016 (Machine)\Miscellaneous","Age out documents older than n days"
"84b353d5-0086-431a-ad71-958c5326836d","\Google\Google Chrome","Enable guest mode in browser"
"03238a74-7eb3-4771-947b-0b5bf39be1b8","\Microsoft Project 2016\Project Options\Security\Trust Center","Trusted Location #19"
"9d934425-f326-4570-8796-65884026f4d1","\Microsoft Edge - Default Settings (users can override)","Allow your organization's logo from Microsoft Entra to be overlaid on the Microsoft Edge app icon of a work profile"
"b2bff49d-2356-4d88-a8d7-326492c20572","\Microsoft Office 2016\Security Settings","Prevent Word and Excel from loading managed code extensions"
"728957d6-26cc-4e1a-8440-6daf1cf19d43","\Microsoft OneNote 2016\OneNote Options\Pen","Use pen pressure sensitivity"
"ac716782-ace3-4f87-a3fe-67800c22315a","\Google\Google Chrome\Content settings","Allow notifications on these sites"
"82701b38-cc68-4daf-a79e-0cc45ec80928","\Microsoft Edge","Send required and optional diagnostic data about browser usage"
"e9d5c078-eadc-40f5-812c-dc77c629cb7a","\FSLogix\ODFC Containers","Locked Retry Interval"
"0b65949c-ffae-4b74-80f5-0317b2829d08","\Microsoft Office 2016\Contact Card\Contact Tab","Replace AD - Birthday"
"51aa25ff-2883-40ee-a9eb-868dfcb375e6","\Microsoft Excel 2016\Excel Options\Advanced","Number of workbooks in the Recent Workbooks list"
"b78491f7-d898-4571-9687-899867c222e3","\Google\Google Chrome","Allow websites to query for available payment methods."
"e376c9f9-276a-43c3-8ccd-3be3af8f0135","\Microsoft Edge","Set limit on megabytes of memory a single Microsoft Edge instance can use"
"d2f37d81-ee66-425d-ad29-15f7b8926376","\Microsoft Project 2016\Project Options\Security\Trust Center","Trusted Location #9"
"fe50da50-6b93-4f9c-a233-5070ff8d21c2","\Google\Google Chrome - Default Settings (users can override)","Enable AutoFill for credit cards"
"706bdf4e-6cef-48cc-a55b-cc07b9967611","\Microsoft Edge\Extensions","Control which extensions are installed silently"
"d20959e2-eca5-4cf1-ab13-5c5ce5941702","\Microsoft Edge","Disable synchronization of data using Microsoft sync services"
"614e2a09-8547-49fc-942c-8f4e4e7ac108","\Microsoft OneNote 2016\OneNote Options\Other","Multiplier for foreground sync interval for the currently viewed section stored on SharePoint"
"8b4c9402-29de-4051-ad74-9e9462bfe619","\Microsoft Edge - Default Settings (users can override)\Startup, home page and new tab page","Show Home button on toolbar"
"7e94b65a-d6a9-4b4e-a726-9747590f4808","\Google\Google Chrome","Require online OCSP/CRL checks for local trust anchors"
"bf5be905-1fcb-4234-a050-07b5fb556d0c","\Microsoft OneNote 2016\OneNote Options\Audio and Video","Choose default codec to be used for Video notebook"
"842d641d-f50c-47bf-be29-b6410f597ef8","\Google\Google Chrome","Maximum fetch delay after a policy invalidation"
"51503869-be03-46cd-a247-2db6268de5b2","\Microsoft Project 2016\Project Options\View\Show","Status Bar"
"b3fc2e76-b83c-4cbd-b8dd-813f92c9e66d","\Google\Google Chrome\Startup, Home page and New Tab page","Configure the home page URL"
"0752326c-7286-4664-a26f-8e411cb483c2","\Microsoft Excel 2016\Excel Options\Security\Cryptography","Set parameters for CNG context"
"8803fd59-270c-45e7-b4c2-30c039555564","\Microsoft Outlook 2016\Outlook Options\Preferences\Junk E-mail","Junk E-mail protection level"
"2526975f-9eec-4855-8f0a-0fe381724d00","\Microsoft Office 2016\Language Preferences\Editing Languages\Enabled Editing Languages","Sanskrit"
"40cf036a-87ab-440b-843a-6b28dc93ef33","\Microsoft Office 2016\Contact Card\Contact Tab","Replace Label - Other Address"
"48e8909d-970c-4570-a884-b23b4895919e","\Microsoft Office 2016\Language Preferences\Editing Languages\Enabled Editing Languages","Hebrew (Israel)"
"6294fd40-138d-44ea-9b44-b05d947d67c8","\Microsoft Outlook 2016\Outlook Options\Preferences\Junk E-mail","Hide warnings about suspicious domain names in e-mail addresses"
"bd8179b2-0c0d-4f57-88d8-3cb8d5e2c1bb","\Google\Google Chrome","Control how Chrome Cleanup reports data to Google"
"8ce74a21-3912-4629-88c3-02d1be52da40","\Microsoft Office 2016\Collaboration Settings","Do not prompt users to share Excel workbooks when sending for review"
"f185b733-a7b1-4bc4-8376-c181fa0b9c6b","\Microsoft Edge","Prompt the user to select a certificate when multiple certificates match"
"c24af8a9-e1a0-42df-9677-9c798dc565b1","\Microsoft Office 2016 (Machine)\Volume Activation","Use only Token Activation"
"348587e7-1dca-47f9-92f3-7c5ea5a17090","\Microsoft Edge","Enable network prediction"
"b7720c92-d8ca-4117-aee4-2fb50b4e2750","\Microsoft Edge","Allow the Search bar at Windows startup"
"115b4aff-7a6e-4e25-8d2c-4d221012ca34","\Google\Google Chrome\Legacy Browser Support","Websites to open in alternative browser"
"29c8d96b-b248-4e07-846d-6444206f0cad","\Google\Google Chrome\Content settings","Allow JavaScript on these sites"
"5c5bf6d5-63bb-47c6-b31f-8c474895dcf2","\Microsoft Visio 2016\Visio Options\Security\Trust Center","Trusted Location #4"
"22aa7798-f268-4937-992c-f7b453ea89df","\Microsoft Outlook 2016\Security\Cryptography","S/MIME receipt requests behavior"
"d98dbd4b-a032-41a3-b8be-217164173f2d","\Microsoft Edge - Default Settings (users can override)","Save and fill memberships"
"8b3bfa0a-481a-4d7a-854c-633d8c346713","\Microsoft Word 2016\Word Options\Advanced","Number of documents in the Recent Documents list"
"cec61ec6-6d43-4ca4-bf65-895050698928","\FSLogix\Logging","Rule Compilation"
"b7890911-849c-4ac9-b50b-6ddd204cd987","\Google\Google Chrome - Default Settings (users can override)","Enable Safe Browsing for trusted sources"
"dea643d4-10bc-4112-8f8d-405e178bda7a","\Google\Google Chrome","Limits the number of user data snapshots retained for use in case of emergency rollback."
"077a5ffb-d9dd-4982-8118-522d964bac82","\Microsoft Edge","Configure ShadowStack crash rollback behavior"
"2ad28524-ecda-4bec-9082-fc16085e1b73","\Microsoft Word 2016\Word Options\Advanced","Print in background"
"4dd842c4-7103-4041-aea6-11e5226a32b4","\Microsoft Word 2016\Word Options\Advanced\File Locations","Default File Location"
"70f488ce-5c49-4855-b69f-86172aa69da1","\Microsoft Edge","Enables background updates to the list of available templates for Collections and other features that use templates"
"16062a4a-a316-4d1f-ba92-4767b4616309","\Microsoft Office 2016\Language Preferences\Editing Languages\Enabled Editing Languages","Sami, Southern (Norway)"
"c9ef7971-122d-43b5-af52-89fabce14364","\Microsoft PowerPoint 2016\PowerPoint Options\Advanced","Use smart cut and paste"
"6809161e-f514-49b3-9a81-0cf6dd3ab637","\Google\Google Chrome\Remote access","Allow remote access connections to this machine"
"602a71e1-2b92-4c47-aad4-a31863376aae","\Microsoft Office 2016\Privacy\Trust Center","Allow the use of connected experiences in Office"
"cad4f6e1-1557-4aaa-ad4c-d2800e7aefcd","\Microsoft Project 2016\Project Options\Security\Trust Center","Trusted Location #14"
"ee5f94f8-0096-4d4b-b520-a33e404273e7","\Google\Google Chrome\Remote access","Maximum session duration allowed for remote access connections"
"65cfa823-ff6c-4fc6-8d88-682cea3d8eaf","\Microsoft Edge","Control Copilot access to browser context for Microsoft Entra ID profiles"
"d14db5be-7e59-48cd-8134-5a35a16f6b5a","\Microsoft Access 2016\Application Settings\Security\Trust Center\Trusted Locations","Trusted Location #17"
"03c84b10-4700-4ae1-ba02-823913687b35","\Microsoft Office 2016\Contact Card","Remove Organization tab"
"6d2e7e6f-6f58-495c-8c65-2b9784956a09","\Microsoft PowerPoint 2016\PowerPoint Options\Security\Trust Center","Turn off trusted documents"
"de21f326-8937-4b48-9393-533f3f9c3794","\Microsoft Word 2016\Word Options\Advanced","Use draft quality"
"51e96b6f-92ab-4d7e-b7bf-2f600ff813e0","\Microsoft Word 2016\Word Options\Display","Optional breaks"
"92e26599-6422-4f0e-b6f4-1d22d5336058","\Microsoft Office 2016\Tools | AutoCorrect Options... (Excel, PowerPoint and Access)","Correct TWo INitial CApitals"
"1f30eb79-78e0-4978-a73b-cfe6a4d941f1","\FSLogix\Logging","Log Directory"
"520495e7-a29e-4057-b53e-7353517c2234","\Microsoft Outlook 2016\Account Settings\Exchange\Cached Exchange Mode","Enter maximum seconds to wait to sync changes"
"00298d85-53bc-4014-aa78-2780cab42dfa","\Microsoft Office 2016\Security Settings\Trust Center\Trusted Catalogs","Trusted Catalog Location #3"
"114d3ffb-a183-46d1-a759-501a5779defd","\Microsoft Edge\Content settings","Block write access to files and directories on these sites"
"6049ab51-1bdb-4e63-b44a-e1118689b8d6","\Google\Google Chrome\Content settings","Automatically grant permission to sites to connect to USB serial devices."
"e6d666e4-56d8-4fd0-8346-83e46e84e428","\Microsoft Word 2016\File Tab\Check Accessibility","Stop checking to ensure styles have been used frequently"
"dc1f3ca2-d59a-4067-b236-3c1b8d40c9f3","\Microsoft Edge","URL reporting in Edge diagnostic data enabled"
"ed3016cb-1796-4b11-8631-786cc58c2e37","\Google\Google Chrome\Safe Browsing settings","Password protection warning trigger"
"16f04302-9e43-43a5-bd20-4b1a12225444","\Microsoft Edge\Startup, home page and new tab page","Allow users to add and remove their own sites during startup when the RestoreOnStartupURLs policy is configured"
"726995e3-8224-4d4b-a7b5-e6c41bec94aa","\Microsoft Office 2016\Readiness Toolkit","Specify custom labels to use with the Readiness Toolkit"
"dff83bad-1e41-4c88-a2d4-5bab8b4b2975","\Google\Google Chrome\Remote access","Enable or disable PIN-less authentication for remote access hosts"
"bcb49635-fefd-42ca-9a25-11efdc278a75","\Microsoft Outlook 2016\Account Settings\Exchange","Only connect if Proxy Server certificate has this principal name "
"794f267b-c763-4e88-981b-7dd34c9a0c35","\Microsoft Edge\Sleeping tabs settings","Block sleeping tabs on specific sites"
"cd9704cf-ba6f-401e-a3c2-4cdde5fee876","\Google\Google Chrome","Specifies whether SharedArrayBuffers can be used in a non cross-origin-isolated context"
"a2121736-388d-46bb-8d39-74f11a6319b6","\Microsoft Outlook 2016\Miscellaneous","List of managed add-ins"
"aa478975-c7de-4845-bae6-f189232cbfde","\Microsoft Edge - Default Settings (users can override)\Startup, home page and new tab page","Action to take on startup"
"0cbc32c5-70e5-494b-ad18-9a479bd9ff24","\Microsoft Edge\Permit or deny screen capture","Allow Desktop, Window, and Tab capture by these origins"
"04080720-92cf-46f3-a213-576eb442ef67","\Google\Google Chrome","Ask where to save each file before downloading"
"a3fe3030-34f8-40d3-bba8-2502c78c2595","\Microsoft Edge","Synonyms are provided when using Microsoft Editor spell checker"
"dbec08f0-7a08-42b9-924f-8f799214dc3d","\Microsoft Visio 2016\Visio Options\Advanced\Editing Options","Center selection on zoom"
"7a2e866b-aa94-4edd-8d8f-2359e70f1967","\Microsoft Project 2016\Project Options\Edit\Hyperlink appearance in 'Project1'","Followed hyperlink color"
"c7219b31-1230-4422-aaed-d12b7558b492","\Microsoft Office 2016\Collaboration Settings\Default message text for a reply...","With just an attachment"
"a682e0e8-6a61-4fec-85a7-c0c24bae45b1","\Microsoft Edge","Allow access to the Enterprise Mode Site List Manager tool"
"cc21701b-eb72-4b42-9a37-2d9f5f54f9e2","\Microsoft Edge - Default Settings (users can override)","Allow suggestions from local providers"
"135f7b75-30e8-4cf3-a0c8-17c485cfc66a","\Microsoft Edge","Set the time period for update notifications"
"090533ab-789f-414e-baf9-057acbb27ef8","\FSLogix\Logging","FrxLauncher"
"1371152c-ecae-4843-8758-8edc8d1ad189","\Microsoft Edge","CORS non-wildcard request header support enabled (deprecated)"
"f4f1911a-0d2d-4d02-98e0-ca073dd8d6b6","\Microsoft Outlook 2016\Account Settings\Exchange","Disable connection fallback between protocols"
"5f463951-f3fd-4189-9190-c78e5d0e812e","\Microsoft OneNote 2016\OneNote Options\Backup","Automatically back up my notebook..."
"7087cc5c-d609-49f9-ab3c-c06799be970b","\Google\Google Chrome\Printing","Default background graphics printing mode"
"f26ddf0a-773f-48db-bd5e-0a95159c5683","\Microsoft Edge\Extensions","Configure extension and user script install sources"
"bfa4caeb-b0d5-40f4-9d14-009ddb5d4883","\Microsoft Office 2016\Security Settings\Trust Center\Trusted Catalogs","Trusted Catalog Location #1"
"74f5d661-5516-4a30-8db7-e2694765ab3e","\FSLogix\ODFC Containers","Include Sharepoint"
"a28efae8-17b1-48f8-80f8-2114672d580b","\Microsoft Office 2016\Language Preferences\Editing Languages\Enabled Editing Languages","Armenian (Armenia)"
"0bf095bc-1501-4008-be0f-5b5a129a6672","\Microsoft Edge","Enable the Web widget"
"4d73c949-2c68-4736-857e-c5d147e76293","\Google\Google Chrome - Default Settings (users can override)\Printing","Print Headers and Footers"
"69671048-f08b-49fe-b1d4-99673b6e35aa","\Microsoft Office 2016\Security Settings\Trust Center\Protected View","Unsafe Location #7"
"9baecacd-a0f4-484e-b0e2-aa620b462d15","\Microsoft OneNote 2016\OneNote Options\Editing","Auto Numbering Recognition"
"1b591fb1-41f3-424d-8252-71e3dd213536","\Google\Google Chrome","Define domains allowed to access Google Workspace"
"d58d6c05-0e3f-441b-ae1a-3eeaf862e2a2","\Microsoft Office 2016\Language Preferences\Editing Languages\Enabled Editing Languages","Luxembourgish (Luxembourg)"
"e63272f3-7c0a-493d-98d6-70706f246286","\Google\Google Chrome\Removed policies","Always render the following URL patterns in the host browser"
"2690d97b-be7c-407a-a64c-f0607477806f","\Google\Google Chrome\Removed policies","Parameters for instant URL which uses POST"
"a8b62b5c-e966-4811-858f-73e8722321b0","\Microsoft Office 2016\Security Settings","Use the Azure Information Protection add-in for sensitivity labeling"
"9e2ba6f6-e618-43c5-8c4d-a49d1ccc2e0e","\Google\Google Chrome","Enable spellcheck"
"515be85f-3018-411f-845e-eb35e64576fa","\Google\Google Chrome","CORS non-wildcard request headers support"
"63bf671a-b6b6-4609-abd7-2e2d95332ca8","\Microsoft Office 2016\Miscellaneous","Enable Workflows on My Site"
"79e97194-3602-4205-8846-d6e96ced4afb","\Microsoft Edge\Native Messaging","Configure native messaging block list"
"048031f0-fe10-4631-b3a4-854c1ce47932","\Microsoft Edge\Password manager and protection","Restrict the length of passwords that can be saved in the Password Manager"
"bc7fa4e6-4e7f-4109-a586-684217a908b4","\Microsoft Edge\Edge Workspaces settings","Configure navigation settings per groups of URLs in Microsoft Edge Workspaces"
"6756de4a-c575-40a0-a125-1c23d9316287","\Google\Google Chrome","Enable component updates in Google Chrome"
"8faf6633-8849-4898-86ca-82bb8c28d399","\Microsoft Edge","Configure the list of domains for which enhance security mode will always be enforced"
"45479df4-74a4-4e69-b7b9-1b0f65bbbdcb","\Google\Google Chrome - Default Settings (users can override)\Default search provider","Parameters for search URL which uses POST"
"f4cd6fa6-3964-4a26-a4fe-a6564cc5e44f","\Microsoft Office 2016\Miscellaneous","Graphic filter legacy mode"
"97257ca0-da8f-4f92-a9e5-cfac3d8247a6","\Microsoft Office 2016\Server Settings\SharePoint Server","Minimum time before starting Colleague recommendation scan"
"f86b56de-f58a-4b2e-8d36-258c6a4dacda","\Google\Google Chrome\Safe Browsing settings","Configure the list of domains on which Safe Browsing will not trigger warnings."
"f2bf5d5c-f513-4294-9a02-4fecc0ff43c8","\Google\Google Chrome\Default search provider","Parameter providing search-by-image feature for the default search provider"
"82bb332b-7e47-4cd8-a050-5e759b3707fb","\Google\Google Chrome","Enables experimental policies"
"b52a692b-3931-4948-9215-68009b3ce955","\Microsoft Word 2016\Word Options\Proofing\AutoFormat as you type\Replace as you type","Straight quotes with smart quotes"
"6b0442a1-3ea4-42f9-991c-25ca0e73c82c","\Microsoft Edge - Default Settings (users can override)\Sleeping tabs settings","Set the background tab inactivity timeout for sleeping tabs"
"70f333c4-5a27-4c26-8037-136257fa1c39","\FSLogix\Profile Containers","Set Temp Folders to Local Path"
"5aa8b347-f811-4486-9d85-323d04622a24","\Google\Google Chrome","Configure list of force-installed Web Apps"
"7936967e-8cc3-4c12-a555-0fb1ec085978","\Microsoft Office 2016\Contact Card","Turn off presence integration"
"5c2a136c-e8c9-4f9d-b900-eda843bdf6ec","\Microsoft Office 2016\Language Preferences\Editing Languages\Enabled Editing Languages","Spanish (Bolivia)"
"ee081a43-86b2-4286-88bd-2e1fdcb4bb1a","\Microsoft Edge","Search Filters Enabled"
"48fd0de5-459a-45eb-bb57-eb4201dace91","\Microsoft Office 2016\Contact Card","Remove Member Of tab"
"c8cb7174-18e7-4578-9c1b-3025bf092864","\Google\Google Chrome - Default Settings (users can override)\Removed policies","Parameter controlling search term placement for the default search provider"
"5708fce2-cdcb-4021-b3d2-5a73ffe80155","\Microsoft Office 2016\Microsoft Office Document Cache","Office document cache location"
"4f5e56ed-a7b3-426e-8f23-29e1d0c5c2e0","\Microsoft Edge","Send site information to improve Microsoft services (obsolete)"
"d07f9ba8-4dc1-40eb-89c3-2a741ce7fba4","\Microsoft Office 2016\Security Settings\Digital Signatures","Configure legacy hashing algorithm"
"79bcf418-7fd2-4a80-bd9f-cbd113e359d5","\Microsoft PowerPoint 2016\PowerPoint Options\Security\Cryptography","Set CNG password spin count"
"a9001167-c57f-46d6-921d-8a8b6e77e623","\Microsoft Edge","Allow or block video capture"
"862505cf-7aa5-407a-ae9e-00a52202a849","\Microsoft Office 2016\Security Settings\Escrow Certificates","Escrow Key #19"
"554c3c5b-7380-4149-a92f-1a19214d608e","\Microsoft Edge Update\Applications\Microsoft Edge Canary","Update policy override"
"0795ce15-f5dc-4be9-83dd-dad3d7430ff2","\Microsoft Edge","Use Windows proxy resolver (deprecated)"
"a62283ff-372f-4b86-92ba-2e9f1dc81ed4","\Microsoft Edge","Disable Certificate Transparency enforcement for a list of subjectPublicKeyInfo hashes"
"b11009a4-b948-4ee4-8ea8-a0045caa80b8","\Microsoft Edge","Discover feature In Microsoft Edge"
"84663fbd-d6d4-43b1-8f5f-3926415bc8c4","\Microsoft Office 2016\Shared paths","Workgroup templates path"
"6297b46a-4c40-4b07-b312-f16b8081082a","\Microsoft Edge\Content settings","Control use of the WebHID API"
"845ba6fe-cac6-4c08-80be-55c79548e125","\Google\Google Chrome\Remote access","Configure the required domain names for remote access clients"
"b3096540-5b05-4af5-a957-628645041467","\Google\Google Chrome\Deprecated policies","Choose how to specify proxy server settings"
"b0b7e7aa-69df-4b21-8887-caac1f256822","\Microsoft Office 2016\Language Preferences\Editing Languages\Enabled Editing Languages","Serbian (Cyrillic, Bosnia and Herzegovina)"
"7b35f104-5efd-4a04-abb2-a8d2fe75777f","\Microsoft Office 2016\Microsoft Save As PDF and XPS add-ins","Disable inclusion of document properties in PDF and XPS output"
"66c7462c-936f-4171-a0e6-c0d9dfbefa9e","\Microsoft Access 2016\Disable Items in User Interface\Custom","Disable commands"
"d6a2aca0-a06b-4aff-96c2-d225149ce7e1","\Microsoft Edge","Wallet Donation Enabled"
"a6bc0b95-a6c6-4bc4-8783-e8a6ec1dcffa","\Google\Google Chrome","Allow HTTPS-Only Mode to be enabled"
"3ffffbfc-b52c-4dc5-bbf2-9e6a0aa672c2","\Microsoft Outlook 2016\Outlook Options\Preferences\E-mail Options\Advanced E-mail Options","Save Messages"
"5b8fa3be-3249-432c-8de6-f83460556a71","\Microsoft Excel 2016\Excel Options\Security","WEBSERVICE Function Notification Settings"
"c80273fc-7dec-45fa-8e99-f539e21a78d8","\Microsoft Edge - Default Settings (users can override)","Enables Microsoft Edge mini menu"
"8fc92c5e-971e-43e5-89c5-c64d22a8f248","\Microsoft Edge - Default Settings (users can override)","Allow download restrictions"
"db80b1fc-0471-4c53-b6fc-f57f337f761e","\Microsoft Edge","Text prediction enabled by default"
"3d61fb61-f0a3-4a77-9f6c-14c3a8c7b85c","\Google\Google Chrome","Force disable spellcheck languages"
"210374bd-d760-40e8-8990-4a22222ed535","\Google\Google Chrome","Notify a user that a browser relaunch or device restart is recommended or required"
"4b40917f-e755-4602-b3b1-6f57f104c018","\Microsoft Edge","Configure the list of names that will bypass the HSTS policy check"
"be260f4e-342d-46bc-87c2-5abe85ef17d3","\Google\Google Chrome\Deprecated policies","Choose how to specify proxy server settings"
"39c03a8a-a2f7-44c0-bc74-11cf050dd96d","\Microsoft Edge\HTTP authentication","Specifies a list of servers that Microsoft Edge can delegate user credentials to"
"18c38208-ba62-4a4c-a00f-3c49e581a5dc","\Microsoft Word 2016\Word Options\Security\Cryptography","Use new key on password change"
"dda6b42c-0bdd-4865-b0a1-5cc817ffe059","\Skype for Business 2016\Microsoft Lync Feature Policies","Require logon credentials"
"e9ee890d-a12c-4712-89f6-1defacbb2dcd","\Microsoft Office 2016\Language Preferences\Editing Languages\Enabled Editing Languages","Sami, Northern (Sweden)"
"71a2392e-8c25-418b-8901-d6118f243658","\Microsoft Edge","Set application locale"
"86ccd35a-9369-44fe-9733-713b9099344d","\Microsoft Office 2016\Language Preferences\Editing Languages\Enabled Editing Languages","Croatian (Croatia)"
"ed774f0e-bcde-4245-8516-53faece4b203","\Microsoft Outlook 2016\Account Settings\Exchange\Cached Exchange Mode","Download shared non-mail folders"
"676bf828-3798-4d86-b5c9-bb3cf13a3fcb","\Microsoft Edge\Edge Website Typo Protection settings","Configure the list of domains for which Edge Website Typo Protection won't trigger warnings"
"2d03f0e7-96d8-4cdf-9376-241b116c619e","\Google\Google Chrome - Default Settings (users can override)\Deprecated policies","Enable AutoFill"
"163dbb13-c02a-42a4-8fba-106778d0111a","\Google\Google Chrome","Enable scrolling to text specified in URL fragments"
"d6ad905a-ce4e-4828-9348-57abf4afbe87","\Windows Components\Remote Desktop Services\Remote Desktop Session Host\Azure Virtual Desktop","Enable RDP Shortpath for managed networks"
"4fe6f1fe-34d5-493d-9733-7cc830016c4b","\Microsoft Edge\Content settings","Data URL support for SVGUseElement"
"bfc404ef-8c3e-4116-b297-e8dd82cd712c","\Google\Google Chrome\Deprecated policies","Allow media autoplay on a whitelist of URL patterns"
"3937c6c2-3888-4159-a9c3-d233fca3415f","\Microsoft Edge","Disable synchronization of data using Microsoft sync services"
"a36e8608-52c2-4cc3-8488-32206719f62f","\Microsoft Edge\Startup, home page and new tab page","Action to take on startup"
"a66c4feb-07ea-4b81-af6a-7f985f069250","\Microsoft Edge","Configure Related Matches in Find on Page"
"21708e1c-d999-41a0-abb9-52d4fbab4c64","\Microsoft Office 2016\Global Options\Customize","Allow roaming of all user customizations"
"070be2b9-e821-473f-93fc-84aca50f3dab","\Google\Google Chrome - Default Settings (users can override)\Removed policies","Clear site data on browser shutdown (deprecated)"
"010da88f-b373-49c8-8c02-fdf84ba941fd","\Microsoft Office 2016\Language Preferences\Editing Languages\Enabled Editing Languages","Tajik"
"3d76c086-f7a5-4a6f-b569-bbc41efbb81b","\Microsoft Edge\Extensions","Configure allowed extension types"
"b8a40a95-ef10-4eb9-bcae-1621326d9dd3","\Google\Google Chrome - Default Settings (users can override)\Deprecated policies","Enable Safe Browsing"
"ccf88534-383c-4096-8090-cdffd941a3ff","\Microsoft Edge\Proxy server","Configure proxy bypass rules (deprecated)"
"3a9cb767-7765-437f-ab4f-76f884d7d406","\Google\Google Chrome","DNS interception checks enabled"
"bc131450-c4fd-4d40-b21e-6f8e3df72a27","\Microsoft Project 2016\Project Options\Security\Trust Center","Trusted Location #17"
"cea79aa6-9595-42c7-90aa-c07ac34e4c03","\Microsoft Excel 2016\Excel Options\Security\Cryptography","Configure CNG cipher chaining mode"
"04383f69-ce4a-4098-974f-40adca659c06","\Microsoft Project 2016\Miscellaneous","Most Recently Used Template List Length"
"29c99e91-5492-42c4-8e9e-ffeb4f8fd1a9","\Google\Google Chrome","Allow Google Lens region search menu item to be shown in context menu if supported."
"d8b6d14d-6741-4b62-83f4-8c7c8d0e1879","\Microsoft Edge","Force WebSQL to be enabled (obsolete)"
"70abcb03-09ce-413c-adb2-a857e5ff5eed","\Google\Google Chrome\Removed policies","Extend Flash content setting to all content (deprecated)"
"4e8220aa-8cfb-47ea-ab17-f876952f404a","\Microsoft Office 2016\Privacy\Trust Center","Allow the use of connected experiences in Office that analyze content"
"eed21caf-4d23-4c3a-b660-0ef6c4532d3f","\Microsoft Visio 2016\Visio Options\Advanced\Save/Open","Show file open warnings"
"7e445ddb-17a2-49a9-b753-e6633f9b91c6","\Microsoft Outlook 2016\Outlook Options\Preferences\Calendar Options\Office.com Sharing Service","Prevent publishing to Office.com"
"74661461-6f68-434f-814c-058371bb4f18","\Microsoft Edge - Default Settings (users can override)\Games settings","Enable Gamer Mode"
"d4c0f7ec-2480-4fd6-8180-ef20d2e369e9","\Microsoft Office 2016\Security Settings","Force Runtime AV Scan"
"04671f53-2fbe-4cae-94ff-ec6e9e57409d","\Microsoft Office 2016\Miscellaneous","Show Paste Options button when content is pasted"
"476cb4ce-5a7b-4715-9016-2c59c0266830","\Google\Google Chrome\Deprecated policies","Configure native messaging whitelist"
"8b6060ba-8c77-4442-9912-cb17a77b68e5","\Microsoft Edge","Set the background tab inactivity timeout for sleeping tabs"
"20a814e6-7380-41d6-8c26-05c38bced29d","\Microsoft Edge","Set a timeout for delay of tab navigation for the Enterprise Mode Site List"
"2d7e81ba-27f0-4f29-b91e-c73cf9daf0a1","\Microsoft Edge","Allow users to access the games menu"
"27d13af6-683d-49dd-91ef-945e1b93976c","\Microsoft OneNote 2016\OneNote Options\Other","Notebook Presence"
"af1a628c-b94a-40d2-a5b7-a9f435aa2847","\Microsoft Project 2016\Project Options\Interface\Project Guide settings for 'Project1'","Project Guide Content"
"2750c104-dbfd-46af-89ce-cd2ee86cf0d8","\Microsoft Office 2016\Language Preferences\Editing Languages\Enabled Editing Languages","Sami, Southern (Sweden)"
"edc29cef-5d04-4a4c-95a1-6f754b28055b","\Google\Google Chrome - Default Settings (users can override)","Enable reporting of usage and crash-related data"
"452fc3cd-ec64-493b-a3e6-c53375b19a57","\Microsoft Edge","Secure mode and Certificate-based Digital Signature validation in native PDF reader"
"f14fb247-83e7-4da3-b616-06fef54289b4","\FSLogix\Logging","Java rule editor"
"0b53bd7e-92bd-4d5d-8949-dc8f98859714","\Microsoft Word 2016\Word Options\Advanced","Cursor movement"
"16ca3560-afbc-4d86-a0e9-79f8b70de919","\Microsoft Outlook 2016\Outlook Social Connector","Specify activity feed synchronization interval"
"9fbec8bf-9cef-4c11-b18e-f0a7d8c0552d","\Microsoft Office 2016\Language Preferences\Editing Languages\Enabled Editing Languages","Slovenian"
"6190aab1-3d8c-4413-94c9-2184b7f2dedf","\Microsoft Office 2016\Microsoft Office Document Cache","Save checked-out files to a local folder"
"b92b4c9e-cade-4816-9b48-7e04c769e9f9","\Microsoft Edge\Printing","Print preview sticky settings"
"6b71d4e8-c7e5-4c99-bd11-5debc7d88f6b","\Microsoft Edge\Manageability","Microsoft Edge management enrollment token"
"36a74d39-75ca-4dc8-a310-1ea465e33a65","\Microsoft Edge","Configure Speech Recognition"
"884be662-17a2-4a00-ae87-bee91c3ba56b","\Microsoft Edge Update\Proxy Server","Choose how to specify proxy server settings"
"2bc95111-08f1-4ad5-ae65-1cf3d6ea5f2b","\Microsoft Office 2016\Language Preferences\Editing Languages\Enabled Editing Languages","Mongolian (Traditional Mongolian)"
"b042e4ed-66e3-42d2-9403-b1c1c73eed1f","\Microsoft Edge","Enable Read Aloud feature in Microsoft Edge"
"65f499c3-c8fd-4bec-8af2-cbc120f4c8ed","\Google\Google Chrome\Removed policies","Allow SHA-1 signed certificates issued by local trust anchors"
"073deac4-d7a6-4fe7-82da-f171bc780723","\Microsoft Edge","Controls whether unload event handlers can be disabled."
"5ac47f6a-44b5-492c-a293-c39894a921be","\Microsoft Office 2016\Language Preferences\Editing Languages\Enabled Editing Languages","Albanian"
"c548830e-61aa-47bc-8b06-74293ef42b94","\Google\Google Chrome\Safe Browsing settings","Enable Safe Browsing Extended Reporting"
"d8874915-043b-4b22-9f26-6affc3f0388b","\Microsoft Office 2016\Language Preferences\Editing Languages\Enabled Editing Languages","English (Belize)"
"2657eaf5-22b6-4c26-852e-966fef49bc3e","\Microsoft Edge\Printing","Default printing page size"
"0286c021-ca3e-4be9-b8bd-82bec70638a6","\Microsoft Office 2016\Collaboration Settings","Outlook: Ad hoc reviewing"
"e4be21ab-7956-4b24-9949-362e648a0349","\Microsoft Office 2016\Language Preferences\Editing Languages\Enabled Editing Languages","Chinese (China)"
"2ce67253-d42a-4ab0-ba59-083d23409eca","\Microsoft Edge - Default Settings (users can override)\Printing","Set the system default printer as the default printer"
"0b361e04-e940-45a2-8d85-c2f7e9497360","\Google\Google Chrome\Removed policies","Default Flash setting"
"5b861fae-47f1-4b55-8e27-878dd6603163","\Windows Subsystem For Linux","Allow passthrough disk mount"
"ca45f854-f4dd-4b12-8cc2-4ebcc3ec153d","\Visual Studio\Privacy Settings","Disable IntelliCode custom model training"
"9dc906be-61d7-4d4c-8baa-74450edb3415","\Microsoft Word 2016\Miscellaneous","Do not use online machine translation"
"128f3dbd-35e3-46b6-b3c5-f4175bca6281","\Microsoft Edge","Allow users to configure Family safety and Kids Mode"
"eb6a0a3f-beab-4639-b6e4-19acf51c28b0","\Google\Google Chrome","Allow Dinosaur Easter Egg Game"
"b2fb7ddc-ca16-4810-8ffc-d55c39bcf952","\Google\Google Chrome - Default Settings (users can override)","Show Full URLs"
"fbe6024d-826e-4ad5-8bb0-b4c2f63a9cf3","\Microsoft Edge\Content settings","Automatically select client certificates for these sites"
"12502fa2-b56e-4482-b896-44357852108c","\Microsoft Word 2016\Miscellaneous","Personal templates path for Word"
"ed2a5416-d394-4310-a143-63ad0ab42147","\Microsoft Word 2016\Word Options\Save","Default file format"
"d2fc027e-b409-46ec-a286-1051df2bc512","\Microsoft Office 2016\Language Preferences\Editing Languages\Enabled Editing Languages","Tibetan (China)"
"6284dbca-884f-4547-bb55-a54af0d02154","\Microsoft Office 2016\Microsoft Save As PDF and XPS add-ins","Enforce PDF compliance with ISO 19005-1 (PDF/A)"
"6f41e754-2517-41a8-b203-b8c94e394915","\Microsoft Office 2016\Language Preferences\Editing Languages\Enabled Editing Languages","Assamese (India)"
"d5cf4841-eafa-40a6-a8b1-28b68c518384","\Google\Google Chrome\Legacy Browser Support","Delay before launching alternative browser (milliseconds)"
"cb3bf387-3709-41fe-8509-5f95995ac20f","\Microsoft Outlook 2016\Outlook Options\Other","Make Outlook the default program for E-mail, Contacts, and Calendar"
"238771cd-1aec-4e58-aa7a-0f73a68eff2f","\Google\Google Chrome","Set disk cache size in bytes"
"021a3a53-5c3b-4a52-9c21-cf04304bc496","\Microsoft Word 2016\Word Options\Security\Trust Center\Protected View","Turn off Protected View for attachments opened from Outlook"
"92f29301-698c-4eea-9473-e6bb9319aadf","\Google\Google Chrome\Legacy Browser Support","Enable the Legacy Browser Support feature."
"acc91786-661e-4956-9038-6b6da3f0d25e","\Microsoft Office 2016\Telemetry Dashboard","Turn on data uploading for Office Telemetry Agent"
"fec9396f-e451-427c-ba28-911b1e8c5c01","\Visual Studio\Live Share Settings","Disable Chat"
"9b9b3c3f-7d5c-4053-83bf-ecf73fbc47b7","\Microsoft Access 2016\Customizable Error Messages","List of error messages to customize"
"1d9fbcb5-bd77-4c37-8dec-4da98b5509eb","\Microsoft Office 2016\Security Settings\Trust Center\Trusted Catalogs","Trusted Catalog Location #8"
"004a8c94-115b-4341-8469-cf5e8bccbb22","\Microsoft Edge","Browsing Data Lifetime Settings"
"326feb37-5ea1-4979-bfd0-bfa8249ecbbd","\Microsoft Edge","Determines whether the Microsoft Root Store and built-in certificate verifier will be used to verify server certificates (deprecated)"
"eaab8a03-7061-4a0c-8724-5a578e26fbde","\Google\Google Chrome","Allow merging list policies from different sources"
"0edb698c-09bf-416a-a1dc-55894c5a8ed7","\Microsoft Project 2016\Project Options\Security\Trust Center","Disable all trusted locations"
"f2bc1ff9-3c7f-42e8-bbd6-c07dbda33627","\Microsoft Edge Update\Applications\Microsoft Edge Dev","Update policy override"
"09acd475-2f9c-45f1-ae68-45795477a51b","\Microsoft Office 2016\Miscellaneous","SharePoint Product Name"
"78518ff4-c921-4feb-bfc1-a41379f85518","\Microsoft Outlook 2016\Account Settings\Exchange\Cached Exchange Mode","Disallow On Slow Connections Only Download Headers"
"316efc4a-3459-43c2-ab5d-ab014e0590d5","\Microsoft Edge","Send required and optional diagnostic data about browser usage"
"f90a4b05-55ec-4599-b68e-cccd7e66a180","\Google\Google Chrome\Remote access","Restrict the UDP port range used by the remote access host"
"154d8f11-7b36-45c1-9ca6-72c05fa4fea4","\Google\Google Chrome\Removed policies","Always render the following URL patterns in Google Chrome Frame"
"7a4581f0-7796-4e1d-8ab0-3132cc9f84f8","\Google\Google Chrome\Content settings","Allow cookies on these sites"
"fb2f7408-352c-4453-be4e-26dd8fbdd17a","\Microsoft Edge","Allow download restrictions"
"5efa5eff-a8f6-46ba-a7cb-4e6d77631754","\Microsoft Edge\Extensions","Control which extensions are installed silently"
"d54ee94b-5cf7-4eb3-a239-f2db5c6c7ffd","\Microsoft Edge - Default Settings (users can override)\Performance","Enable efficiency mode when the device is connected to a power source"
"71061d79-6aaf-4bd4-82a0-35b488b04c57","\Microsoft Outlook 2016\Disable Items in User Interface\Predefined","Limit which permissions can be assigned to Default, Anonymous, or My Organization on mail folders and calendars"
"1590be84-7a47-4412-9bd4-ed96893ecdcf","\Microsoft Edge\Content settings","Allow WebUSB on specific sites"
"f71abbea-db12-4127-8d31-3f729aa24543","\FSLogix\Logging","Search Plugin"
"d9646f6b-6d58-4d0b-a105-4047c2b57ad2","\Microsoft Edge","Enable post-quantum key agreement for TLS"
"6fb1b4d6-f981-4e12-8bf7-5b9561b32b3f","\Microsoft Office 2016\Contact Card\Contact Tab","Remove Location Line"
"f2ff3437-4f0f-492d-84a1-e376e450e603","\Google\Google Chrome\Deprecated policies","Address or URL of proxy server"
"41c81791-815f-4bad-857f-703ebc789ed5","\FSLogix\Profile Containers","Attached VHD SDDL"
"e9a6d156-17c1-4635-8d86-c79feed780ba","\Microsoft Word 2016\Word Options\Security\Trust Center\Trusted Locations","Trusted Location #7"
"069a0f57-00a8-44ef-bed8-6c78fb7e8313","\Microsoft Outlook 2016\Outlook Social Connector","Disable Office connections to social networks"
"d9f9d348-4aa1-48ef-8ef2-0f3522565b30","\Microsoft OneNote 2016\OneNote Options\Audio and Video","Disable Linked Audio feature"
"21a2477f-60cc-4ad0-9e04-7cb562967df6","\Google\Google Chrome","Enable deleting browser and download history"
"9f28553a-cbdb-4b0c-b219-5b328812061f","\Google\Google Chrome","Specifies whether the display-capture permissions-policy is checked or skipped."
"70d0b7ac-1dbf-4454-9ccb-317548d5a3f1","\Google\Google Chrome","Enable WPAD optimization"
"c890f471-aa5e-4713-9ba3-79db7d441b4a","\Microsoft Office 2016\Language Preferences\Editing Languages\Enabled Editing Languages","Kyrgyz"
"0445a4ae-289f-4d12-91a1-4538c99f8fdc","\Microsoft Edge","Enables default browser settings campaigns"
"49dbef72-6039-4d71-8039-0b776a242ac7","\Google\Google Chrome\Printing","Enable Google Cloud Print proxy"
"dcff5a55-fd0e-4d52-90cf-8eaa3339c44a","\Microsoft Edge\Printing","Configure the sticky print preview settings"
"42411e0a-3c50-44af-bf8c-2f6450aea02f","\Microsoft Word 2016\Word Options\Security\Trust Center\Trusted Locations","Trusted Location #11"
"54b56ba6-4ec5-4a63-9678-f46505e4faa6","\Google\Google Chrome - Default Settings (users can override)\Removed policies","Default search provider instant URL"
"f4b1d56c-f166-42e2-bc40-cdfba8c4e201","\Microsoft Excel 2016\Excel Options\Save","Save AutoRecover info"
"5bdf2fdb-0525-4f79-98d9-56efc300f35e","\Microsoft Edge - Default Settings (users can override)","Configure Automatic HTTPS"
"c758aaa2-124e-4d7a-b728-02fa382fcc70","\Microsoft Edge\Application Guard settings","Application Guard Traffic Identification"
"56617f1e-df3c-437f-8616-e9cc96ee85dd","\Google\Google Chrome\Native Messaging","Allow user-level Native Messaging hosts (installed without admin permissions)"
"3324e582-21d8-45c3-a985-5b8c836ef6ce","\Microsoft Edge","Specify the number of days that a site remains on the local IE mode site list"
"0e226a1a-edbd-482d-a27e-8eb0b950bc19","\Microsoft Word 2016\Word Options\Advanced","Set the maximum zoom level for expand / collapse on-object UI"
"1c69977f-7469-4747-8c89-7524e00ad0d7","\Google\Google Chrome","Browsing Data Lifetime Settings"
"58682f20-7224-406a-9b0e-4e6648a46376","\Microsoft PowerPoint 2016\PowerPoint Options\Advanced\Web Options...\General","Show slide animation while browsing"
"c34631f0-458e-48f2-a4b1-094ea09daab3","\Google\Google Chrome - Default Settings (users can override)\Safe Browsing settings","Safe Browsing Protection Level"
"259842e0-b6dc-49e4-a0c9-9127ee49f53d","\Microsoft Word 2016\File Tab\Check Accessibility","Stop checking whether objects are floating"
"fd028c12-92fe-4b17-9853-413a95a9b1cc","\Microsoft Office 2016\Business Data\Web Service","Set maximum web service default timeout"
"b973bff6-6707-4130-a170-6acd73c9b7f3","\Windows Components\Remote Desktop Services\Remote Desktop Session Host\Azure Virtual Desktop","Enable Graphics related data logging for every connection interval"
"32222b4d-42f1-4296-852d-38b76167e542","\Microsoft Office 2016\Contact Card\Contact Tab","Replace MAPI - Work"
"e7a54f23-e5a8-4905-856a-4a0a7d58d4e9","\Microsoft Office 2016\Privacy\Trust Center","Disable Opt-in Wizard on first run"
"af29bee6-9a71-441d-8be5-5722382032f6","\Microsoft Office 2016\Miscellaneous","Disable Training of the Adaptive Floatie feature for the user"
"5d6861d2-bce5-4037-b1ac-00e2f50561f6","\Microsoft Edge\Edge Website Typo Protection settings","Prevent bypassing Edge Website Typo Protection prompts for sites"
"4fd34b3c-991e-4af7-9150-b312ac8d1bb4","\Microsoft Project 2016\Project Options\Security\Tools | Macro","Security Level"
"b76ed0a7-2d84-4d16-b7d0-c197e96da737","\Microsoft Edge","Enable site isolation for specific origins"
"2dc1639f-f0e8-4c4b-a446-b6b3bdb0f21d","\Google\Google Chrome\Printing","Print PDF as Image Available"
"ab3d360f-f62f-4d72-bc32-dc1cc4fadf62","\Microsoft OneNote 2016\OneNote Options\Versions and Recyle Bin","Do not prune versions over time"
"a12a7972-f5ba-4c9e-b8ff-74088a635873","\Microsoft Project 2016\Project Options\Interface\Show indicators and Option butons for","Resource Assigments"
"4025771c-3ab6-45d4-8a82-eacee25eccf0","\FSLogix\Profile Containers","Keep Local Directory (after logoff)"
"4da1117b-9edc-4094-b5b8-314bb401a5c1","\Microsoft PowerPoint 2016\PowerPoint Options\Advanced\Web Options...\General","Slide navigation"
"7ba4f109-761f-4ab8-9bb1-36db72d9dc16","\Google\Google Chrome - Default Settings (users can override)","Import autofill form data from default browser on first run"
"f924f951-d31a-49b3-9107-a4738ab236be","\Microsoft Edge Update\Preferences","Auto-update check period override"
"c4282b30-71ac-4c45-b4e3-b317211fd5e8","\Microsoft Edge","Configure InPrivate mode availability"
"f0209bdb-0718-476b-99be-754da1f26d56","\Microsoft Office 2016\Language Preferences\Editing Languages\Enabled Editing Languages","Spanish (El Salvador)"
"dac340a9-2606-484b-94c5-e41af39a088d","\FSLogix\ODFC Containers","Reattach Interval"
"37a65c86-5799-462a-8ee5-ae103a9cae23","\Microsoft Edge","Clear browsing data when Microsoft Edge closes"
"a06e9551-b1f7-4a6d-b93d-bc7e74354929","\Google\Google Chrome","Control use of the Headless Mode"
"6ff817de-29d1-483e-abe4-6378dc432b7e","\Google\Google Chrome","Force enable spellcheck languages"
"6f254ce5-fbe6-4aa6-b89d-ae7b0e683711","\Microsoft Office 2016\Tools | Options | General | Web Options...","Hide dynamic lifecycle messages"
"d7afea07-f66b-4aa1-a3a7-0a6eb3598b0a","\Microsoft Office 2016\Language Preferences\Editing Languages\Enabled Editing Languages","German (Germany)"
"6464cfa9-32df-487b-b524-459552ce24ff","\Microsoft Office 2016\Language Preferences\Editing Languages\Enabled Editing Languages","Mohawk"
"7a08b0d9-eb97-4da9-b7f1-ca3a0b5c57c7","\Google\Google Chrome\Removed policies","Enable HTTP/0.9 support on non-default ports"
"1dcf2299-32c4-415c-8ba1-d8961823fa5a","\Google\Google Chrome\Deprecated policies","Configure native messaging blocklist"
"d8d41b58-ceea-4bac-b92b-07e9d5b986ad","\Google\Google Chrome\Default search provider","Parameters for search URL which uses POST"
"9276cafc-660e-452c-982c-d6c32d32a2e8","\Microsoft Edge","XFA support in native PDF reader enabled"
"369b64f7-cd4a-4941-b974-cf9625f928c2","\Microsoft Edge - Default Settings (users can override)\Password manager and protection","Enable saving passwords to the password manager"
"3b9e1d5d-3e45-404f-bd2c-51d3531ca121","\Microsoft Office 2016\First Run","Disable First Run Movie"
"8fdbb0d6-56f3-47cc-8348-19fe67add41f","\Microsoft Word 2016\Word Options\Advanced","IME Control Active"
"384d46e8-c928-432c-9fb0-4e5cdbc44bba","\Microsoft Office 2016\Miscellaneous","Show in-product notifications for the Microsoft Workplace Discount Program"
"fd64c5da-c242-4188-a322-984351d10526","\Microsoft Edge\Content settings","Limit cookies from specific websites to the current session"
"7f4e6bbf-5802-434a-a4e7-0a15b248a4d7","\Google\Google Chrome","Define domains allowed to access Google Workspace"
"db962157-c08f-4df4-a7dd-bdc7daac060e","\Microsoft Office 2016\Language Preferences\Editing Languages\Enabled Editing Languages","English (Ireland)"
"19d7b0f0-28a1-49ab-862b-8b002efec796","\Microsoft Office 2016\Language Preferences\Editing Languages\Enabled Editing Languages","Latin"
"d75750b9-a656-4d30-a5bd-73baa947479c","\Microsoft Outlook 2016\Outlook Options\Preferences\Search Options","Set default search scope"
"1e1795cd-6208-423e-ad34-294692fb9b6b","\Microsoft Edge","Block tracking of users' web-browsing activity"
"5e1d631a-4513-4ea3-a320-e6fc594d818e","\Microsoft Office 2016\Language Preferences\Editing Languages\Enabled Editing Languages","Dari"
"7bce0994-f770-4759-801b-1ba596f56901","\Microsoft Excel 2016\Excel Options\Security\Trust Center\File Block Settings","Dif and Sylk files"
"f48eb5de-0c56-4c54-8916-a3e84782b491","\Google\Google Chrome","Show cards on the New Tab Page"
"0d30216f-4728-458b-ae2c-a42d87a8c88a","\FSLogix\Profile Containers\Cloud Cache","CCD Unregister Timeout"
"38350464-49a1-4171-abb2-57716da5ff72","\Google\Google Chrome\Remote access","Restrict the UDP port range used by the remote access host"
"b6e5f953-67d1-49cd-94b9-d79295869690","\Microsoft OneNote 2016\OneNote Options\Security\Cryptography","Set parameters for CNG context"
"ae53e725-43a8-401d-91e8-12db98465b25","\Google\Google Chrome","Enables merging of user cloud policies into machine-level policies"
"2326b67f-8cb3-4287-bd45-0933509097ad","\Microsoft Edge","Allow unconfigured sites to be reloaded in Internet Explorer mode"
"6f0e5d74-ce48-4545-815d-a4e4ad1b6c40","\Google\Google Chrome","Disable synchronization of data with Google"
"66600a2a-e3ec-452e-a75c-3ec1e22ff365","\Google\Google Chrome","Enable network prediction"
"675c6499-d73d-4015-ad0f-854005da998e","\Google\Google Chrome - Default Settings (users can override)","Block third party cookies"
"608ed06f-c489-4b9c-9666-61a4964b8cba","\Google\Google Chrome\Content settings","Block insecure content on these sites"
"3616606d-1c0a-482b-85a1-4f302779ec78","\Microsoft Outlook 2016\Account Settings\Exchange\Cached Exchange Mode","Do not sync in Cached Exchange mode when users click Send/Receive or F9"
"4a34a9f7-971c-4378-97f0-1b6b3f895985","\Microsoft Visio 2016\Visio Options\Security\Trust Center","Trusted Location #3"
"c7d29eeb-2caf-4123-9033-e47ab077973c","\Microsoft Edge","Check RSA key usage for server certificates issued by local trust anchors"
"79beb6ff-1d3b-4129-85ce-d98d8126fb6b","\FSLogix\ODFC Containers","Mirror Local OST To VHD"
"6b53a8be-b508-46de-88d3-cf712670bdd4","\Microsoft Office 2016\Signing","Legacy format signatures"
"ed90fa44-aba3-47b3-be83-379194f7d987","\Microsoft Edge\Content settings","Control use of the File System API for reading"
"f1724661-d4ea-4b8b-a9ab-af18f1ed129a","\Microsoft Office 2016\Contact Card\Contact Tab","Replace MAPI - Profile"
"67ef83fb-814d-4ef5-ab45-7944c801905d","\Microsoft Outlook 2016\Security\Cryptography","Encrypt all e-mail messages"
"0fc447b3-f666-4d38-a437-513f3513c2e4","\Google\Google Chrome\Legacy Browser Support","URL of an XML file that contains URLs to load in an alternative browser."
"179052e2-e7a9-425e-b1e9-e336aad656dc","\Google\Google Chrome\Default search provider","Enable the default search provider"
"9cf49699-cb97-42c6-bd39-c8d5b61f2358","\FSLogix\ODFC Containers","Prevent Login With Failure"
"3ef6577d-4090-4a4f-ac1e-0f13910e8ebd","\Microsoft Outlook 2016\Outlook Options\Preferences\E-mail Options\Advanced E-mail Options","When new items arrive"
"c819d451-3d30-4a3a-8669-ea686ffbc902","\Microsoft Outlook 2016\Miscellaneous","Block all unmanaged add-ins"
"042cfeb5-2914-4939-aefa-cd43de2ec181","\Microsoft Outlook 2016\Security","Use Protected View for attachments received from internal senders"
"18249c9a-48ef-4a59-ae9f-fe6954368fb2","\Microsoft Edge\SmartScreen settings","Configure the list of domains for which Microsoft Defender SmartScreen won't trigger warnings"
"2a0ecd92-a96e-4d2b-871e-ac3c6acedc68","\Microsoft Publisher 2016\Publisher Options\Advanced","Send entire publication as a single JPEG image"
"49741913-dc82-472e-a831-f8b9cebcfb3b","\Microsoft Excel 2016\Excel Options\Security\Trust Center\File Block Settings","Excel 4 workbooks"
"4a89d7d2-51cf-432c-9593-0db5244c5ebc","\Microsoft Word 2016\Word Options\Advanced","Document view"
"294652f7-ca1d-4a60-abb0-3983b2de63ca","\FSLogix\Profile Containers","Redirect Type"
"e710c5ff-8df2-451d-b2bf-9928b0e289f2","\Microsoft Edge","Use graphics acceleration when available"
"be6e2a68-673a-4120-9f56-5afadf2299fa","\Microsoft Word 2016\Word Options\Security\Trust Center\Trusted Locations","Trusted Location #3"
"c3f2da08-b4b9-40cb-8fd1-4ce5abeee4d9","\Visual Studio\Live Share Settings","Disable anonymous guests"
"6540be3e-9bc5-4728-a1a9-b09876ae0078","\Microsoft Edge\Related Website Sets Settings","Override Related Website Sets."
"0dfc9f29-cc96-47f9-861d-3cbe2bf53320","\Google\Google Chrome","Disable support for 3D graphics APIs"
"0f498f33-367a-4e4c-b9a5-9b0fa42b4637","\Google\Google Chrome\Removed policies","Maximum SSL version enabled"
"8e3611f1-f51e-4d42-b03e-16189cf03d2c","\Google\Google Chrome\Removed policies","Enable chrome://devices"
"e27d4762-9f29-457e-893f-13080ed7197a","\Microsoft Edge","Allow file selection dialogs"
"afb96ba8-76ba-49ef-8f3e-6d19e336c2d5","\Microsoft Edge","Enhance images enabled"
"5e0cfde2-167e-4fb4-acc7-527a215c4082","\Microsoft Office 2016\Miscellaneous","Show additional sharing choices under the File tab"
"8ce569bd-b9e2-4e00-bc77-7bf129aa394a","\Microsoft Word 2016\Customizable Error Messages","List of error messages to customize"
"54bc2ca4-f852-4200-8816-6a3f279c9cae","\Microsoft Office 2016\Language Preferences\Editing Languages\Enabled Editing Languages","French (Haiti)"
"24e587f3-e945-4967-88be-ca844084286f","\Microsoft Edge","Allow suggestions from local providers"
"c33ed123-d1f9-44d6-8c20-d35f1c20b1d3","\Microsoft Office 2016\Security Settings\Digital Signatures","Display alternative certificate providers"
"15c44708-ed66-451f-a533-eb26613fc5ed","\Microsoft Outlook 2016\Folder Home Pages for Outlook Special Folders","Journal Folder Home Page"
"5ca18f69-7d78-4531-ab12-6d56557809ca","\Microsoft Excel 2016\Excel Options\Security\Trust Center\Trusted Locations","Trusted Location #4"
"6985ef66-bb61-404e-ab10-a2308c057e08","\Microsoft Word 2016\Word Options\Advanced","Show measurements in units of"
"24d0ae71-df87-4ee4-a181-2708fdf0ee3b","\Microsoft Edge","Allow importing of payment info"
"ecc03ffc-5141-4d21-8f8d-f016e40448de","\Google\Google Chrome","Set the time period for update notifications"
"5534c822-7191-4482-a355-3831b79e5c3b","\Microsoft Outlook 2016\Outlook Options\Preferences\Junk E-mail","Overwrite or Append Junk Mail Import List"
"0909e148-185f-42e5-b277-349a6a31fbd6","\Microsoft Outlook 2016\Outlook Options\Preferences\Search Options","Do not display search results as the user types"
"8bab9ac6-b639-4dfd-aa3d-5aa972f86862","\Microsoft Project 2016\Project Options\Save\Auto Save Options","Save Active Project only"
"8e480727-30b8-4cec-8c04-991e4b489caa","\Microsoft Outlook 2016\Outlook Options\Preferences\E-mail Options","Attachment Reminder Options"
"3eeb3360-6499-4291-a4d1-e721718115a5","\Microsoft Office 2016\Privacy\Trust Center","Allow users to receive and respond to in-product surveys from Microsoft"
"3374be6b-9237-4bfc-83df-05cd2f4c04cb","\Microsoft Project 2016\Project Options\Save\Auto Save Options","Prompt before saving"
"1fc2a319-36a1-4834-944c-38991e37fcbd","\Google\Google Chrome","Set the time interval for relaunch"
"ca0c5d5d-82ee-4b71-9f19-c101ca3ce1f3","\Google\Google Chrome\Legacy Browser Support","Sitelist parsing mode"
"ae2543d4-67d0-4bf6-a9ab-62606ff47688","\Google\Google Chrome","Enable globally scoped HTTP auth cache"
"1babfe47-f0e0-4d44-91c4-d2ab2ea0cf1d","\Microsoft Edge\Startup, home page and new tab page","Disable Bing chat entry-points on Microsoft Edge Enterprise new tab page"
"a2ec4e9a-b612-4b8d-afe0-b90a2060d902","\Microsoft Edge","Maximum number of concurrent connections to the proxy server"
"30ca4e71-5498-41fe-8ba7-85bffde39bbe","\Microsoft Outlook 2016\Account Settings\Internet Calendars","Do not include Internet Calendar integration in Outlook"
"939ac0b1-81cb-4bed-93a6-b537f01a5085","\Google\Google Chrome","Set disk cache directory"
"4727eeb5-367c-4d17-b1fd-653141c796f5","\FSLogix\Profile Containers","Is Dynamic (VHD)"
"5d1520ac-eb50-4704-9b12-f0b57e5237e1","\Google\Google Chrome\Removed policies","Enable CORS check mitigations in the new CORS implementation"
"a1d844b3-4a0c-45ab-98fb-6ee760be1402","\Microsoft Office 2016\Security Settings","Control how Office handles form-based sign-in prompts"
"d641276d-810c-440c-bb5b-cc269f0204eb","\Google\Google Chrome","Profile picker availability on startup"
"6ecfab16-d5be-4e16-a2cf-9ef0c29dcaad","\Microsoft Word 2016\Word Options\Security\Trust Center","Scan encrypted macros in Word Open XML documents"
"48d333cc-135d-4667-b18b-f26538a75bae","\Microsoft Office 2016\Language Preferences\Editing Languages\Enabled Editing Languages","Igbo"
"742d5500-b865-4f1f-a75b-0ff1d85c94e6","\Google\Google Chrome\Content settings","Block cookies on these sites"
"a87f11f1-ec0f-4efd-90f5-6b8fa4f1ba48","\Google\Google Chrome","Allow access to a list of URLs"
"0a51fa4a-bb9a-451a-a682-563c351c6796","\Google\Google Chrome","Allow fullscreen mode"
"bcbc275c-0c2e-41ee-826e-77a0c8ef3dfc","\Microsoft Edge","Disable taking screenshots"
"b98cb800-ceb0-400e-8644-46bb9aa37a41","\Microsoft Outlook 2016\Folder Home Pages for Outlook Special Folders","Deleted Items Folder Home Page"
"32470471-cb40-4aba-8a98-fed872c5033a","\Microsoft Excel 2016\Excel Options\Security\Cryptography","Specify CNG random number generator algorithm"
"9e210118-027e-4cce-910c-3177b3ca31a3","\Microsoft Edge","Allow remote debugging"
"e4696144-2884-469e-acef-34a0f712096c","\Google\Google Chrome\Content settings","Allow the Serial API on these sites"
"1f21c9cc-064d-40a3-84f4-45b884eccdc5","\Microsoft Project 2016\Project Options\Edit\View options for time units in 'Project1'","Add space before label"
"d597ce31-0c9e-4870-9d53-dbd971d66bd3","\Microsoft Outlook 2016\Miscellaneous","Prevent MAPI services from being added"
"5bb153a3-4e2e-4d15-895a-a1773a52e584","\Microsoft Visio 2016\Visio Options\Security\Trust Center","Trusted Location #20"
"5579a0f3-4909-4a3b-addc-f057c706810e","\Microsoft Edge","Allow import of data from other browsers on each Microsoft Edge launch"
"8bbb769e-9c02-4838-9474-bea04ec305f2","\Microsoft Outlook 2016\Account Settings\SharePoint Lists","Default SharePoint lists"
"f91cf896-ca4f-4e84-ad22-41027ac458e3","\Google\Google Chrome\Deprecated policies","Enable AutoFill"
"8f7b7387-e38a-4905-90d2-5f185a172d83","\Microsoft Outlook 2016\Security\Security Form Settings\Programmatic Security","Configure Simple MAPI name resolution prompt"
"c7186cf5-3bbe-40cf-91fd-c1fbb3092d43","\Microsoft Edge - Default Settings (users can override)","Block third party cookies"
"c209af08-e9d2-431c-9fec-101f71166a90","\Microsoft Outlook 2016\Meeting Workspace","Default servers and data for Meeting Workspaces"
"69bcef8d-9021-4b59-b868-7693429b7bd5","\Microsoft Outlook 2016\Outlook Options\Mail\Compose Messages","Specify wait time to evaluate sensitive content"
"9a4cedf4-8370-49a7-b783-21360045b93a","\Microsoft Access 2016\Application Settings\Security\Trust Center\Trusted Locations","Trusted Location #1"
"a3a07e54-5992-496f-b6d0-643422616ea0","\Microsoft Edge - Default Settings (users can override)","Allow download restrictions"
"5d76d1fd-8d79-43bd-886e-d58d79330087","\Google\Google Chrome\Removed policies","Enable chrome://devices"
"08f73320-3f55-4a37-b7a1-981f9157f07c","\Google\Google Chrome\Content settings","Default sensors setting"
"f8e77061-8c22-4f33-a759-687b8a355a10","\Microsoft Word 2016\Disable Items in User Interface\Predefined","Disable predefined commands"
"29e84fd2-2414-4a87-beef-0655b1e658a3","\Microsoft Outlook 2016\Outlook Options\Preferences\Search Options","Disable Hybrid Searching"
"061592bf-e1cb-455d-8da0-4db380dae417","\Microsoft Edge","Search in Sidebar enabled"
"cbb6e8a6-7c6e-4b81-a2d4-ed0231127a31","\Microsoft Edge - Default Settings (users can override)","Allow importing of startup page settings"
"9584271a-b27a-4cc5-b41f-4894904d3304","\Google\Google Chrome\Default search provider","Parameters for search URL which uses POST"
"5ff913e5-c6f9-4c50-a8eb-0659e9a3b8cd","\Microsoft Visio 2016\Visio Options\Advanced\File Locations","My Shapes"
"3e50e2dd-9df3-4772-b920-cbbcc3132e21","\Microsoft Office 2016 (Machine)\Security Settings","Disable Password Caching"
"62796ac8-37ed-4092-bb1e-990cf08cb165","\Microsoft Word 2016\Word Options\Advanced","Show picture placeholders"
"a71da557-1854-4a03-b3d5-dcdd24da006b","\Microsoft OneNote 2016\OneNote Options\Display","Show Note Containers"
"53c6536d-5603-4ffd-aaad-9abf9ae9cb5a","\Microsoft Office 2016\Security Settings\Digital Signatures","Specify timestamp server name"
"92244159-75f9-4751-8b01-28c8cf2c67ad","\Google\Google Chrome","Control SafeSites adult content filtering."
"a25341ad-d6af-4747-8027-d8f42dae1c50","\Google\Google Chrome","Allow the listed sites to make requests to more-private network endpoints from insecure contexts."
"dd29a62f-e1f4-4a26-a5be-edd3070ff9a9","\Google\Google Chrome\Removed policies","Enable showing the welcome page on the first browser launch following OS upgrade"
"6d911d7b-0a16-412f-9a82-d1467bb439f1","\Microsoft Office 2016\Language Preferences\Editing Languages\Enabled Editing Languages","Papiamento"
"af81b716-8669-4ed0-83ce-4e97d1a67b5b","\Microsoft PowerPoint 2016\PowerPoint Options\Security\Trust Center\Trusted Locations","Trusted Location #4"
"f33bd400-33df-485b-8078-cbeeb838cf0a","\Microsoft Word 2016\Word Options\Security\Trust Center","Set maximum number of trusted documents"
"7a4b2b76-6244-4280-8857-d64bf8936776","\Microsoft Office 2016\Collaboration Settings\Default message text for a reply...","With a simple Web discussions link"
"271001f5-cc87-4ab6-b7f1-af3b51b85320","\Microsoft Outlook 2016\Security\Trust Center","Show Outlook Loop components for supported apps."
"70ab6324-7e83-4ef6-8556-0262d408ea2a","\Microsoft Edge - Default Settings (users can override)","Enable resolution of navigation errors using a web service"
"2c3a421d-b7df-4e65-b601-12a87e28203a","\Microsoft Office 2016\Language Preferences\Editing Languages\Enabled Editing Languages","Upper Sorbian"
"a7a746f8-2a4f-4b99-97d4-00686df535fa","\Microsoft Office 2016\Language Preferences\Editing Languages\Enabled Editing Languages","Xitsonga"
"5aa9a712-519d-4b75-bed4-7e8b4777b941","\FSLogix\Profile Containers","Install Appx Packages"
"0246f0ad-1cc8-484c-961c-4e9a5c6e58cf","\Microsoft Edge","Configure reporting of IE Mode user list entries to the M365 Admin Center Site Lists app"
"2e350fa8-e488-4e1e-b9f9-6a8116ffe19b","\Microsoft Office 2016\Language Preferences\Editing Languages\Enabled Editing Languages","Cherokee"
"b17a75ad-fd77-4fce-8b95-1c3a4a19c7cc","\Microsoft Word 2016\Miscellaneous","Disable MRU list in font dropdown"
"aa5198ee-71ab-447d-8482-ec007b14e5f5","\Microsoft Project 2016\Project Options\Schedule\Scheduling options for 'Project1'","Set default start date for new tasks"
"5839bed2-9ef5-4f09-9f9b-cf1c4ea297e2","\Google\Google Chrome\Legacy Browser Support","Path to Chrome for switching from the alternative browser."
"4fb21606-cf83-418a-b05a-9a098d62a4da","\Microsoft Office 2016\Security Settings\Trust Center","Trusted Location #13"
"660476d5-3be5-48aa-b480-cbc5364b7373","\Microsoft Office 2016\Microsoft Office Document Cache","Open documents from Office Document Cache first"
"b13444dd-32eb-4e68-a86a-ec41abe0992e","\Microsoft Outlook 2016\Account Settings\Exchange\Cached Exchange Mode","Cached Exchange Mode (File | Cached Exchange Mode)"
"69a9ead9-4093-4bc8-af64-a02c79e9b117","\Microsoft Office 2016\Language Preferences\Editing Languages\Enabled Editing Languages","Venda"
"ee6c59f7-f5e9-4e6f-ba27-b8bcadba7e59","\Google\Google Chrome\Removed policies","Block the Flash plugin on these sites"
"44c6457a-39e1-4c2a-aca9-ad1512e0eb13","\Microsoft Edge\Printing","Print using system print dialog"
"c0e87bb8-ff06-4656-9eba-3636a2bb6ab1","\Google\Google Chrome","Browser sign in settings"
"4701e099-0695-4455-b241-6c74d965c28b","\Microsoft Edge\Extensions","Configure extension management settings"
"63c5c11c-b53c-42c3-bdfc-00c201e07f88","\Microsoft Publisher 2016\Disable Items in User Interface\Predefined","Disable predefined commands"
"e7d03bfb-b3d1-4a3d-9677-7df97cbdf92c","\Google\Google Chrome","Enable Bookmark Bar"
"f7828cbb-6ce1-490a-a04f-3c4ed53ce1e2","\Microsoft Excel 2016\Miscellaneous","Graph gallery path"
"cd880aae-d675-4484-9e37-ddfe518352cf","\Microsoft PowerPoint 2016\PowerPoint Options\Security\Trust Center","Block macros from running in Office files from the internet"
"77e4d527-4fe9-49a1-9d12-f64e986d1da6","\Microsoft OneNote 2016\OneNote Options\Other","Turn off support diagnostics in OneNote"
"bf497e55-a02d-4e01-bd2c-303cc9291b4e","\Google\Google Chrome\Startup, Home page and New Tab page","URLs to open on startup"
"db6e1cf2-b04f-40c8-a9ea-ec0785675367","\Microsoft Outlook 2016\Security\Security Form Settings\Attachment Security","Do not prompt about Level 1 attachments when closing an item"
"f977b443-dc12-4584-86fe-c2a206e55c9d","\Microsoft Office 2016\Microsoft Office SmartArt","Disable Built-in Quick Styles"
"972be446-91aa-4113-a11a-8b5207f97c48","\Google\Google Chrome","Enable or disable spell checking web service"
"f7ecae23-5cf2-45dd-9f06-b184ced1b70a","\Microsoft Edge\Content settings","Automatically grant sites permission to connect to USB serial devices"
"65fab640-3f06-42a0-8f8e-a80b7e7ddf57","\Google\Google Chrome - Default Settings (users can override)","Import search engines from default browser on first run"
"2c668b9e-ec3d-4889-9d73-47f50e2babaa","\Microsoft Edge","Automatically import another browser's data and settings at first run"
"91c1af15-6e1e-43ed-8059-2a4dbd9dbd72","\Microsoft Visio 2016\Visio Options\Security\Trust Center","Trusted Location #11"
"57c9f3ad-6a16-4192-93f0-d7e79094a9c4","\Microsoft Office 2016\Graph settings","Enable MS Graph as Default Chart Tool in PowerPoint and Word"
"fd46058f-b82d-4097-8761-43cf0982d919","\Microsoft Edge\Cast","Show the cast icon in the toolbar"
"25869bab-f619-4b3f-b2d9-99e3a6b0a542","\Microsoft Excel 2016\Excel Options\Security\Trust Center","Turn off Trusted Documents on the network"
"dc946186-63aa-482a-b506-25f85ee9347b","\Microsoft Outlook 2016\Miscellaneous\PST Settings","PST Null Data on Delete"
"98348ac2-8cca-40da-9a86-1325f8c47831","\Microsoft Office 2016\Contact Card\Contact Tab","Replace Label - Profile"
"5e8eb02e-0cc6-4308-94e4-3ef37960fe33","\Microsoft Outlook 2016\Outlook Options\Preferences\Calendar Options","Reduce the end time of long appointments and meetings by a specified number of minutes"
"aea0c13a-7662-4cc0-b973-e875c8a74cb5","\Google\Google Chrome\HTTP authentication","Cross-origin HTTP Authentication prompts"
"1f237465-e835-49fa-8c71-ccafcead93e9","\Microsoft Edge","Keep the active Microsoft Edge window with an Internet Explorer mode tab always in the foreground."
"1b2d9440-d9fa-4ddb-b725-f3762233f283","\Microsoft Office 2016\Language Preferences\Editing Languages\Enabled Editing Languages","Quechua (Peru)"
"7d5a17ca-3d3c-4eaa-b7e5-2f6b09295b34","\Microsoft Office 2016 (Machine)\Updates","Online Repair"
"08955ec2-bbba-4946-8e79-f95afb56ddb7","\Microsoft PowerPoint 2016\PowerPoint Options\Security\Trust Center","VBA Macro Notification Settings"
"e33d830a-bdb8-45fa-9cc4-963bff42e690","\Google\Google Chrome - Default Settings (users can override)\Default search provider","Default search provider search URL"
"66a312cc-22fe-473c-b9dd-cae5c75bb10c","\Microsoft Edge\Proxy server","Set the proxy .pac file URL (deprecated)"
"92f6d962-ccd1-4749-b3af-41a934754233","\Google\Google Chrome","Allow using the deprecated U2F Security Key API"
"7d3a773d-3723-4545-97fb-27695b453215","\Microsoft Office 2016 (Machine)\Licensing Settings","Use shared computer activation"
"a9a391ba-6fc7-4a4c-b3ca-b724be77ad61","\Microsoft Office 2016\Business Data\Database","Set maximum database instances limit"
"70ba66bd-2605-446d-af3a-248426801560","\Microsoft Edge","Allow download restrictions"
"627b3a32-1475-43a5-bb2f-4d98d4b4e9f9","\FSLogix\Profile Containers\Cloud Cache","CCD Max Cache Size in MBs"
"cdc41de6-810d-4b7c-aad4-7ac1d39845c7","\Microsoft Edge\Identity and sign-in","Guided Switch Enabled"
"aed8b12e-0010-4ae1-a5ae-40a1cf7f5e02","\Google\Google Chrome\Legacy Browser Support","Delay before launching alternative browser (milliseconds)"
"ddd440b0-bea3-4632-9e41-6a351d9d8038","\Microsoft Word 2016\Japanese Find","Ignore punctuation characters"
"22e3d64d-dfd0-473c-9e48-42626ddaca6c","\Microsoft Office 2016\Language Preferences\Editing Languages\Enabled Editing Languages","Irish (Ireland)"
"7726e40a-5335-469c-be33-294a4c55435a","\Microsoft Edge","Allow the Web widget at Windows startup"
"d92d40f7-d3c8-42e6-8089-f8ffa5e748db","\Microsoft Edge - Default Settings (users can override)","Allow importing of startup page settings"
"924919b3-c635-4e8a-bcf1-8da4a7ed5eea","\Microsoft Office 2016 (Machine)\Updates","Target Version"
"27c4fb98-0ae5-44d8-8d09-840febab1c46","\Microsoft PowerPoint 2016\Miscellaneous","Disable Slide Update"
"e44011cd-6e22-4068-a722-4f3aa7d50423","\Microsoft Edge Update\Applications\Microsoft Edge","Allow installation"
"c6ce74a7-70e5-41f8-99cb-d94d25d7ecda","\Microsoft Edge - Default Settings (users can override)\HTTP authentication","Windows Hello For HTTP Auth Enabled"
"679c894d-9e75-47b1-b647-b7b6cba6d043","\Google\Google Chrome\Deprecated policies","Allow access to a list of URLs"
"5bb76d44-d0ec-4b5e-bebe-b067b27a188e","\Microsoft Outlook 2016\Outlook Options\Preferences\E-mail Options","Change CTRL+ENTER shortcut behavior"
"3692a39e-4483-4a18-922a-060006895636","\Microsoft Edge","Delete old browser data on migration"
"61ea7642-f09b-4260-9dde-614fd1ff6cf7","\Microsoft Edge","Allow Pin to taskbar wizard"
"832854fa-bd5b-4a87-84ba-3db1601aca0e","\Microsoft Edge","Show Microsoft Rewards experiences"
"aeb171e4-208e-43e6-80c7-673e7e1cd47e","\Microsoft Edge","Allow importing of Cookies"
"e59684c4-b4bc-452f-b866-11ddc85ce44e","\Google\Google Chrome\Removed policies","Default key generation setting"
"4ba54242-54ae-4187-a805-c8bec1c5c3ad","\Microsoft Office 2016 (Machine)\Global Options\Customize","Default Office theme"
"a5f6e2da-5648-457e-bafe-78da79db66a8","\Microsoft Office 2016 (Machine)\Miscellaneous","Show the Update Channel option to allow users to select an update channel"
"f9a222ad-3a84-463b-a271-75359483b165","\Microsoft Edge","Control the new behavior for event dispatching on disabled form controls"
"67031003-9731-4234-b76d-678993cc2d62","\Microsoft Office 2016\Security Settings\Trust Center","Trusted Location #3"
"41a64522-c4bf-4abd-9d55-d8c6401d382c","\Microsoft Edge WebView2\Loader Override Settings","Configure the WebView2 release channels"
"2abff3ea-be4e-4bb1-a55c-c479eecd2513","\Google\Google Chrome","Import browsing history from default browser on first run"
"d042de0d-2328-407c-8643-77d224255672","\Google\Google Chrome - Default Settings (users can override)\Password manager","Enable saving passwords to the password manager"
"d9d36d47-c502-4ea9-82b1-92ab030c653d","\Google\Google Chrome\Content settings","Control use of insecure content exceptions"
"478f2a4c-1bb1-4551-a1aa-d6d565af5934","\Microsoft Outlook 2016\Folder Home Pages for Outlook Special Folders","Sent Items Folder Home Page"
"61e937a6-78bb-42e2-b429-5be8e1635010","\Microsoft Edge","Enable deprecated/removed Mutation Events"
"2110c76d-931d-4566-b953-03f602adba57","\Microsoft Edge\Content settings","Default Window Management permission setting"
"83991532-1ff7-45e2-b583-3159c069649f","\Microsoft Office 2016\AutoSave","[Deprecated] Don’t AutoSave files in Excel"
"64fa1c3a-9e5d-4689-9818-cfee2d30cade","\Google\Google Chrome - Default Settings (users can override)\Default search provider","Parameter providing search-by-image feature for the default search provider"
"974912c1-5c41-4e52-9e4c-482f0049d891","\Google\Google Chrome - Default Settings (users can override)\Default search provider","Default search provider search URL"
"e3460d96-18e9-408a-a046-b45b71981f8a","\FSLogix\Cloud Cache Service","Write Cache Directory"
"14d56382-bb3b-4dc7-aee9-5ce636f89803","\Microsoft Word 2016\Word Options\Advanced","Automatically create drawing canvas when inserting AutoShapes"
"f19cb312-876a-4d78-a0d8-e27044f7eb92","\Microsoft Outlook 2016\Outlook Options\Other\Advanced","Do not allow Outlook object model scripts to run for shared folders"
"12afc5de-d90d-4918-85f6-d59427721ff9","\Google\Google Chrome\Removed policies","Use a default referrer policy of no-referrer-when-downgrade."
"76fd10a7-0ab9-43f9-8af6-c7afc7745edc","\Microsoft Outlook 2016\Security\Cryptography","Minimum encryption settings"
"8e805bdc-c012-416f-8c96-792655740ace","\Microsoft Edge\HTTP authentication","Disable CNAME lookup when negotiating Kerberos authentication"
"3f96a4b1-99d1-4795-8889-cf0df5bee166","\Google\Google Chrome","Refresh rate for user policy"
"895f3fd4-def4-42e0-89f2-f005076f9a94","\Microsoft Edge","Allow Google Cast to connect to Cast devices on all IP addresses"
"7b382667-5fbe-46f4-80c8-dd1217df2f02","\Microsoft Edge","Show an ""Always open"" checkbox in external protocol dialog"
"596088e7-b9b9-42ac-889c-621aa607c425","\Google\Google Chrome - Default Settings (users can override)\Content settings","Register protocol handlers"
"98ff59d3-610a-4f74-a026-ec1ef7ef3929","\Skype for Business 2016\Microsoft Lync Feature Policies","Disable server version check"
"99098e8a-c602-4e51-b2a5-b9913c214624","\Microsoft Excel 2016\Disable Items in User Interface\Predefined","Disable predefined commands"
"c2e86178-a848-49a4-8966-6672927a295b","\Microsoft Edge WebView2\Network settings","Block truncated cookies"
"029d8c74-9647-4609-9d71-df2109f2b841","\Microsoft Office 2016\Miscellaneous","Use legacy translation features"
"c0eb9f7e-9350-4027-b660-6b7a69f4432d","\Microsoft Office 2016\Collaboration Settings","When choosing 'Send for Review...'"
"fdfedea9-c9d1-4109-9b59-883cfe2d861a","\Microsoft Edge\HTTP authentication","Supported authentication schemes"
"0b1f08e9-481a-4cf7-a939-effe867379d9","\Microsoft Excel 2016\Excel Options\Security\Trust Center\Trusted Locations","Trusted Location #5"
"338133a3-7c39-4839-a123-2a51d5c0292f","\Microsoft Excel 2016\Power BI","Disable displaying organization name in the buttons to create PivotTables from Power BI datasets"
"a50661fc-0898-4f9d-a707-ebe55920b617","\Microsoft Office 2016\IME (Japanese)","Set comment fields for Outlook Global Address List Dictionary"
"158ecafb-d03a-4d90-aed6-f8ec9b4d4f7e","\OneDrive","Allow users to choose how to handle Office file sync conflicts"
"4f6bb3a6-107f-4493-9e4e-2f93bdd2a3d9","\Microsoft Outlook 2016\Account Settings\Exchange\Offline Address Book","Offline Address Book: Prompt before Downloading Full OAB"
"7aa30f1b-3a58-437b-8971-7231d6f25c13","\Microsoft Edge","Allow single sign-on for Microsoft sites using this profile"
"ccfb5365-0f7d-4266-bdfe-1f60e4438249","\Google\Google Chrome\Remote access","Enable firewall traversal from remote access host"
"d20382d7-04e4-442f-974c-ff587a5f61b7","\Microsoft Excel 2016\Excel Options\Security\Trust Center\Trusted Locations","Trusted Location #10"
"c9995e03-b81a-4f71-b76e-809ae881f7af","\Microsoft Edge","Microsoft Edge built-in PDF reader powered by Adobe Acrobat enabled"
"65088757-4f47-406c-a524-d863cfd1941f","\Microsoft Office 2016\Language Preferences\Editing Languages\Enabled Editing Languages","Quechua (Ecuador)"
"be4e06e8-7487-40b6-9191-8746bdf7f3c1","\Microsoft Office 2016\Miscellaneous","Turn off roaming of file names and metadata by server domain"
"2b73ccf6-0ea1-46bb-bb67-45e90c94c40b","\Microsoft Edge","Enable specific spellcheck languages"
"cd864b8f-2554-452a-a322-75a96c5a5b28","\Microsoft Office 2016\Miscellaneous","Disable web view in the Office file dialog boxes"
"902bc8bb-f472-4cb4-b9b9-627db3f1a826","\Microsoft Office 2016\File Open/Save dialog box\Places Bar Locations","Places Bar Location 2"
"0f2f97de-4cd7-4f3a-bf62-c2647642ac7c","\Microsoft Office 2016\Miscellaneous","Disable Training of all features for the user"
"b0894531-7f05-41ab-9405-b40dbdbc460a","\Microsoft Edge","Edge Wallet E-Tree Enabled"
"645a249a-4f68-4358-84a3-917b3b50c18b","\Microsoft OneNote 2016\OneNote Options\Other","Default unit of measurement used in OneNote"
"4461622e-d95d-4bf9-87ff-13804e1bb23c","\Visual Studio\Copilot Settings","Disable Copilot"
"6af75229-a022-4d4d-ad15-a16c1e3a8e7a","\FSLogix\Profile Containers","Enabled"
"820e0fd9-ec30-46e7-9d8f-015062c4ce6f","\Microsoft PowerPoint 2016\Miscellaneous","Show custom templates tab by default in PowerPoint on the Office Start screen and in File | New"
"5020ed63-09e5-4622-89b1-d28e77ee3077","\Microsoft Office 2016\Tools | Options | General | Web Options...\Encoding","Default or specific encoding"
"24bec81e-a596-4fc1-867b-0256114a19a4","\OneDrive","Prompt users to move Windows known folders to OneDrive "
"0f357dfb-2936-4d8b-8775-826cad188628","\Google\Google Chrome\Default search provider","Default search provider name"
"9565da35-87f5-4c2e-af86-aad6dbfd89d4","\Microsoft Edge\Startup, home page and new tab page","Set new tab page company logo (obsolete)"
"ff7fd1ad-c96c-4cd6-9a79-59b22ebbb3e8","\Microsoft Edge","Allow access to sensors on specific sites"
"1ab95605-5a8a-4f5c-b82b-dd72b408c427","\Microsoft Office 2016\Collaboration Settings\Default message text for a review request...","Only containing an attachment"
"d95e9464-5f1c-4008-9fe7-d8f78641a18c","\Microsoft Word 2016\Word Options\Security\Trust Center\File Block Settings","Word 2 and earlier binary documents and templates"
"c0434d36-5c21-4e26-a6f3-67591a3d8762","\Microsoft Office 2016\Shared paths","Workgroup building blocks path"
"60e4f0d7-9d39-4fac-8245-6ab795053999","\Microsoft Office 2016\Language Preferences\Editing Languages\Enabled Editing Languages","Tigrinya (Eritrea)"
"d6df6725-2835-4b68-beb0-190e13e94726","\Microsoft Office 2016\Security Settings","Set password rules level"
"e9ae5f16-5d3d-471d-b9d2-4bd6c390cc0f","\Microsoft Excel 2016\Excel Options\Security\Trust Center\External Content","Don’t allow Dynamic Data Exchange (DDE) server launch in Excel"
"76fa5b1b-4ef8-4abc-ac9d-62efe77aca6a","\Microsoft Excel 2016\Excel Options\Security\Trust Center\Trusted Locations","Trusted Location #8"
"761d3c6d-6ca4-424e-aa26-2966a4e22d28","\Skype for Business 2016\Microsoft Lync Feature Policies","Specify server"
"d8f63b30-9a37-41f4-bcc5-74ab91e83235","\Microsoft Project 2016\Project Options\Save\Auto Save Options","Save Interval"
"03f3fef7-7679-4058-a4a6-6ce2e4f3de6f","\Microsoft Excel 2016\Miscellaneous","Do not cache network files locally"
"18645d0d-0dcc-40df-9906-6d214f443f97","\Microsoft Edge","Set the time interval for relaunch"
"f6597534-3f39-4e1f-82aa-6c283d78b371","\Microsoft Word 2016\Word Options\Proofing\AutoFormat as you type\Automatically as you type","Format beginning of list item like the one before it"
"51cbefd5-a214-4b1f-8163-1473dbcf41ef","\Microsoft Edge\Default search provider","Enable the default search provider"
"26ecf521-84da-4e71-8d99-5e38b34d7883","\Google\Google Chrome\Other","Prompt for the client certificate when multiple certificates match."
"8f6ced2c-020c-4bea-b158-7faf2fbe6020","\Microsoft OneNote 2016\OneNote Options\Add-ins","Disable OneNote COM API"
"b56b02d0-bd63-4d37-87af-6b382366bfb8","\Microsoft Office 2016\Language Preferences\Editing Languages\Enabled Editing Languages","English (New Zealand)"
"5af0270e-34e3-4951-aa6f-b43ff0bd3059","\Microsoft Office 2016\Language Preferences\Editing Languages\Enabled Editing Languages","German (Liechtenstein)"
"446786a9-73f3-4b6e-a715-23947748e112","\Microsoft Edge","Enable the User-Agent Client Hints feature (deprecated)"
"089f5a70-2c30-4f6c-ba55-67793d4c6195","\Microsoft Edge\Sleeping tabs settings","Set the background tab inactivity timeout for sleeping tabs"
"38de8259-2314-491b-9b8e-8c9cccb36d73","\Microsoft Excel 2016\Excel Options\Security","Force file extension to match file type"
"879de789-a876-4608-9449-909c670866bb","\Visual Studio\Install and Update Settings","Custom path to the update configuration file"
"a1a8aec9-6ec8-470a-8f92-067286a70140","\Microsoft Office 2016 (Machine)\Updates","Delay downloading and installing updates for Office"
"dc0b7deb-fc8e-46dd-987d-f351a0c22ec7","\Microsoft Visio 2016\Visio Options\Advanced\Display","Prevent showing New screen on launch"
"aee08ccf-7e6c-4c30-ae00-9c12cfaa1b13","\Google\Google Chrome\Deprecated policies","Enable Safe Browsing"
"06cfc492-42ac-49fc-88d3-e1a07553edbd","\Google\Google Chrome","Fetch keepalive duration on Shutdown"
"c641c91f-d280-4493-b475-03f1708c4130","\Microsoft Office 2016\Security Settings\Trust Center\Application Guard","Configure copy and paste from Office documents opened in Application Guard"
"5ee2acab-148f-4d55-9a55-217c8994f077","\Microsoft Office 2016\Language Preferences\Editing Languages\Enabled Editing Languages","Portuguese (Brazil)"
"f67eb4ea-9e41-4077-8aeb-d935d33f8f1e","\Google\Google Chrome\Content settings","Block images on these sites"
"8ba9f9b7-967c-4795-8b9c-2142a9f56208","\Visual Studio\Install and Update Settings","Hide the Available tab shown in the Visual Studio Installer"
"0adab01f-08ab-4f5e-87ca-20ee8091fc57","\Google\Google Chrome","Enable search suggestions"
"dc9e8e72-f681-4e2c-a8f3-e93ae9ff5733","\Microsoft Edge\Printing","Set the system default printer as the default printer"
"5fd54d28-0fb6-46a2-90f5-f0d6e8afcf42","\Microsoft Edge","Sets managed configuration values for websites to specific origins"
"f9de5937-2ff5-4c34-a5ec-d0d997787b68","\Microsoft Edge\SmartScreen settings","Configure Microsoft Defender SmartScreen"
"be5e04db-dfe1-482e-a2cc-ecbfe186ac1c","\Microsoft Edge\Immersive Reader settings","Enable Grammar Tools feature within Immersive Reader in Microsoft Edge"
"df47aa24-f5c7-4567-b62d-1d274db3515d","\Microsoft Edge\Proxy server","Set the proxy .pac file URL (deprecated)"
"9943b7dd-829a-41db-92fd-a7c402c26f0f","\Microsoft Edge","Allow importing of shortcuts"
"071fe7af-7803-4700-8714-bdae5cd2c230","\Microsoft Publisher 2016\Publisher Options\Advanced","Show ScreenTips on objects"
"76524ccb-c9de-4ca6-8c3b-f254ede15587","\Microsoft Word 2016\Word Options\Advanced\Web Options...\Files","Check if Word is the default editor for all other Web pages"
"ab733fce-500f-4c2b-b9d3-ccb5070c2f58","\List Sync","Disables silent configuration of Lists sync on this device."
"da590ba1-cab9-4ffa-bb88-412e00a0887e","\Microsoft Office 2016\Manage Restricted Permissions","Prevent users from changing permissions on rights managed content"
"c808bbff-2788-4c53-8ec7-5b919202ca5c","\Microsoft Word 2016\Word Options\Security\Trust Center","Set maximum number of trust records to preserve"
"11d37a85-8465-46e3-82a4-1c5ca56690e4","\Microsoft Word 2016\Word Options\Advanced","Show control characters"
"97ad7894-617e-4710-9099-7e4d4b685231","\Microsoft Excel 2016\Disable Items in User Interface\Custom","Disable shortcut keys"
"7fd04b50-4f42-44e2-a03c-27dfca7ad613","\Google\Google Chrome","Show an ""Always open"" checkbox in external protocol dialog."
"c6f7c1fd-a631-4e7b-a5bf-cc0d32866808","\Microsoft Word 2016\Miscellaneous","Show pictures in comments"
"47dc3d8d-1201-4fac-9a42-d64c0cfe59e7","\Microsoft Office 2016\Server Settings","Catalog Refresh Period"
"a1987b6e-fb79-4797-ac31-5792d485667d","\Microsoft Edge\Content settings","Allow images on these sites"
"2df4f603-9b9d-41fc-a4db-deb9218fcff6","\Microsoft Office 2016\Language Preferences\Editing Languages\Enabled Editing Languages","Arabic (Oman)"
"741ee4a2-2b9e-4b7c-97ab-375d71da777c","\Microsoft Edge\SmartScreen settings","Enable new SmartScreen library"
"251cc142-11cf-44d2-a405-00abe9544dcd","\Microsoft PowerPoint 2016\File Tab\Check Accessibility","Stop checking for media files which might need captions"
"5f80309b-76db-4048-90aa-cdf9bbd8b522","\Google\Google Chrome - Default Settings (users can override)\Default search provider","Default search provider icon"
"4c139703-3067-4030-99b2-a027b4cd1c26","\Google\Google Chrome\Deprecated policies","Force disable spellcheck languages"
"c7cebe38-1bf9-4ade-bccc-1fcfcf1d7889","\Microsoft Excel 2016\Excel Options\Advanced","Zoom on roll with IntelliMouse"
"1fb1a865-1e82-4868-929b-128a35c2986e","\Microsoft Office 2016\Security Settings","Encryption type for password protected Office 97-2003 files"
"cbe50940-146f-4640-b57c-738d3fb2508a","\Microsoft Edge\Edge Website Typo Protection settings","Prevent bypassing Edge Website Typo Protection prompts for sites"
"e5c43c5f-00d5-4559-a0a4-57977ab3857b","\Microsoft Project 2016\Project Options\View\Calendar Type","Calendar Type"
"59f9ab6b-f04d-4f61-a88d-99c98ed82332","\Microsoft Edge\Printing","Disable printer types on the deny list"
"b0689b0a-b725-4070-a5bf-32be09e495cf","\Microsoft Edge","Enable search suggestions"
"8d9ef5a8-49af-4d88-a488-4e8c4a360268","\Microsoft Edge - Default Settings (users can override)\Identity and sign-in","Enable sign in click to action dialog"
"61b07a01-7e60-4127-b086-f6b32458a5c5","\OneDrive","Use OneDrive Files On-Demand"
"2e7d65da-9596-4ad1-8af9-7d99bd304086","\Microsoft Word 2016\Word Options\Advanced","Show text wrapped within the document window"
"744605b1-97e7-4145-a760-0ece59558d4b","\Microsoft Edge\Printing","Disable printer types on the deny list"
"28a24ed6-0117-40fb-8590-d80096fbc410","\Microsoft Outlook 2016\MIME to MAPI Conversion","Change the limit for the number of recipients"
"5e405598-9e42-477e-83ba-d54a2e325003","\Google\Google Chrome\Safe Browsing settings","Configure the list of enterprise login URLs where password protection service should capture salted hashes of passwords."
"a965fad9-ff4a-4ec2-9ff1-b52abcd3c5b2","\Microsoft Edge - Default Settings (users can override)","Set download directory"
"8cd4871f-8cd8-4c36-9845-b199809d618b","\Microsoft Edge\Content settings","Block notifications on specific sites"
"a6002c5e-fbe9-4d53-a3dd-c8a134811757","\Microsoft Edge - Default Settings (users can override)\Performance","Configure when efficiency mode should become active"
"9b26e1df-26d0-4e9f-baf3-7a8354bc05c9","\Google\Google Chrome\Removed policies","Suppress the Google Chrome Frame turndown prompt"
"ac831665-fd5a-4fe6-be2c-837542c96332","\Microsoft Edge\Content settings","Block the WebHID API on these sites"
"ba79942d-f172-40b2-8d78-a861784e6b53","\Google\Google Chrome","Clear Browsing Data on Exit"
"3c5fd9e6-a1c7-4536-a7ee-3c81b7d21f96","\Microsoft Office 2016\Security Settings\Digital Signatures","Configure invalid DSA public key size"
"3deb083d-473a-45a8-b1f7-d294e3464090","\FSLogix\ODFC Containers","VHDX Sector Size"
"9db2ff53-55e1-4744-b75a-8f37a58aa2e5","\Microsoft Office 2016\Language Preferences\Editing Languages\Enabled Editing Languages","Alsatian"
"c3127524-6cec-4418-bc43-71b1114b6915","\Google\Google Chrome","Google Chrome cloud policy overrides Platform policy."
"585d1133-71c4-4bf0-9723-a28abbeaa69b","\Microsoft Edge\Network settings","Enable zstd content encoding support"
"0a2e8856-42ec-4247-be30-9ac15c56b4fa","\Microsoft Edge","Configure the Enterprise Mode Cloud Site List"
"1fbc6042-edd5-45fe-b120-c4f55bde10b1","\Microsoft Edge","Disable Certificate Transparency enforcement for a list of legacy certificate authorities"
"8a82582f-a0be-4f54-a3a3-f67b5a60f4ad","\Microsoft Outlook 2016\Outlook Options\Preferences\Calendar Options","Do not regenerate meetings"
"e05bd85b-f27f-4be2-9801-9154c4c5ba12","\Microsoft Word 2016\Word Options\Security\Trust Center\File Block Settings","Office Open XML converters for Word"
"a6dac849-e120-44bb-b93b-d5e67b86a6cb","\Google\Google Chrome\Removed policies","Clear site data on browser shutdown (deprecated)"
"8a1adc1f-2e3f-4fa7-8bbb-8332d15b3b96","\Google\Google Chrome\Removed policies","Enable PAC URL stripping (for https://)"
"ab819a3a-c306-4fb6-a2ce-cc971156250e","\Microsoft Edge","Block the Serial API on specific sites"
"263b151c-a347-4032-9f6d-4acb941d050c","\Microsoft Excel 2016\Excel Options\Security\Trust Center\Trusted Locations","Trusted Location #15"
"bd22af89-8d02-48b7-8538-de179adf7872","\Microsoft Outlook 2016\Account Settings\E-mail","Prevent Office 365 E-mail accounts from being configured within a simplified Interface"
"9121c722-8b33-4a15-a8f4-100c81cf7b0c","\Microsoft Office 2016\What's New","Don’t show the What’s New information for Word"
"9874f1bb-e4d7-4a30-a1f3-d5fabab82502","\Windows Subsystem For Linux","Allow custom networking configuration"
"26bde711-7305-464c-8e66-f36b4e6bf5c1","\Microsoft Office 2016\Tools | Options | Spelling","Process compound nouns"
"d9a05487-f221-417a-abcf-5cefdfa1dbb1","\Microsoft Excel 2016\Miscellaneous\Server Settings","Turn off file synchronization via SOAP over HTTP"
"fed31b37-1726-41a3-8b2c-af0c638190c8","\Microsoft Office 2016\Language Preferences\Editing Languages\Enabled Editing Languages","Spanish (United States)"
"76fa2282-ee3b-41c4-a08b-58cfaa5adfe7","\Microsoft Word 2016\Review Tab\Chinese Conversion | Convert with Options","Translation direction"
"43984a71-d701-4711-a1c3-ea374e209077","\Google\Google Chrome\Extensions","Extension management settings"
"dfae387f-b15f-4b32-a2b0-10de21c04832","\Microsoft Outlook 2016\Outlook Today Settings","Outlook Today availability"
"1f781885-90ab-4135-82c3-bfe49f551da9","\Google\Google Chrome\Content settings","Control use of the WebUSB API"
"3d8b4372-f547-44c9-bfd0-c61b39f830cf","\Microsoft Edge","Allow users to proceed from the HTTPS warning page"
"b7891973-e5d2-45b4-bf40-d6c5ff64860b","\Microsoft OneNote 2016\OneNote Options\E-mail","Add signature to OneNote email messages"
"8adab887-b784-47be-ba5a-440604b98573","\Google\Google Chrome - Default Settings (users can override)","Enable AutoFill for addresses"
"dcb1cd8d-f57a-4295-b345-55eb5ee061ea","\Microsoft Office 2016\Miscellaneous","Show recommended files on the File tab or start page"
"0217686a-3d7b-4247-a156-a364391f5855","\Microsoft Edge","Sites that can access video capture devices without requesting permission"
"fd0c0801-577f-446f-a36f-3e064dc018e9","\Microsoft Office 2016\Language Preferences\Editing Languages\Enabled Editing Languages","Sakha"
"e6bd92ef-9938-42e6-bc03-69831a91bb4f","\FSLogix\ODFC Containers\Cloud Cache","Clear Cache On Forced Unregister"
"a7df08c0-4e3e-40a0-bd4a-321579eb05ba","\Microsoft Excel 2016\Excel Options\Security\Trust Center\Protected View","Do not open files from the internet zone in Protected View"
"cfb9743f-bd3c-42b4-93c4-5ff93f293152","\Google\Google Chrome\Deprecated policies","Enable Native Window Occlusion"
"5e158d36-5b6e-42be-93c6-490b63dc0fec","\Microsoft Visio 2016\Visio Options\Security\Trust Center","Turn off trusted documents"
"c84af05c-1e29-491b-ba02-c17f4b457857","\Microsoft Edge","Configure the Share experience"
"05997db9-af93-4428-84dd-1475f1bb4074","\Microsoft Visio 2016\Visio Options\Save\Save Documents","Save Visio files as"
"1aef0507-0acf-40e5-a708-09d9fe30a548","\Microsoft Outlook 2016\Outlook Social Connector","Do not download contact photos from Active Directory"
"b8f315ef-858b-4bd2-981c-6b93e6512a25","\Microsoft Edge\Startup, home page and new tab page","Configure the Microsoft Edge new tab page experience (deprecated)"
"ec39eb53-a03b-4e2f-a2d1-b2ffd9383837","\Microsoft Office 2016\Smart Documents (Word, Excel)","Disable Smart Document's use of manifests"
"57ab1373-417f-4b99-bb43-d32aceb52c2e","\Google\Google Chrome\Deprecated policies","Configure the required domain name for remote access clients"
"26f1246f-07d2-4db9-8705-7b83f4735410","\Microsoft Edge\Password manager and protection","Configures a setting that asks users to enter their device password while using password autofill"
"c8cf2942-4a84-475d-a967-021a98a026a1","\Microsoft Edge","Force synchronization of browser data and do not show the sync consent prompt"
"754e39f2-e627-4bdb-8259-b3a0ea1a97bb","\Microsoft Edge","Configure how frequently the Enterprise Mode Site List is refreshed"
"5cd1be24-9292-4ff9-b096-26028eeacc43","\Microsoft Edge","Enable Ambient Authentication for InPrivate and Guest profiles"
"08a1cf78-b04f-487f-aad0-cedd203e2646","\Microsoft Office 2016\Language Preferences\Editing Languages\Enabled Editing Languages","Quechua (Bolivia)"
"78a7e29c-c5ae-417e-bb14-900f3545b0c9","\Microsoft Excel 2016\Excel Options\Security\Cryptography","Set CNG cipher algorithm"
"c6728b4d-e621-4c82-8db6-c9f74bb475b6","\Microsoft Edge\Immersive Reader settings","Enable Picture Dictionary feature within Immersive Reader in Microsoft Edge"
"b73a0f88-d758-4190-8878-d606693036a8","\Microsoft OneNote 2016\OneNote Options\Security\Cryptography","Specify encryption compatibility"
"a51994cb-39cb-467b-a7c4-2dada9ea2f71","\Google\Google Chrome","Allow users to customize the background on the New Tab page"
"c92e2c14-b8b8-46d3-ad2f-88b6c1940fb2","\Visual Studio\Install and Update Settings","Opt out of administrator updates"
"7551f65d-84b3-46d2-9115-424d48cea8df","\Microsoft Office 2016\Miscellaneous\Workflow Cache","Workflow Cache 6"
"c3c312ec-e8c6-494d-8d29-925d685b842f","\Microsoft Office 2016\Language Preferences\Editing Languages","Primary Editing Language"
"8b83701f-bd69-464d-a109-36dd41fa3acc","\Microsoft Project 2016\Project Options\Calendar","Default start time"
"78f975e4-432d-4c1a-b43a-240d68266ca8","\Google\Google Chrome\Extensions","Blocks external extensions from being installed"
"48066ccc-18b3-469b-8a4d-c5c26b1a8bb8","\Google\Google Chrome\Default search provider","Default search provider keyword"
"c57eafb4-6346-4fd3-a983-cbdc5ce18c94","\Google\Google Chrome","Allow download restrictions"
"7e0442a7-41b1-4462-9208-71ba089ca25a","\Microsoft Excel 2016\Excel Options\Advanced\Web Options...\General","Load pictures from Web pages not created in Excel"
"58ddb62d-b6d6-4e84-a1c9-accd45a26037","\Microsoft Edge\Application Guard settings","Application Guard Favorites Sync Enabled"
"e05a20e4-dc00-414f-b8bd-7d8fb624c7ea","\Microsoft Edge\Printing","Print Rasterization Mode"
"bfff62ce-c324-4de9-ba7d-62c4a0078f92","\Microsoft Excel 2016\Excel Options\Advanced","Ask to update automatic links"
"d53a757c-638a-4076-bbc6-a8f77999314e","\Microsoft Edge","Enable the Collections feature"
"5f725649-c537-4056-9525-c307be22213e","\Microsoft Edge\Printing","Print Rasterize PDF DPI"
"145649ab-6327-47fc-9dd0-297ea3fc9070","\Microsoft Edge\Content settings","Automatically grant permission to these sites to connect to HID devices containing top-level collections with the given HID usage"
"19146b37-0eef-4137-9d10-1e1cc80ac998","\Microsoft Project 2016\Project Options\Security\Trust Center","Trusted Location #1"
"321e947d-9e22-4cfd-a7b3-55bd4131ca08","\Microsoft Office 2016\Global Options\Customize","List font names in their font"
"6c1a1fee-72ea-40ed-b218-5fb43eb3655a","\Microsoft Edge","Allow importing of favorites"
"83092d89-e5a3-4bfa-b852-80fc2acccf1f","\Google\Google Chrome","Disable saving browser history"
"6d912874-5c55-49b2-a366-b3a48ad33521","\Microsoft Office 2016\Language Preferences\Editing Languages\Enabled Editing Languages","Lithuanian"
"91501b8d-ab83-4b5c-8459-31c50df67e09","\Microsoft Outlook 2016\Security\Security Form Settings\Attachment Security","Do not prompt about Level 1 attachments when sending an item"
"6eef6c7e-b18b-4f0b-9523-1e7adb8018d0","\Microsoft Office 2016\Miscellaneous","Do not use hardware graphics acceleration"
"4e216d5b-242a-4854-9b12-31d33d0615c3","\Microsoft Edge","Force WebSQL to be enabled (obsolete)"
"3f264437-2ad0-41b8-902e-6b852ce40a9a","\Microsoft Word 2016\Word Options\Proofing\AutoFormat as you type\Apply as you type","Border lines"
"1e045649-a53d-4c1f-ab78-3436e00f9769","\Microsoft Office 2016\Security Settings\Trust Center\Application Guard","Turn off camera and microphone access for Office apps using Application Guard."
"d0790b21-fb8a-419e-8c9d-55505c16dfee","\Microsoft Access 2016\Application Settings\Security\Trust Center","Set maximum number of trusted documents"
"bc999e36-fc19-44f8-bb31-e1d2c20fb068","\Microsoft Office 2016\Contact Card","Turn off click to IM option"
"7360c046-4c0a-4861-80ee-722e0430cca3","\Microsoft Outlook 2016\Outlook Options\Preferences\E-mail Options","Read signed e-mail as plain text"
"ba5f2a63-5484-4f14-ac13-db48654f0c03","\Microsoft Word 2016\Word Options\Security\Cryptography","Specify CNG hash algorithm"
"23970f94-9036-4f77-ada3-e5a6560de317","\Microsoft Edge","Enable Discover access to page contents for AAD profiles"
"cfdd0f4a-84bc-42dc-8e9b-dd3ef4a339fb","\Google\Google Chrome - Default Settings (users can override)","Application locale"
"b6012d33-4ed7-4875-ba3e-ab349cdae8b8","\Microsoft Outlook 2016\Outlook Options\Preferences\Calendar Options\Office.com Sharing Service","Access to published calendars"
"d453e7e6-f087-4562-9e08-07d8e38a61f2","\Microsoft Edge","Set download directory"
"90353c0c-8df8-46d7-a9a9-391e701cfdeb","\Microsoft Outlook 2016\Outlook Options\Other","Number of days ""New Outlook auto migration"" should be paused after user untoggling back to Outlook Desktop"
"490038ad-37d8-4d13-8c56-bc41ebab0fd8","\Google\Google Chrome\Startup, Home page and New Tab page","Use New Tab Page as homepage"
"b20fce70-993b-4d32-bef8-80aa7adb9475","\Microsoft Outlook 2016\Miscellaneous\Miscellaneous","Prevent shutdown if external references exist"
"fc0eb79d-16a9-4883-b911-ea4b4cb94662","\Microsoft OneNote 2016\OneNote Options\Other","Disable embedded files"
"d5dae14e-78cb-4d01-bbdc-d5c07d484007","\Microsoft Publisher 2016\Publisher Options\Advanced","Use XPS-enhanced print path"
"1cce54be-6f66-4282-a625-7adb6ba31803","\Google\Google Chrome","Force Google SafeSearch"
"13b5d607-b07c-48a4-8e0f-7a48d7ccc121","\Microsoft PowerPoint 2016\File Tab\Check Accessibility","Stop checking to ensure a meaningful order of objects on slides"
"b5784aa3-d5b3-4861-b1c7-54fcd66a21ec","\Microsoft Office 2016\Language Preferences\Editing Languages\Enabled Editing Languages","Indonesian"
"7e81a732-4876-400c-9508-5d1d17c74cad","\Google\Google Chrome","Enable WPAD optimization"
"13cfef6b-0715-4837-909f-764bf9206656","\Microsoft Edge","Enable stricter treatment for mixed content (obsolete)"
"df0c16d2-ff69-47f5-a38e-e9e8de2997fd","\Microsoft Office 2016\Present Online\Presentation Services","Configure presentation service in PowerPoint and Word 6"
"0e0832bf-a9b7-48d5-b39a-67a055d10806","\Microsoft Edge","Save and fill memberships"
"1ecc2cda-67d2-474a-829b-4f88e97b7f55","\Microsoft Project 2016\Project Options\Security","Previous-version file formats"
"6d63dd72-8fbf-488d-99df-f51e4f4439f3","\Google\Google Chrome","Show history clusters on the Chrome history page"
"671e9627-99fe-4f08-9fb2-a1a4735b45c0","\Google\Google Chrome","Enable signin interception"
"dec7b20e-4508-49ad-9190-52076ae4c4e4","\Microsoft Outlook 2016\Meeting Workspace","Disable user entries to server list"
"cbd141d3-67b1-4c6d-a7c8-0ab316358f32","\Google\Google Chrome","Enable additional protections for users enrolled in the Advanced Protection program"
"e797f627-f276-4ae7-aec7-1779121df8bb","\Microsoft Edge\SmartScreen settings","Enable Microsoft Defender SmartScreen DNS requests"
"a3e74b41-4fa2-4385-aa29-55b69844fe4f","\Microsoft Edge\Kiosk Mode settings","Swipe gestures in Microsoft Edge kiosk mode enabled"
"f5622343-7982-4e8a-ae5a-8f928ab4dcc9","\Microsoft Outlook 2016\Account Settings\Exchange","RPC Proxy Server Name"
"d8741e52-7918-4d8c-9c68-1e47187afcd7","\Microsoft Word 2016\Word Options\Security\Trust Center\Trusted Locations","Trusted Location #1"
"27cf419c-ac85-4557-8c53-54097f4939ff","\Google\Google Chrome\Removed policies","Enable two-factor authentication for remote access hosts"
"49ac15ec-5da5-41a1-9710-f4e042fe4ad6","\Microsoft Office 2016\Web Archives","Save new Web pages as Web archives"
"aa6eca64-45f5-4abf-97da-c76a78563600","\Microsoft PowerPoint 2016\PowerPoint Options\Security","Run Programs"
"112d389c-7e73-408f-9c02-80b0bc3257f1","\Google\Google Chrome","Allow access to a list of URLs"
"d79f376b-3a40-4da7-8b06-d582809d7f99","\Microsoft Project 2016\Project Options\General\General options for 'Project1'","Automatically add new resources and tasks"
"f80a080f-5289-4358-91e2-a59bd6aae570","\Microsoft Edge","Allow queries to a Browser Network Time service"
"c55ca7c1-b8ed-48f6-bce3-cbf0c2fde5d0","\Microsoft Office 2016\Security Settings\Trust Center\Trusted Catalogs","Trusted Catalog Location #7"
"e16ab886-192a-400f-9b66-6678481fa3e5","\Microsoft Edge\Extensions","Blocklist for extension install types"
"0d9c32cc-fbe4-41b4-b382-a386796f62ab","\Microsoft Office 2016 (Machine)\Updates","Update Channel"
"545e4c04-eade-4c4a-a6d3-a6337f4988fc","\Google\Google Chrome","Allow proceeding from the SSL warning page on specific origins"
"9d45f499-fd95-4e98-ae8a-d3f666753e81","\Google\Google Chrome\Remote access","The maximum size, in bytes, that can be transferred between client and host via clipboard synchronization"
"339852da-20ef-46c7-829c-bf7d16a6fb4a","\Microsoft Word 2016\File Tab\Check Accessibility","Stop checking to ensure long documents use styles for structure"
"619d07bd-8b0f-4c46-8f87-62ed649faa7a","\Microsoft Excel 2016\Excel Options\Security\Trust Center\File Block Settings","Other data source files"
"9765198a-024b-499b-9ce4-32fd2844ee1c","\Microsoft Word 2016\Japanese Find","Match ba/va, ha/fa"
"f0293a18-f29b-4ed1-9a8b-8afddb3d37b3","\Visual Studio\Install and Update Settings","Disable downloading updates automatically"
"dbdb927f-9a5d-4ecb-b73f-8693ea0183f5","\Microsoft Edge","Configure Related Matches in Find on Page"
"3bf9f9df-ee3a-446f-b53e-243798b20b5b","\Microsoft Excel 2016\Excel Options\Security","Turn off file validation"
"06b379ba-b37f-4246-bcee-130d99164895","\Microsoft Visio 2016\Miscellaneous","Personal templates path for Visio"
"49475b23-59eb-470e-8962-a732c0c9039d","\Skype for Business 2016\Microsoft Lync Feature Policies","Allow storage of user passwords"
"e30ab583-b988-45f4-971b-8e4779b877a8","\Microsoft Office 2016\Language Preferences\Editing Languages\Enabled Editing Languages","Arabic (Egypt)"
"15a318cb-7770-4754-9564-3bdfa58dfd8c","\FSLogix\ODFC Containers","Include Teams"
"1a11b7a8-4384-4c6c-a7ee-267c8b232a0a","\Microsoft Word 2016\Word Options\Security\Trust Center\File Block Settings","OpenDocument Text files"
"bf94c594-a626-455b-847c-d219fc05ed25","\OneDrive","Specify SharePoint Server URL and organization name"
"e58be574-26d4-40c3-b0cd-ef1290ee12b7","\Microsoft Edge Update\Applications\Microsoft Edge Beta","Rollback to Target version"
"2a8acf12-5f61-43d5-8b07-46db8e759fbe","\Microsoft Project 2016\Project Options\Security\Cryptography","Specify CNG hash algorithm"
"7245c6ca-1275-44d8-996d-8ccef567cdeb","\Microsoft Edge","Configure how frequently the Enterprise Mode Site List is refreshed"
"427faa6a-c727-423c-8f48-cba57996e2ed","\Google\Google Chrome - Default Settings (users can override)\Removed policies","Enable network prediction"
"a9946c66-1c65-42f1-be33-bfda51f994d5","\Google\Google Chrome\Removed policies","Enable 3DES cipher suites in TLS"
"d08b1d6a-860a-4de0-bb9e-003b2b1deec7","\Microsoft PowerPoint 2016\PowerPoint Options\Security\Trust Center\Trusted Locations","Trusted Location #15"
"127ad12c-dfd9-4849-b0b9-b8a60a3a738a","\Microsoft OneNote 2016\OneNote Options\Save","Notebook Root"
"eaca8635-cefd-4f22-8a04-26a3007b2336","\Microsoft Outlook 2016\Security\Trust Center","Allow hyperlinks in suspected phishing e-mail messages"
"6f0db4fe-78f4-4225-a2de-86066f006e96","\Microsoft Office 2016\Security Settings\Trust Center","Trusted Location #16"
"19a810ac-7d55-4992-8e1a-04284f6ac46e","\Network Drive Mappings","Drive O"
"85363513-bd34-4c6c-b8ed-0b7d40d2011a","\Network Drive Mappings","Drive Y"
"d86c88e2-421c-441d-a88d-0ec45850332d","\Network Drive Mappings","Drive K"
"1adf08f6-344d-4300-b9b4-1d3d098a0778","\Network Drive Mappings","Drive Q"
"5a3c39b5-8fb4-4442-8d52-2acd22f95a1b","\Network Drive Mappings","Drive N"
"77b76697-5b2f-403c-97e6-2b35ce1ffe25","\Network Drive Mappings","Drive L"
"38e54e0f-0908-4252-9ffb-3ad4191b40d6","\Network Drive Mappings","Drive Z"
"445fb538-4639-4d91-8b8f-3fcec0d938ca","\Network Drive Mappings","Drive V"
"7f35c747-b360-4fdc-b94b-479eaa1f0f59","\Network Drive Mappings","Drive W"
"c0e5c011-47d8-412d-a13b-4cf1e61f00f7","\Network Drive Mappings","Drive F"
"ef7909d5-911c-492c-ac16-4e9739bda8e1","\Network Drive Mappings","Drive G"
"56b7c921-4ca9-4888-9e53-502a79c3b9fd","\Network Drive Mappings","Display a notification if a mapped drive fails to re-connect"
"50f61181-b50a-4dce-9f28-50b057dd8e2a","\Network Drive Mappings","Drive M"
"be2da123-1af7-459b-96a0-5112efe59798","\Network Drive Mappings","Drive E"
"2f8dfa4f-46b2-4117-b7eb-6a5b41196c7c","\Network Drive Mappings","Drive S"
"caf32b95-7762-4121-b293-6d6901a52462","\Network Drive Mappings","Drive P"
"0d77c25f-3c45-4702-8da9-8db7b50f4dde","\Network Drive Mappings","Drive D"
"bf982fb9-7524-4df0-8d3e-94005e01c6d3","\Network Drive Mappings","Drive T"
"fe47e89a-bc78-41b0-a23e-9e943964f7a5","\Network Drive Mappings","Drive X"
"a462671e-6039-47ca-9c84-9f40c355ebab","\Network Drive Mappings","Drive I"
"cae87013-f9cf-4dd8-8513-a68a03cb5632","\Network Drive Mappings","Drive U"
"7fa758d6-4202-4d68-b891-c5effdfb7b9a","\Network Drive Mappings","Drive J"
"11cd8223-dd4f-46c3-90a0-e7a37c391c89","\Network Drive Mappings","Drive R"
"d360c635-bfff-4219-a9e8-ef91f97ca45b","\Network Drive Mappings","Drive H"
