"Key","Value"
"9d1ac4a2-8e7e-432b-afe9-398a58fac1ee","ELS PER VERKAUF_003_OFFERTEN_001_Vorlagen_Auftragsvorlagen R"
"4594d654-15b9-4efb-91e3-adaeb10731d4","ELS Share PRJ"
"2edb5da3-6cbd-4c58-a192-94d288c6d239","ELS SP_Abteilungs-Seiten_PM RW"
"4523be14-1748-46cc-ab9c-8f9d20673ea5","ELS PER TECHNIK_Elektro_Messmittel RW"
"57dda341-1eb7-48b3-b3a0-8bbb1d8f640f","ELS PER ORGANISATION_Service RW"
"15ba64bc-ca9a-4eab-877b-a4a2ca7c45c1","ELS PER ORGANISATION_IT_Server R"
"993b299f-49c7-4403-a630-15fe895db06d","ELS PER ORGANISATION_Safety_and_Regulations RW"
"75cf78d1-d76d-4228-92f9-24aaf846064b","ELS PER APPLICATION_SSD RW"
"64b5da8e-13a8-484a-a191-2dd466b8a91d","ELS PER APPLICATION_TIM_FCTTIMPUBLIC RW"
"44694707-e9da-40ee-b88c-ce5df6fa48e0","ELS PER APPLICATION_Abacus_HEUS RW"
"613ffb70-1d49-4add-8585-ccfff7075283","ELS SP_Abteilungs-Seiten_Entwicklung_Entwicklungsberichte R"
"6c5b73d6-6440-4a58-8adf-e793051b5c64","MAG Domain Users"
"97bc9b5b-fc70-4bf0-ae15-f7ee3cc07e8a","ELS PER OPERATIONS_3ProduktionsnaheBereiche_3QSUmwelt RW"
"88d14965-da50-4eeb-893c-9a8a4ac7999b","ELS PER OPERATIONS_3ProduktionsnaheBereiche_2AVORLager RW"
"570c554f-811a-4c1c-b818-8b428d0d10c0","ELS PER TECHNIK_RnD_MarketInformation R"
"2b9ee7da-417f-4d5a-bec4-da3426918196","ELS PER TECHNIK_Zertifizierungen R"
"3cec0bf7-7dfb-40c0-a95d-f33d3de8fbf9","ELS PER TECHNIK_CAD_06_Standard Komponenten R"
"001fa4ee-5eba-4aaa-98a0-7c75e869a753","ELS SP_ICBP_HENL RW"
"117e455d-7f0d-45fe-a877-873bf5b88de5","ELS Function General Manager Europe"
"2c382d06-7566-4ba5-a06a-998b27976446","ELS PER TECHNIK_Labor_06Pr?fverfahren RW"
"e4bce3e3-c4e5-4c2f-b8b2-8ce887c7a8f6","ELS OLD Hug_Group_GF"
"38a3f914-1bb0-43c9-899c-670836cfb3b1","ELS FunctionHead Aftersales & Logistics"
"18453057-345e-4044-b74b-9fbb5395d0e0","ELS PER ORGANISATION_Management_090Finance RW"
"4e17f348-9f58-48e1-80fa-ba9d35951d95","CH-ELS-TeamsQueue-TransportLogistics"
"4cd0a41c-ae3d-4727-a7e2-d8ab43f285a7","ELS OLD Lager"
"c8802e52-a44c-4633-9ec7-74aece0efca0","ELS PER VERKAUF_017_Lieferscheine R"
"c2a06ffa-bce2-494a-9103-d12a94287b64","ELS PER VERKAUF_014_GRAFIK R"
"dfd62769-a320-41ee-8662-197679a62030","ELS PER APPLICATION_Abacus_Dashboard RW"
"fa3b288e-07cc-4c8b-a84b-efcfeed45c29","ELS PER TECHNIK_Labor_29Gesetzgebung R"
"7ccbb26b-cca1-4fae-b31e-781a525a76bb","BAV Function Metal Design R&D"
"0a9a2ebf-b276-4aea-a203-811280375415","ELS SP_Abteilungs-Seiten_Einkauf R"
"01d84903-faa9-48c8-9c07-5ee42ab07416","ELS APP COMOS Admins"
"2e91c8c7-b502-4d77-96c9-bed589976e40","ELS OLD Abteilungsleiter_Produktion"
"b30ca3d6-286b-4e1d-a60e-ab9eaee1854f","ELS PER TECHNIK_Labor_11Bestellungen RW"
"811bd18f-ac25-4b1e-95c3-0697f7d56fa9","ELS PER ORGANISATION_Dokumentation L"
"7e0b0bb4-1732-4cfd-8c8c-384dd325cb14","ELS PER ORGANISATION_HHPBoard_050SupervisoryBM RW"
"05c7c506-ad41-453b-b764-5500f1870304","ELS PER TECHNIK_Labor_34SkizzenZeichnungen R"
"102cb92a-2444-4008-878b-23347e0561c1","ELS PER OPERATIONS_3ProduktionsnaheBereiche_1Kundendienst RW"
"bd74da87-9d81-4ad6-a722-94cd2c190d22","ELS PER TECHNIK_Labor_37Conferences R"
"84e50f8b-dfcc-475e-9db5-cca9d23a2d11","ELS PER VERKAUF_002_VORLAGEN R"
"dd05a387-e9a4-4617-aa66-5f333c83ab8b","ENS PER DEPT_Management_0Group RW"
"7132fec2-7977-462d-84d6-dbf43ea544df","ELS PER ORGANISATION_Qualit?tsundUmwelt_Messmittel RW"
"94e34324-2149-40f5-9709-cfef1e36450e","ELS SP Default Rights"
"48c8a1aa-b3ed-424e-8cf3-8ff2c43bdc5c","ELS PER TECHNIK_RnD_Roadmap R"
"96c20b46-8678-45e6-a28a-151c356edc30","ELS SP_Abteilungs-Seiten_Verkauf R"
"300adbdb-bf69-4cb2-a23c-227d73582200","ELS Department Produktbereich mobil"
"6d8d30be-596b-4106-a40b-154c36df576b","ELS PER ORGANISATION_Finanzen_MWSTRevision2020 RW"
"ff2bb496-9463-4f1a-b4d0-f302b2d6c402","ELS Function Data Security"
"a89e30a1-4ac9-46f3-9a56-62f809ffe55f","ELS PER TECHNIK_Physiklabor R"
"fc04b590-c3cb-467c-a065-1828fd48fa5f","ENS Function Site Coordinator"
"12d717ca-e262-4166-9976-70663a88ea42","ENS Function Service Engineer"
"8c21825e-351e-4bb2-84ba-8b631e763622","ELS PER APPLICATION_DBBmk R"
"6c404b33-5913-4455-978c-a0c971803071","ELS Function Consultant Application"
"209e4e75-42ac-417e-8eca-d27abec4f036","ELS SP_Abteilungs-Seiten_Qualit?t R"
"07b0de9d-ce98-4e73-a1b9-32365d67197d","ELS SP_Abteilungs-Seiten_hugservice RW"
"7a91e49a-3f7f-494f-a495-4383e0c6e8c8","ELS PER TECHNIK_Elektro_CAN Kommunikation Mobil R"
"6f7117f0-0de4-4c35-a3f8-29698cc4b50b","MBI HUG Department Sales"
"59ef0f5b-72e0-4265-9bae-4dfa5d444bfb","ELS SP_Produkthandbuch R"
"d31c787f-cf86-4b7d-9365-132d2e4ddec6","ELS PER ORGANISATION_Gesch?ftsleitung R"
"cab3455d-c016-40df-ac30-6ef271983dd7","ELS PER APPLICATION_Keytech14 RW"
"40e3dc64-e5d1-4b93-9924-06ccdfe01997","ELS Apprentice Quality Planning"
"0138abc0-3b0c-4640-a2c5-c029ece27ff8","ELS PER TECHNIK_RnD_Zero Emission RW"
"96ac5925-b629-4eb6-9037-fb9d62f7db0c","ELS PER ORGANISATION_LogistikKDLager RW"
"920c989e-316e-44d3-8196-bf846dce501a","ELS PER TECHNIK_Labor_36Praktika R"
"8e320c40-0547-4119-8bf7-ec27ad81fc4b","ELS PER TECHNIK_EntwicklungStahlbau RW"
"3981ab05-dba7-4615-a60c-8485a5922d1a","ELS PER ORGANISATION_Dokumentation_Dokumentenstamm RW"
"17e26225-1fe1-4e90-b2ed-90a9f64a6aff","ENS PER DEPT_Management L"
"b7ef7703-2ac6-4371-8640-195459742b0a","ELS SP_Abteilungs-Seiten_Finanzen R"
"3d17625c-2bf2-4949-8ca2-a1a7490a133e","ENS Department Project Management"
"b0e8fd52-3fc4-4fac-9ea6-b08ea4f434ee","ELS PER ORGANISATION_HHPBoard_040MBR R"
"82a0d629-5064-4836-9667-0abb16911938","ELS PER VERKAUF_019_Vertriebsplanung RW"
"a2ccb870-5be2-4585-ad65-477872514661","ELS PER TECHNIK_Productline_01Marine RW"
"50c0b712-ec6f-4f2e-a72c-9fbb02223f10","ELS PER ORGANISATION_Lehrlingsausbildung R"
"07180f32-c779-426b-a74c-d6657c7f733f","ELS SP_Abteilungs-Seiten_Einkauf RW"
"d66dd0be-d703-4c1a-a726-522ce7b8d783","ELS PER TECHNIK_Elektro_Konzepte RW"
"55c7bced-e913-47ad-a63f-fd1b54885826","ELS Apprentice Work Preparation & Warehouse"
"c615c092-c660-46cc-b688-223d19995c27","ELS PER TECHNIK_CAD_12_BTC R"
"9ccf5e41-aab5-47ae-9055-dcd7ff846f10","ELS PER TECHNIK_Elektro_Standard RW"
"53c06b55-0503-4d60-871e-ecc2c91287d0","ELS PER ORGANISATION_Management_010BSC-KPI RW"
"aab95a59-fb4d-4588-b1f4-ef66d223ae67","ELS PER ELSSVABACUS1 AbaScan R"
"8f3bb33f-7d58-44a4-ad97-613af6b184c5","ELS Department Produktbereich stationaer"
"2bbe9ca2-f12a-48bf-91d9-34dd5df13e68","ELS DepartmentHead Customer Support & Logistics"
"0827a868-ea55-4fc4-9d9a-4716b2de0c9a","ELS PER TECHNIK_RnD_Conferences RW"
"6e47d977-3152-44a9-82a7-e38dcca90954","ELS PER ORGANISATION_Personal_Controlling R"
"7b9b4b9b-b195-4601-8789-ee55d8210ad4","SRMW_Intune_Win_User_Shared-NLENS"
"d0a98381-3732-41b9-94bb-2706a894138d","ELS PER ORGANISATION_Finanzen_Auftr?ge RW"
"89acfb1f-d5f3-48a9-8962-2610b2f4ae07","ELS SP_ICBP R"
"7a317684-2c7e-496b-b831-7129ee47aaff","ELS PER TECHNIK_RnD_Corona R"
"73d0fdc4-1c94-4ebe-9613-b0ae00ac3847","ELS PER TECHNIK_TechnBerechnungen_13_LAYOUT_FILTER_EPU R"
"757623f1-b578-4855-8b27-bee8eb19c204","ELS Department Backoffice"
"46147176-a041-4090-a39f-25921abf324b","ELS PER ORGANISATION_Management R"
"8bce26ce-9bfd-4b19-918f-e28387b148a4","ELS PER TRAINING_6_HSE R"
"68564ce9-92ac-465e-987d-159078f1151e","ELS Function Delegate to CTO"
"f131faf4-ea1a-4e7e-8088-cb50a6aec210","SRMW_Intune_Win_Devices_CHELS"
"79a1537d-ead0-4f2c-80f5-2c190d4d88ca","ELS PER ORGANISATION_Service_TrainingCenter R"
"44985f9a-f2b6-4efe-a15b-449dda8cd407","ELS PER TECHNIK_Elektro_BTC RW"
"68624309-97d6-4889-aa56-ed24190006d5","ELS PER ORGANISATION_Finanzen L"
"70f5a540-61b2-4cd5-b426-cbf7a514dcf2","ENS PER DEPT_Management_Strategisch RW"
"42218332-fcdb-4710-b021-f48d347f5015","ELS PER TECHNIK_CAD_07_Plott_Zeichnungen_IMSC R"
"954c5597-aea6-4fef-98b7-91f8372c81de","ELS SP_Produkthandbuch_Arichiv R"
"e00adfdb-e653-4712-9e9e-e62f465f5240","ELS PER ORGANISATION_Personal_HEIT RW"
"abd4e84a-3b5f-41d5-af1f-809a497de57f","ELS Function HLT"
"21b82434-1257-433c-9318-4ef0d2d3138a","ELS APP Abacus_Users"
"b10bc4e5-855f-4191-bbab-28649ea32390","ELS PER ORGANISATION_Abteilungsleiter RW"
"22dd862f-dd90-450f-be2a-8413f410cb4e","ELS Function Delegate to VP Finance"
"98f85be4-25f5-4300-975d-27aaee598598","ELS OLD KVP"
"8ad5ef12-1291-4f6d-a9ee-8260f22f29ba","ELS PER TECHNIK_Labor_31Audits RW"
"be0d06a2-3ea0-4adf-a4a7-541d5fa4dafc","ENS Function External IT Support"
"99bb1f07-a25a-4487-966f-4eceed9e1097","MAB Function External IT Support"
"1142f60d-6c40-4c7c-b628-a5e45200aca9","ELS Department Procurement"
"d2a2a774-7e90-4a08-a432-8edd1176f86d","ELS PER ORGANISATION_Einkauf_01Procurement Management RW"
"4cc73dc7-f2d6-4b4a-a52f-6dd7a800075c","ELS SP_Abteilungs-Seiten_Qualit?t RW"
"4b5543de-0624-414f-96a4-4975086fbcab","ELS PER ORGANISATION_Einkauf_03SupplierManagement R"
"c2ff1cd7-bfb8-4d6a-85aa-1634612854bb","ELS DepartmentHead Apparatus Production"
"f74bc89e-0d5d-433a-b80c-bb928f5b73af","ELS PER TRAINING_2_HHP_Fundamentals R"
"66cd6e59-8cf7-40ed-96cb-5489a1da32ff","gpo - ITTRT Users Printers DENY"
"d7155644-d7d4-49ab-9011-dab32ada0031","ELS OLD CSS"
"6a5b55ae-7af6-41b1-9f20-834dd7f356e4","ELS PER TECHNIK_CAD_14_MCxx R"
"c9eb2caf-f56c-4c1a-b392-a3db09c05752","ELS Apprentice Procurement"
"67e2fa6f-9622-46a3-a971-8b64871e3c4d","ELS PER ORGANISATION_Personal_Controlling RW"
"dd76100c-78f5-4c80-9ec4-268d25f7f1d4","ELS PER ORGANISATION_Service L"
"8e33eb35-7a15-4346-a288-3505a1f0d12e","ELS PER ORGANISATION_Management_020Global RW"
"306b34f1-b80b-495a-906f-7793411d7f71","ELS PER TECHNIK_TechnBerechnungen L"
"2aef3d6d-6114-4d06-aca5-d2d60f0ca84a","BFA Function Controlling HEUS"
"8a4ea923-d0c5-4221-91f9-d8d64b50f827","ELS Function CEO"
"c08c34b4-e6cf-4476-9e04-179785b972cc","ENS Function Director Sales"
"dc7b7120-ac4f-4e90-b07c-b7aa82b9ee89","ELS Function Closing HECN"
"24aa1506-8be7-49cf-9acc-22744d5f0430","ELS PER ORGANISATION_Management_020Global R"
"9677e338-bf8e-4684-b332-b8ca7b703059","ELS Old Domain Users"
"6d1596b5-fb88-4d78-8c4c-e8615072b7ef","ELS PER ORGANISATION_Qualit?tsundUmwelt_Gefahrenstoff RW"
"52e6493e-9421-42ae-86a4-8319616d802c","ELS PER ORGANISATION_Qualit?tsundUmwelt_Datenbanken R"
"11cee9fd-a64e-45a0-8c49-f4e2a1273cbb","ELS PER TECHNIK_TechnBerechnungen_00_ALLGEMEIN R"
"a072f125-e221-4907-b036-f1dcc5508429","ELS OLD Hug_Group"
"959cbaf8-5751-4002-a644-7b021a61f07d","ELS Function Medic"
"cf334004-fc4a-4e30-9592-01318cfb7b00","WW HUG Global AFO-WW"
"e537096c-914b-426a-9893-687aa410a60b","TEST PER TESTDRIVE2_FOLDER R"
"83a60ef0-ae67-42a3-a42e-23f21bafaa1e","ELS PER ORGANISATION_ERP R"
"3323e970-4871-4e60-8f2e-593fe600bbdd","ELS PER ORGANISATION_Administration_Schulungen R"
"c19db4ac-0ea3-44e3-a491-c9ab66964c85","ELS PER TECHNIK_Elektro_Phoenix_Plotter RW"
"464a9f6f-f2f0-4ca5-8c2f-5e46db1d7e3d","ELS Function Welding Specialist"
"4d5f06d1-b6c6-4a0f-af27-8f1147e0cc29","ELS Function General Manager Asia"
"54bdd15f-19ea-41c2-a922-e3b11dfd0ccd","ELS PER VERKAUF_005_KUNDEN DOSSIER R"
"978ef327-e03a-47ca-9ed6-bc76173256a7","MAB Function CAD-DE"
"3e67c5ea-60d4-418d-819b-b7fb328cfc8b","ELS OLD Hug_USA"
"a61f293c-b9ff-478d-b3c3-b7e9e07feb80","MAG OU Admins"
"58a539d4-df98-4c37-bc30-14d7ca01668e","ELS Share VERKAUF"
"6f384485-86fe-40ce-8a47-29424f7c51de","ELS PER TECHNIK_RnD_KPI R"
"c465dbd3-ecf4-43db-a5f5-4ad4605dbc96","ELS PER ORGANISATION_Service_ServiceGlobal RW"
"1b53495a-39a5-4723-805a-68ec2614d850","ELS Function ManagingDirector HECH"
"6922b11c-8c1b-4ecb-a4de-b48b711ad217","ELS Department Konfektion"
"fa6d3644-927f-44e4-a03c-208beccfe718","ELS PER ORGANISATION_Qualit?tsundUmwelt L"
"928d58a3-560a-4a14-a8b0-e32542f0a88d","ELS Function CMO"
"3880d83d-ba2c-478c-afc0-d8767c6c5fa0","ELS Apprentice Ceramic Substrate Production"
"daba844c-1742-47c8-9d8d-8bf4b848930c","SRMW_Intune_Win_Devices_DEMAB"
"42bf9d3d-b6ae-4c01-a99d-171cdc4ac766","ELS PER VERKAUF_012_NICE TO KNOW R"
"389ef1db-16f4-4ceb-86d0-e50c06836f11","ELS PER ELSSVABACUS1 ABACUS_HERKFGZ RW"
"1aa2aa7b-e4c5-4c35-92a9-0654578aa529","ELS PER ORGANISATION R"
"4d97abab-5b6a-4dc6-a177-62faca70809c","ELS PER ORGANISATION_IT_Docs R"
"cc158c02-6311-4f2a-a888-23bf65da39ff","ELS Function all Department Heads"
"6afe2655-debf-4b13-8752-dbe5c11746de","ELS PER ORGANISATION_Management_100CSO R"
"1e7a9652-8d3a-4943-9095-b9173a5c09f1","ELS PER TECHNIK_Labor_03Feldmess-Projekte RW"
"2dbb484b-e3bc-4e2e-909b-bb8863aa7e80","ELS PER ORGANISATION_Qualit?tsundUmwelt_Umwelt RW"
"d88f0a84-e665-4db0-9e3b-fceacb39e1ee","ELS Function Executive Board HECH"
"17d73bdd-085f-4d11-9d4a-44a804558941","ELS SP_Abteilungs-Seiten_InformationTechnology_Migration RW"
"36eae8ea-dc76-46f7-a9e9-0f9ddcbc9a80","TEST Company TESTCOMPANY1"
"a8f3eaa6-b8e6-4591-8500-d80927fbfaa6","ELS SP_Abteilungs-Seiten_Produktion R"
"a1da0046-6505-423f-8978-31fa07eded98","ELS PER TECHNIK_Elektro_Messen RW"
"3296d446-1d66-4c71-9563-a0df306d8caa","BAV Function AFO-FAU"
"b05aac35-77cd-424d-aef4-65d652697504","ELS FunctionHead Corporate Finance"
"fc75e66f-e2e3-4ae3-8f8c-bd990ea61f81","ELS PER VERKAUF_007_KONKURRENZ R"
"7b4611d9-cd09-4f13-b8ca-4e36d52025cc","ELS Function all ManagingDirectors"
"707f775e-2b66-4c0d-979a-7070b2832edf","ELS Department Mechanical Engineering"
"91a15337-cb75-42c1-abeb-ffd9b3b41401","ELS PER ORGANISATION_Finanzen_MWSTRevision2020 R"
"f1fcbee5-8343-4ef0-8430-edb2779d9007","ENS PER DEPT_Images RW"
"ba09f59b-5112-4962-a766-f3f4ed70d15a","ELS PER TECHNIK_Elektro L"
"201e53f8-b589-43c9-8c3e-3b31a5b35d89","ELS Calendar Read Access"
"278c7e66-7eb7-4348-956c-acb5b5923e92","ELS PER ORGANISATION_Administration_IT R"
"8e51ac2d-3481-40ff-b992-179a527b6a46","ENS Share Stationary RW"
"dd42d374-da61-43c9-9ca1-a003acfb5a84","ELS APP Productstream Admin"
"0c00e5a9-92ab-4f83-b0ed-ccdde8687a09","ELS PER TECHNIK_Elektro_Anlagen_bis_2001 RW"
"bba8fca9-51ef-4bdb-a4c8-5d1930e408e6","Sunrise Migration Project"
"06462356-61d6-4a64-9e00-5793116145a6","WW HUG Global Human Resources"
"8a1b54bb-74b0-4c37-8f3e-1a18ff37446c","ELS PER APPLICATION_SSD_Source RW"
"91ba1282-cd8a-4bfd-b9e6-8f7705a123c9","ELS PER ORGANISATION_Qualit?tsundUmwelt_Messmittel R"
"fa9ed933-25fc-4f86-9f5c-cb6280ec9090","ENS PER DEPT_Management_Oud RW"
"58c2b354-656d-40a9-8673-c33ee00e3454","ELS OLD Entwicklung"
"b032897e-97b1-4ba0-a7eb-48bfef325cd4","ELS PER TECHNIK_Elektro_BTC R"
"ed79d81c-ebd1-4e52-b505-ce3320287c38","ELS PER TECHNIK_Labor_31Audits R"
"05f2e670-882f-462c-838a-03a66c5b884d","ELS Share ELSSVABACUS1 ABACUS"
"29a15fcd-bb2c-4a1e-bdeb-1e53df1b7ab7","ELS PER ORGANISATION_Einkauf_01Procurement Management R"
"03d33263-2257-42c4-8d72-3731fcf879b2","ELS Sanit?tsgruppe"
"d60ae2de-9608-4af9-a06c-77840e93b400","ELS Department Entwicklung Systeme"
"c0776795-418d-4e19-aa69-55ce1161d703","ELS PER ORGANISATION_Einkauf_02ProjectExecution R"
"84c12e4e-674b-4f6c-9adf-82320944482b","ELS SP_Abteilungs-Seiten_Verkauf_Internal Sales Page RW"
"4f975ea2-c121-49d1-8777-f3eb7bb64140","WW HUG Global Finance"
"d39fa311-6c43-4f14-8222-bc36cafa1314","ELS PER VERKAUF_003_OFFERTEN_002_Datenbl?tter f?r Offerten RW"
"c204e76b-7086-44d5-834c-b462bba2867d","ELS SP_Abteilungs-Seiten_Personal RW"
"54ded5d2-de04-4323-9b94-e355d545ef17","ELS PER TECHNIK_RnD_Corona RW"
"cca4554b-44d6-46eb-9f16-6dd87de02715","ELS PER TECHNIK_TechnBerechnungen_13_LAYOUT_FILTER_EPU RW"
"dcb87129-19d4-4ee5-bd43-3ba915dd8ba0","ENS PER DEPT_Management_Auditjenbacher2012 R"
"be9f8c64-4d60-4000-b27a-436c42bb4ed2","ELS PER ORGANISATION_HHPBoard_010HHPBM R"
"281a59a4-15fd-4583-9f24-f3940c6022f7","GLB LIC M365 Business Premium and Teams Phone"
"0c7a0ba2-833f-4d53-b3bd-225df99b28c2","ELS PER TECHNIK_Productline_03LifecycleManagement R"
"c9755702-ff9e-493e-bcc0-f72abd49ed25","ELS Apprentice Apparatus Production"
"3ab4dadc-32fc-4ff1-b5fc-c69cbfcb1f40","ELS PER TECHNIK_TechnBerechnungen_10_AUSLEGUNG_ANLAGEN RW"
"1651d2c4-77ec-4a32-9b51-f77212f22d3a","SRMW_Intune_Win_User_Normal-DEMAB"
"b3fc637a-20d0-4d4f-9acd-6f090e382a64","ELS SP_ICBP_HECH R"
"263d9d38-8874-4d4d-b3cd-a0d78a639a4b","ELS Department Finanzen"
"383db0bf-60fd-47d0-910a-6dbd79dc4870","ENS PER DEPT_Management_101Algemene zaken R"
"93e12e5d-b316-40d6-949f-12fece6db9f4","ELS PER APPLICATION_Keytech R"
"1be4094c-6dcf-454c-84a8-904a3c41420c","ELS OLD Hug-Administration"
"43dddd4f-506d-48bf-a64d-265c07177fbe","MAG Users HTTP-Proxy Access"
"d27e8c30-d28e-4e71-90ad-c326dd124e60","ELS PER TECHNIK_02_Entwicklungsprojekte RW"
"2d91eebd-4e69-45a1-9092-e6ed1ffc4cbd","ELS PER TECHNIK_Labor_33Strategy RW"
"9d4f16b7-c598-4a26-a7b0-200b7de853f4","ELS PER APPLICATION_TIM R"
"b6f5f068-b77d-4745-aa74-946ac65c30cb","MAB Function ManagingDirector HEDE"
"00e90a4f-c5a1-4f04-9808-3e412d39b40a","ELS OLD Verfahrensentwicklung"
"5ae4530b-851a-4638-8de2-3839d7008f37","ELS PER TRAINING_6_HSE_MonthlyTrainings RW"
"f1627f24-bbfc-4a5d-8891-4b4c56d593e0","ENS Function AFO-NL"
"4be458e1-b493-4c78-a121-bb37c4c8e7a7","ELS PER TECHNIK_Labor_20Sitzungen R"
"1a554974-b31d-4b5a-943a-5d8f82ff6604","ELS Department Ceramics & Catalysts Development"
"c0eb1092-fa64-4624-918d-659569871444","ELS DEP Purchasing"
"504ebe28-3d9d-4b67-917b-fff730197abd","TEST PER TESTDRIVE2_FOLDER_Subfolder RW"
"6ae4ab2b-bfd3-4e63-8600-5146479ce4ca","ELS PER ORGANISATION_Qualit?tsundUmwelt_Idea R"
"6f9243ea-a0ca-446f-954d-81a465d2a6e7","ELS Department ProductLine"
"e9a0f856-45e6-4e33-806d-cae97adaad42","ELS OLD Gesch?ftsleitung"
"1ae9c352-6b54-454a-a682-3d17ac72f235","ELS SP_Abteilungs-Seiten_Technik R"
"74fe0f21-46a5-4b7c-a266-fbaae57f1ef8","ELS FunctionDepartment Project Management"
"834abe59-e9eb-4c71-b709-5872981943b4","ENS Share Stationary R"
"355c7869-925c-46d3-bfb2-224b3b6ce0e7","ELS PER VERKAUF_001_ADMINISTRATION R"
"753409aa-e90a-4759-bb77-209387b75be7","ELS PER ORGANISATION_IT_Docs RW"
"760ed798-1745-441f-9d1d-bfc5f8ddcda7","ELS PER APPLICATION_TIM_FCTTIMPUBLIC R"
"c5e873b1-e991-4a01-91b8-6ed99c2ad378","ELS PER TECHNIK_RnD_Budget RW"
"6b02216d-88e6-4ce8-be6b-894aa9747d12","ELS Apprentice Quality Management & Audits"
"eb298af1-d8b8-431a-8d3d-f252d94f36c0","ENS Domain Users"
"7b5bb3a8-6775-466d-9a52-c4b9d15d7368","ELS PER VERKAUF_002_VORLAGEN RW"
"f97d462b-30eb-4a38-8c94-086a94b87d8e","ELS Function Director ProductLine MarineMobile"
"9025435b-c0b9-4c65-add8-10325c9065c9","ELS PER ORGANISATION_Einkauf_06ProcessesABACUSTrainings R"
"b2ceb201-984b-49e9-97bf-c7d6f77270dc","ELS PER VERKAUF_006_MARKTFORSCHUNG und VERTR?GE R"
"9d2df200-ac66-4d96-8557-290fa4fb5716","ELS Department Service"
"5b6f9693-337f-4e4f-a4a0-6c75cb256631","ELS PER ORGANISATION_Personal_DigitalSignature R"
"957e1816-4374-4e56-909a-375c45f0ac74","ELS PER ORGANISATION_PMMarketing R"
"16312101-e3ed-47a3-bc64-97ff0ac59253","ELS PER APPLICATION_ExpoVit R"
"8a9b9237-eda9-4faf-af91-4a3135909aa9","ENS PER DEPT_Management_100HUG Engineering B.V R"
"f77e6f4b-ff9d-429e-9fa5-e71003c68ad3","ELS Department Technical Service & Maintenance"
"f80664fd-7757-4bd8-b139-c3869a7877f5","SRMW_Intune_Win_Devices_NLENS"
"7c7ba568-08dd-4161-9fd9-ee814d3c1a57","ELS APP Layouttool Filter Users"
"8603eb67-0009-4f30-8192-21427682c009","ELS Department Product Management"
"3f55aae4-e68c-4472-af2a-4bd025c58038","ENS PER DEPT_Management_5FinanceLegal RW"
"29f4dacf-9b85-4166-bf2f-37ed54676150","ELS Apprentice Certification & Classification"
"146b197b-76a0-4de6-bc1e-53b4a0d68ae8","ELS PER TECHNIK_Elektro_Protokolle RW"
"f67ec5cd-8e92-4082-82a4-4d7a094ef38a","ELS PER TECHNIK_TechnBerechnungen_20_LOG_DATA_ANALYZER R"
"cea59c5c-85e2-47da-876a-9b28f87c6ab0","ENS Function Project Management"
"07e19346-8ec8-42a0-a229-ed1763cedb6d","ELS Share BRIEFKASTEN"
"e1473204-2dc3-4694-b995-b2fc61c219a4","ELS PER PRJ_Tools L"
"69ade88c-0741-4504-bed5-23d8f356d4b0","TRT Disabled User"
"261e83da-5491-459c-81ef-46403f4c8990","ELS PER TECHNIK_Labor_18Organisation R"
"ea5b8e8b-b222-45ca-8dd3-8d6d8df89129","ELS Apprentice Functional Development"
"7236efd2-c750-4614-ba24-aa943e2a43ae","ELS PER ORGANISATION_IT_Nachweise R"
"0a5a480a-56d6-4fa9-9c37-d6a34480fa02","ELS Department Certification & Classification"
"6f1dce3d-c9a3-44e2-92c8-b7a4f3cefb9a","ELS PER ORGANISATION_Personal R"
"bd35a5e5-7f69-4ddc-8f44-621ac204d516","MBI HUG Function SystemDesign"
"b0c625ae-5987-4473-b81d-40599806d0aa","SRMW_Intune_Win_User_All-ITTRA"
"c71a7625-b23f-4480-8dee-30ee10ad2cd5","ELS SP_Abteilungs-Seiten_Information Technology R"
"d6b830bc-590d-435f-8ef1-27c7f2c3b255","MAB RDS DEMABAPPDTV1 RemoteAPP Users"
"5f8a76f9-7b68-4483-a6d9-b427691d64fc","ELS PER ORGANISATION_Management_050Americas RW"
"26987047-ed2e-4862-81c1-44139171a372","ELS SP_Abteilungs-Seiten_PM_Dokumentation R"
"e2bbaa79-c5ff-47dc-b7e8-70f2ac1c3903","ELS PER ORGANISATION_Gesch?ftsleitung_Vision2020 R"
"c8ede303-26cc-433b-8a4b-9daaef20bc20","ELS PER ORGANISATION_Finanzen_ReportingFAUBudget RW"
"fd92847e-e36b-4166-a37d-3deedd587817","ELS SP SharePoint Test-Seiten"
"6a43eb7f-2f55-4991-981b-87ba6e1cbc28","ELS PER APPLICATION_ExpoVit RW"
"faed83da-1c3d-41bf-a1d0-7e01735f1286","ELS PER EPLAN R"
"820062c4-6c54-4fdc-af0d-cc9f6549af2c","ELS PER TECHNIK_Labor_11Bestellungen R"
"46632897-5583-471b-a14e-e1847ae8b3f7","ELS PER TECHNIK_CAD_00_Archiv RW"
"9909be42-ad0b-43fa-a97d-3527afdce7a3","ELS Department Project Management"
"d4090552-e325-4fa2-a0bb-62a46f777930","ELS PER TECHNIK_Elektro_Entwicklung R"
"0f073acb-f4a6-4ea2-82ea-461becb425b1","ELS PER ORGANISATION_Einkauf_04TeamOrganization RW"
"23c814bc-d873-403a-aa58-0fd1e1470f93","ELS APP Babtec Admins"
"16977739-dd2c-46a9-b6c2-34b992dedb7f","ELS PER TECHNIK_Elektro_Phoenix_Plotter R"
"f97b1bad-9cfa-42a2-ba1a-bb567f2813cd","ELS PER VERKAUF_015_KEY SHOT R"
"f85c781d-8308-4be0-b30b-4f6cad0ff866","SRMW_Intune_Win_Devices_Depl_AADJ-ADM"
"836a475a-2ce9-451d-bcd8-96ff490cc08f","ELS PER TECHNIK_TechnBerechnungen_12_LAYOUT_SCR_OXI RW"
"cd0d79f1-375e-475a-a945-d74a07b835ae","ELS FunctionDepartment Operations"
"9f8102ef-736b-4c61-a608-77da1375c714","ELS PER APPLICATION_DBBildungsbericht RW"
"3c735250-70fc-4d56-81d0-d2f1f8359fcb","GLB Azure FidoKey Authentication"
"a5c02c34-83ba-4115-a20c-963dfd134a2c","ELS PER ORGANISATION_Qualit?tsundUmwelt_Datenbanken RW"
"7924ef1d-53cd-466e-9571-730fbe261c1e","ELS PER VERKAUF_000_SALES RW"
"5275bd72-5350-4c4f-a42f-1c7137a34551","ELS PER ORGANISATION_Einkauf R"
"2c905562-0888-4263-b788-dede6a6f9c3c","ELS PER TECHNIK_TechnBerechnungen_11_LAYOUT_FILTER R"
"3562e986-c215-4c6e-ad06-4c36daf017ea","HUG Users to Migrate"
"30aef7a6-6b38-4dc7-80e1-a68b0975efa7","TRT NTFS AZW32"
"92de16f7-a44b-4f26-8146-93150c0278bb","ELS PER HECN_HUG R"
"bbe8c443-140f-432a-bcad-c645f53a9670","ELS PER TECHNIK_Elektro R"
"005c3118-384e-4f13-9edc-d588abeb9aa0","TEST DEPARTMENT TEST2"
"20eff3c8-922a-4410-a04e-9404764e8557","ELS PER TECHNIK_Elektro_Bibliotheken RW"
"2271da73-48b0-4615-b64d-9f1a9d05c215","ELS PER TECHNIK_RnD_Fueling R"
"7bd5bf0e-3b0c-4ab4-8a2c-1cbab1343554","ELS PER ORGANISATION_IT_Systeme R"
"1509a719-ce94-408e-98d7-8a1155fdd3f6","SRMW_Intune_Win_User_Normal-CHELS"
"fb28038e-dd5c-49d6-80cf-92dfb5a1f597","ELS SP_ICBP RW"
"1086cddd-1da5-4ddb-8f58-8f1b513b0390","ELS Function Director AFO-WW"
"49528f99-b37c-491e-944d-fccb699ff946","ELS Apprentice HR"
"0b5bc155-1338-4a23-a70f-8779d6611a0f","ELS OLD Apparatebau"
"603d9e69-682e-43f1-8a64-a4c2850a1d0a","ELS APP Productstream Office"
"f707d99d-cda6-430d-bba5-8cabb7ec92e5","ELS PER TECHNIK_RnD_Digitalization R"
"4b86a4d0-d53b-42fb-843c-9768174dfd47","ELS PER ORGANISATION_Administration_Sunrise Mobile R"
"82a211b1-4a02-438b-9686-913f8a5c9a50","ELS Function Director Transport Logistics"
"3cc43fcd-9a55-4062-b77d-20d6c15dcf22","ELS PER ORGANISATION_Personal_HEDE R"
"f26c721d-e63e-43b9-8ee7-481aed3cc68d","ELS PER TECHNIK_Labor_26KVP RW"
"3ebd4b0a-d8bc-4591-843c-0e8a4f4bf3fd","ELS PER TECHNIK_Elektro_Dokumentationen R"
"7019b6dc-de8c-41e3-97f1-10faea7d084c","ELS PER VERKAUF_000_SALES R"
"da7fb4b9-5804-4ff7-88ba-625788abd79c","ELS PER ORGANISATION_Qualit?tsundUmwelt_Gefahrenstoff R"
"9ef5b738-7d6d-4585-a37f-2383b7eb5f54","Thinking Objects Migration Project"
"5860faaa-555c-409a-984e-e12c34e61a54","ELS PER VERKAUF_014_GRAFIK RW"
"532c659e-1716-4fa0-8c93-1fabfc457651","ELS PER APPLICATION_SSD_Settings R"
"138c570d-a3ba-460e-8ae0-848a5a937041","ELS PER TECHNIK_Labor_38Qualitatsthemen R"
"5a9f5ba2-7a8c-4f55-99a2-478bd5b39353","ELS PER TECHNIK_Elektro_Bestellungsinformationen R"
"75f7cc93-8a6a-4598-b574-f247fa2057e9","ELS PER PRJ R"
"c13828cd-5dc0-4f6e-95eb-761d444591ec","MAB Function Sales"
"16b162c1-cbcc-4831-b7bb-afddb6b18fc6","ELS PER APPLICATION_SSD_Templates R"
"69d5d056-5803-46ee-8238-2692a9c2d4bb","ELS PER TECHNIK_Labor_04Berechnungen RW"
"8007c5b3-f0b8-4703-8d90-2222d67d1c5c","ELS Department Apparatebau"
"d1f66fe5-7a29-4ef8-94c5-787bf4b5d38c","ELS Wartungsplaner"
"9b423c13-6289-43ef-8341-62e9582a5b08","ELS PER APPLICATION_DBSales RW"
"34dbc2d8-5e1c-44f7-91f5-6307258104b3","ENS PER DEPT_Management_100HUG Engineering B.V RW"
"d8a3dfb0-9e17-4a2c-af54-7192d56dd60d","ELS PER ORGANISATION_Management_000Archiv RW"
"900307e2-763f-440c-ab5e-43847a16df16","ELS PER VERKAUF_020_AUFTRAGSEINGANG RW"
"3e7b009a-ad14-4c18-adaa-276a72971f2e","ELS PER TECHNIK_Labor_24Temp RW"
"eb1bb7ef-c287-476f-88b5-c2e65d1b4a00","BFA Function Aftersales"
"24a6737f-56d1-4fba-97cb-0b025b594ae5","SRMW_Intune_Win_User_Normal-USCLB"
"c7ba9600-c24e-41af-bf1a-5fb260a25ab1","ELS Department Betriebsmittel Unterhalt"
"4aceadf5-a0cf-4cbf-a151-c61f0600fa7f","ELS Department Verkauf"
"b8f6c5af-6263-4703-9354-177e5e91fdce","ELS PER TECHNIK_Elektro_Lernende RW"
"990135e7-b8f0-4d3d-9b28-a0955f0cb84d","ELS PER TECHNIK_Labor_01Messungen R"
"90ccf177-fc93-454b-8182-93fa46dd3c99","ELS PER TECHNIK_Elektro_Bestellungsinformationen RW"
"9a4c8aec-3760-4197-a47f-193120a2a068","ELS Function FAU-TaskForce SupplyChain"
"6f313361-1d13-400d-9ab5-9936c6da6ba6","ELS DepartmentHead Work Preparation & Warehouse"
"7be3db72-490f-49c9-9549-916036dcb92a","ELS PER ORGANISATION_HHPBoard_050SupervisoryBM R"
"3633d4bd-1de6-48dc-bcd4-b1cca47970db","ELS PER ORGANISATION_Dokumentation_docshop RW"
"39f148e7-4107-48de-a948-47254efbf5ad","ELS PER TECHNIK_02_Entwicklungsprojekte R"
"d23b183b-02b5-4859-a705-e067dcc104b3","ELS OLD Produktion_Ofen2015"
"627eb1aa-75a3-4965-8f12-d757e5854c34","ELS PER TECHNIK RW"
"298f0c92-2052-40c4-8500-49fe30b08a24","ELS PER HECN_HUG_QM RW"
"5dae34e0-e759-4da3-8ca8-074bfaf8c5b5","ELS DepartmentHead Product Management"
"60fa73a1-8553-4667-8722-ef80d02195f8","ELS PER PRJ_Tools RW"
"134efe1c-cdd1-49a4-b782-f11bd4543533","ELS PER VERKAUF_004_PREISKALKULATION R"
"db8effcf-5e0b-4d0d-800e-1a3af8f649ba","ELS Apprentice Finance"
"b321e85e-0680-4842-a926-f9cfab4a6023","ELS PER TRAINING RW"
"30e07c1f-c6fd-4fd2-b435-2b611809592e","ELS Function FAU-FCM Lawyers"
"22d61146-2cd9-40cb-901f-e9429bd373fa","ELS PER TECHNIK_RnD_MarketInformation RW"
"ba60f96d-b6e4-4e49-b7d8-b2a69d295475","ELS APP Layouttool Admins"
"f765f116-0af8-4c1f-a388-000b2a311b21","ELS Apprentice Order Processing"
"d953a902-c812-44cc-ab1d-75285dcb0f78","GLB Proxy HTTP Access Groups"
"4b010e11-e531-4ac0-8d6b-1faa33268c87","ELS Apprentice Project Management"
"c4473811-5994-495f-9698-58933c1f53bd","ELS PER TECHNIK_Elektro_Anleitungen RW"
"451dfc77-4c51-424c-bbc7-a6e8b8e97fec","gpo - ITTRT Users IE Language Settings DENY"
"24cd8c15-f106-4b33-a454-92145d78f90e","ENS Function ManagingDirector HENL"
"f7c0f2ee-6cf0-4f74-a41e-30e8aeba261b","ELS SP_ICBP_HEIT R"
"df36322f-a473-47f4-9e60-bd4702fa83ee","ELS DepartmentHead Backoffice"
"f212263c-ff03-40c5-bb04-9c8b64d296b7","ELS PER PRJ_Tools R"
"ffe11280-197d-42fd-8a09-12246fb1baec","ELS PER TECHNIK_TechnBerechnungen_20_LOG_DATA_ANALYZER RW"
"57429bc9-f5ed-49a9-98cd-cc305eb91ab1","ELS OLD Betriebsmittelkonstruktion"
"2875da6f-74c0-4c66-afd8-ee9028a0da76","ELS PER ORGANISATION_Qualit?tsundUmwelt R"
"9b9a3387-3d02-441e-ab41-ec49d31bac36","ELS PER TECHNIK_Labor_08Infrastruktur RW"
"9a965508-2a19-4003-945c-e4fb5f095386","ELS Function Director ERP"
"9086810e-8f43-4b61-ac81-585cf0ba8f61","ELS PER TECHNIK_RnD_Innovation R"
"024d2539-4714-4913-91f7-091f255b5ceb","ELS PER TECHNIK_Apparatus RW"
"a3dcb041-9e2a-451f-aacf-8f7676da7104","ELS DepartmentHead Marketing"
"34cc4ef2-c8b9-4131-99f9-cbbaf6a7df43","ENS PER DEPT_Management_Strategisch R"
"89235db0-05a8-4f12-8bfd-017b39948c6a","MAB Function Project Manager"
"8ca298ce-8d0a-4e06-872f-8a3aa00d2089","ELS PER BRIEFKASTEN RW"
"2024c191-8176-4bda-8aa9-7d0d9ee377f6","ELS PER ORGANISATION_Management_090Finance R"
"6ce4dfc1-f285-4275-8425-d17ae2965b2e","GLB LIC M365 Power Automate Free"
"c8ded876-c134-4d0b-b2ae-7a7d67b9934d","ELS Share APPLICATION"
"8cec5940-a237-4e1d-a4a9-150c8cd49ac0","ELS Department Deviation Management"
"29a3be87-02d4-4302-aaec-13d76ff13c7f","ELS Function all C-LEVEL"
"10ef77ad-22f1-40ca-b43e-c2f65f99aaa4","ELS PER TECHNIK_Labor_20Sitzungen RW"
"f3cd25bb-f1de-492f-b26f-7b6902996506","SRMW_Intune_Role_ViewOnlyAdmins"
"c90c151d-3aae-4a37-88f2-dbac2447a500","ELS Abacus_Modulverantwortliche"
"e85ee3f9-3b3d-48bd-88a8-8a648755bb92","ELS DepartmentHead Automation"
"7864c2ea-84a9-4b77-8aa5-68d7f75f5027","ELS PER VERKAUF_009_MESSEN RW"
"096711d3-3c40-4fc8-8729-8083191d2f6b","ELS OLD Hug_Italien"
"85d30347-0f0e-481b-b23d-51004a6d629b","ELS PER TECHNIK_CAD_13_Austausch_Faurecia RW"
"cf483ab4-fd4b-4ef1-a4f1-00a2b8e1294b","ELS FunctionDepartment Marketing & Product Management"
"c5451576-2453-47b2-bd30-aacd263adfce","ELS PER VERKAUF_010_WERBUNG R"
"c004727d-d03c-48f1-bdd7-d70ea743a4a5","ELS Function FAU Support Quality Management"
"61f74f5a-49b6-49f2-8360-a5d9cff2ea6c","ELS PER VERKAUF_008_ADRESSEN KUNDEN R"
"b9ebfc16-a777-4b1d-83b7-204e002fdaf7","ELS Function Management Assistant"
"415ea8e8-fdaf-42ae-8dba-d280b9b5f8aa","ELS PER APPLICATION_Abacus L"
"95e102ce-f4d5-4da1-8153-a7e9d516da73","SRMW_Intune_Win_Devices_CAD"
"83206991-a4a2-4d81-814a-88d4774de571","BFA Function ManagingDirector HEUS"
"11661717-0769-42e1-a37e-abeec09f414c","ELS PER ORGANISATION_HHPBoard_060Budget&SP RW"
"51450e96-9244-4b46-9cab-def0ff6be9e3","WW HUG Global Sales"
"4087a3f9-2101-4a6c-ab95-b9df0d47e7cb","ELS PER TECHNIK_CAD_17_TACTON R"
"ee8cc840-62db-434c-a823-fa56b51ad344","ELS PER ORGANISATION_Finanzen RW"
"70dc0988-741d-416c-8e54-c6a05f366e1a","SRMW_Intune_Win_User_Normal-NLENS"
"c10ab1d1-f1c0-4f54-8a7b-d708a3d51194","ELS PER OPERATIONS_4Archiv RW"
"92b41592-9730-4faa-9f18-8d9a90d2e8e5","ELS PER TECHNIK_03_Entwicklungsprojekte_Keramik L"
"3a0b93bc-6942-403b-ad38-c86c001629a9","ELS APP Typenschild-Datenbank_Lesen"
"b18c00a6-1e62-477f-9ddd-378aef35b7c1","TEST PER TESTDRIVE2_FOLDER L"
"eb2d6e69-c927-40f3-8b68-81a86b55344f","ELS PER TECHNIK_SystemEngineering R"
"1c141994-014f-49b1-88f1-2b6903255aee","GLB All Skype User Administration"
"1d49f1d9-ec2e-461b-a7ed-424f00da2e78","ELS Department Produktmanagement"
"f82088e9-a7d2-405b-b483-c743ce28b738","ELS SP_Abteilungs-Seiten_PM_KnowledgeManagement R"
"ec7344a3-e0c7-4a8a-9532-fc79d5127922","ELS PER APPLICATION_Abacus_Auslastungsreport RW"
"c7992583-cf35-4eae-b761-93fe4ee1f83e","ELS PER ORGANISATION_Einkauf_03SupplierManagement RW"
"cd3afa0e-2de4-4a50-a0f9-03dcf5e2047d","ELS SP RW"
"979ba360-4e7c-4c8b-8172-a647d5a8cfcd","ENS PER DEPT_Management_10NDAFrameAgreements RW"
"e6a7ebd5-5fbf-4994-a097-eaf0925cba2a","MBI HUG Department Service"
"79cd82c1-ae2c-47a2-9ba6-9df529377a08","ELS Apprentice CAD"
"27791afa-5901-4580-bb1e-5cd853c5c63a","ELS PER TECHNIK_Elektro_Konzepte R"
"36237890-b989-4b5e-ab50-c31abbb6401e","ELS PER TECHNIK_CAD_14_MCxx RW"
"3da5143d-287d-459a-95fd-dc12721e8c31","ELS PER ORGANISATION_Service R"
"1baf9941-eaba-4e89-8337-cf0d21297b25","ELS Function FAU-BTC CAD"
"1e5776c8-93e4-48fb-8830-605d42a4d1ff","SRMW_Intune_Win_User_All-CHELS"
"b1015b20-a9ba-4da9-8d41-edefbbfe7a96","ELS Function HEUS"
"339d7d67-95c9-4588-8442-ee59d2ac7797","ELS Function Executive Board Hug Group"
"5700cd6e-3c67-46ae-9cc9-10ed4c16b334","ELS PER TECHNIK_TechnBerechnungen_80_TabGraphRohstoff R"
"d2c618aa-dd7e-4751-aca7-cc6b5dda01ac","ELS Department Sekretariat"
"d446c480-ef78-4292-9e92-e63ec895b9d2","gpo - ITTRT Computers WSUS DENY"
"4a36d2e9-7bc0-4eb5-b407-1d593a7ab247","ELS FunctionDepartment Corporate Development"
"ac34c66d-4d11-4c6a-bf2d-90ad77b8732a","ELS PER APPLICATION_ePlanP8 R"
"ee49cb75-e4d6-4381-8185-a89572545eb4","SRMW_Intune_iOS_Device_Managed"
"5d5ab851-fab4-40b5-b02a-bc43615fb3ab","ENS PER DEPT_IT R"
"3155244e-58f8-4323-ba6b-f7f033d589c8","ELS Department Finance Controlling"
"f4a050f7-af01-4e29-aeea-45620b401d22","ELS SP_Abteilungs-Seiten_Marketing RW"
"ad5b8f22-6967-4a33-a8c7-6ba206710ba3","SRMW_Intune_MobileMAM_Users_All"
"46718f50-26a9-479f-a806-609e77e57ea1","ELS PER MOBICLEANR R"
"66bcb2fd-c55a-4b37-9a16-53e23b9f019e","ENS PER DEPT_Management_4HR RW"
"d1e4b26c-6c86-4610-b5cd-141fb5d11aee","ELS PER BRIEFKASTEN R"
"2750eb6c-514e-4f22-8664-af4ae0ee2303","ELS OLD Bereichsleitung"
"99b56976-26e6-4dae-bef3-500c12f72ddc","ELS DepartmentHead CAD"
"736db164-3e1d-474d-ba37-3067eaa453d5","ELS PER TECHNIK_Labor_27Zertifizierungen RW"
"e04ea0b4-9a8d-495d-aeae-1cd2378e7f21","ELS SP_ICBP_HEIT RW"
"e6513589-8ce4-48ed-8be6-348b480896ae","ENS Department Service"
"05401b19-afed-47d7-b32a-0d015698c725","ELS Function Measurement Equipment"
"901c840f-1fcd-4c1d-a95d-69a4c6ef129f","ELS OLD Verkauf"
"10c5f252-d066-4f78-ba8e-52462d6aad3c","ELS EPLAN"
"3b4be302-0c41-4b0d-a7a8-f9e1723cc983","ELS OLD Technik"
"f8a84a86-590b-4fb3-8271-b3bfddb89a43","ELS Function Product Confromity"
"07337256-1d84-41d7-85f5-f2cc20de143d","ELS SP_ICBP_HEDE RW"
"1aadc4a1-4ac5-4176-b3de-a93cd2593939","ELS DepartmentHead Certification & Classification"
"cd2b7b2c-5da0-47a5-8d06-d530cb6eed41","ELS Zeiterfassung"
"73344608-af0f-4501-9fb1-fa89b5532563","ELS PER TECHNIK_Labor_22Bilder RW"
"99934a9d-f5ef-4744-a028-f37a293d297c","ELS PER TECHNIK_RnD_Presentations R"
"ed378aa5-0ddc-41b5-ba06-388c77786df3","ENS Function Applications Marine"
"69c9f640-c966-4d13-85ec-b7ae3885291f","ELS SP_Abteilungs-Seiten_Information Technology RW"
"b9d302b5-793c-4021-9b34-3123ea00274d","ELS PER TECHNIK_Elektro_Hug_Intern R"
"f2850510-2841-4782-862f-5b83583c5374","ELS PER TECHNIK_03_Entwicklungsprojekte_Keramik_8- F-Projekte R"
"9119e8ce-f7c5-43d3-98e9-757d354cf35a","ELS Function Director Finance HUG"
"1ac7b265-d0e3-41df-b433-49e2aa0dd4bb","ELS Function RnD Project Manager"
"4fe18158-6e4a-433a-b62a-898719b6f0b8","ELS PER TECHNIK_Productline_02PowerGeneration R"
"b1774f25-849a-4961-a842-2b993afb08d0","ELS PER TECHNIK_Components RW"
"dc69525a-9817-43b0-9dde-8154814d4364","ELS Function HEDE"
"518f2571-73a3-43cd-ad8c-14c8912998dd","ELS Department Finance"
"599a62ee-d755-4607-a04f-8b9f5cfab07b","BFA Department Sales"
"c9b8c289-e5ed-451d-908e-02e2811e719b","TEST PER TESTDRIVE RW"
"805c6255-c9ac-4f69-86ab-4784b3c9146d","MAB Function Assistant to Sales Team"
"50d286b8-a1ce-412c-8566-27bb8592a454","ENS Function Controlling HENL"
"d20aaf98-c800-4221-9aae-0dd8c55e5f84","ELS TeamManager Apparatus Engineering"
"d9d19c9b-37d8-4d95-bbf5-45d3ed3d5128","ENS PER DEPT_Management_Auditjenbacher2012 RW"
"59f81613-553a-428c-ac43-190684be78da","ENS PER DEPT_Management_0Group R"
"4fba0b26-9ad7-4b68-9a01-7726733f99f7","ELS PER ORGANISATION_Einkauf_17_PurchaseDevelopmentRD R"
"68c16121-c1ad-49fe-be2e-d870a51259d0","ELS SP_Produkthandbuch_Arichiv RW"
"5eb21f5b-0205-4690-ada6-1a43d0a3c655","ENS Function Sales Engineer"
"fbdf7ddb-a15a-4458-a58c-f4c646c1221c","ELS DepartmentHead Global Service Center"
"32f235e0-933d-4e17-aacd-731220206791","ELS PER ELSVMBABTEC1 Babtec-Import RW"
"df72bc1f-6cf4-44b4-990c-32b0b48cd4ca","ELS PER TECHNIK_Labor_39ArbeitsbewilligungFremdfirmen R"
"24057e52-3202-479b-8e19-c73248bdac8e","ELS SP_Abteilungs-Seiten RW"
"4fb4f208-a31f-4f73-aaac-4fc3098ca25c","ELS SP_Abteilungs-Seiten_PM_Certification and Classification RW"
"39f0089d-8640-40b3-9017-9e8813bde973","ELS PER OPERATIONS_5FerienUndPikettplanung R"
"3d3122e6-3213-4b46-86a2-112f9f8bfd22","ELS PER APPLICATION_Keytech RW"
"57037377-e683-4db1-8cdd-41ecc59be940","ELS OLD Projektleiter Verfahrensentwicklung"
"67eae8d6-26d2-49b8-bf3e-786a60485e4d","ELS Department Qualitaets- Umweltmanagement"
"b2c6ea1a-97c0-4abb-8daa-413838ae4976","ELS PER TECHNIK_Productline L"
"dae3e916-6d94-47fb-ae89-f5950aaf6e1c","ELS OLD Produktion_SCR"
"4abaec5d-0bd3-486c-8c19-c8c763e78b46","ELS PER TECHNIK_TechnBerechnungen_12_LAYOUT_SCR_OXI R"
"b456f514-1953-4696-b420-0575ff7d9d31","MAB Function Director SALES (HEDE)"
"09a16711-916a-4e2f-8c49-0b80dc42bac9","ELS PER TECHNIK_CAD_10_FEA_Faurecia RW"
"64f9902d-3cb3-4c68-86ac-124113c42393","ELS PER TECHNIK_Elektro_Standard R"
"3be4771d-2cdf-421b-831a-030e0019a615","ELS PER TECHNIK_CAD_00_Archiv R"
"1bec0de3-78cf-45f9-8ef3-91fac0a246e3","ELS PER ORGANISATION_Qualit?tsundUmwelt_Schweissfa R"
"4a09991b-123a-4e1b-8d11-c2e95932f003","ELS DepartmentHead Service"
"cc88a5e0-a731-43d2-92d4-95c2d6db3503","ELS PER TECHNIK_FMM Application RW"
"0c0014f0-f983-4a41-a0e2-1252f7ab6cd5","ELS Department Produktmanager_Entwicklungs_PL"
"5c63e17d-0b56-4b38-b226-dd205664020c","ELS PER ORGANISATION_Administration_Marketing RW"
"3e8ceb13-c154-4dfa-9a97-96e445c7f33e","ELS FunctionHead Corporate HR"
"1e1b32ff-53b1-434a-ac83-e7aa327e16aa","ELS OLD gr_Service"
"d142dd8f-848e-4feb-9afc-e56e4e691cc1","ELS PER TECHNIK_Labor_35Lessons learnt R"
"67b4ca44-99d9-4555-a267-8dec97be3930","ELS PER PRJ_ProjectsReport R"
"d207aab1-b39d-49b5-939d-2974a7f02ca5","ELS PER VERKAUF_022_Info aus Verkauf R"
"e4f026c2-125d-43fd-86f9-4bb419094310","ELS PER PRJ_Projects RW"
"291a493f-21c1-4201-a7e0-b56074a37f26","ELS SP_Abteilungs-Seiten_Verkauf RW"
"667a2ac6-55bd-4375-8025-624ee63641ae","ELS Department Global Service Center"
"c5862009-b5a8-4dae-95d4-1c8dc067b6a9","ELS PER ORGANISATION_Personal RW"
"941551e7-8673-4a8c-9bea-6c2431b2d93d","ELS PER ORGANISATION_Dokumentation_Dokumenten-Arbeitsverzeich RW"
"c804c9d1-a9f1-4387-a325-cc4e12b5b7d9","GLB SharePoint Admins"
"8218da56-4166-424b-8796-7cc620c237b6","ELS PER ORGANISATION_Einkauf_06ProcessesABACUSTrainings RW"
"a3e3e3d0-351f-4808-b661-ce2b68b0345d","ELS PER TECHNIK_Labor_07Auftr?ge RW"
"8e4dcb43-a177-4065-9248-342b2133eb12","ELS PER VERKAUF_022_Info aus Verkauf RW"
"b538f00a-4b53-4448-8e51-da1d5255d40e","BAV Deparment Components"
"ce18cd1c-b02b-4b7e-b151-19e893843c77","ELS PER TECHNIK_EntwicklungStahlbau R"
"dd086872-0d1d-4928-8ad5-59bbd77b3f2d","ELS PER ORGANISATION_Personal_RnDdevelopment R"
"7a7153ed-9f70-4053-a2c3-deaccd5a7ec8","ELS DepartmentHead Deviation Management"
"d9cde38f-d288-4c91-8885-a117edfbe13e","ELS PER ORGANISATION_HLT RW"
"26268c47-217d-4d4c-98a6-ba47c2bd3abb","ELS SP_Abteilungs-Seiten_Personal R"
"2d9e0ce2-e11e-4a82-a5e7-54d112b06ad3","ELS PER ORGANISATION_Einkauf_17_PurchaseDevelopmentRD RW"
"02a2f4df-d1fa-4978-a7eb-e1e8934bf014","ELS APP Keytech Users Editor"
"30543c8a-f426-4c81-80c1-42cd5cd73ffc","ELS PER ORGANISATION_PMMarketing RW"
"87e3cda7-899e-495e-88e9-9fa67bb6fc5f","ELS PER ORGANISATION_Personal L"
"45ed6daa-5cfe-4221-b253-37dd0ec42d2a","MAB Function ServiceTechnician"
"708ef6fd-7e06-4950-924a-224e28359406","ELS OLD Qualit?t_und_Umwelt"
"9232261a-903e-43fd-b012-d5ec6cff3de1","ENS PER DEPT_Management_4HR R"
"975a78f5-79c4-4b7e-9567-db01a8b40ce3","ELS PER APPLICATION_TIM L"
"382c579a-6424-4f9b-a81a-1cbbb0925154","ELS SP_Abteilungs-Seiten_InformationTechnology_Migration R"
"ece85674-d026-4ed3-a2fb-dd1c9da4d80e","ELS SP_Abteilungs-Seiten_Technik RW"
"550de505-5192-4db7-83fb-db021656a0e3","ELS FunctionDepartment Research & Development"
"48bb95e8-e1cb-4771-8087-4b5604301f9f","ELS Function Director Mechanical Engineering"
"c84d0781-e6d6-45f8-8cb2-a8b7ad05988c","ELS PER TECHNIK_TechnBerechnungen_90_GRUNDLAGEN_RECHNUNGEN R"
"fc963f72-f303-4139-a58e-16d90fe57dc2","ELS DepartmentHead Sales & Key Accounts"
"c34749ee-21c3-4f29-b748-a6bf8f89213a","ELS Share OPERATIONS"
"fa9e8525-6ba6-4417-b32f-80c2a8018cb0","ELS PER OPERATIONS_3ProduktionsnaheBereiche R"
"fa9235a7-c2f1-4f4c-8cbb-2f04928c215f","ELS PER TECHNIK_Elektro_Hug_Intern RW"
"22fc04df-8f00-47fb-97e8-50616cbb501e","ELS PER ORGANISATION_Abteilungsleiter L"
"f1df909f-f998-4ea8-aa47-c1bedf7374f6","ELS PER APPLICATION_DBBetriebsmittel R"
"0badb7a9-f13b-432c-b34d-372283dfb366","ELS SP_Abteilungs-Seiten_Finanzen RW"
"8eaddec9-4122-4ee9-bcd9-49aec9634121","ENS PER DEPT_Management_1Rapportage R"
"48bee798-438b-4ba6-8fe0-1ec214d04bc2","ELS PER APPLICATION_TIM_PublicationText RW"
"3960e9de-7ef0-44b7-92f7-cd8a4c7eabf5","ELS OLD Produktion_Leiter"
"dbf2c062-fc0d-4a9b-8291-678d6a296c95","ELS PER TECHNIK_TechnBerechnungen RW"
"3736d444-f333-46a2-a03b-58b20f1211b2","ELS Function ERP-Abacus"
"ad20465a-6b1b-4eac-aea4-7f9cd12939f8","ELS PER ORGANISATION_Administration L"
"bd2b8beb-f727-4b1f-91f0-a06b4b607960","ELS PER ORGANISATION_Administration_Sunrise Mobile RW"
"dcaf5c09-9b35-4475-986a-34c0e81b84d0","ELS PER APPLICATION_SSD_Log RW"
"03aacd9c-9693-480f-974e-3a3f5792c354","ELS SP_Abteilungs-Seiten R"
"5cefb9e3-85d8-49c8-a888-c501f1cf95c5","ELS SP_Produkthandbuch RW"
"067e02a7-fb40-478b-bb13-78a230a0fc6c","ELS PER VERKAUF_004_PREISKALKULATION RW"
"97421d19-7a07-4bd9-b88e-a9d033f97aad","ELS PER ORGANISATION_Einkauf_05SupplierQuality R"
"7725259b-b18a-4857-ae2e-e7595ef275c9","ELS Unterhalt"
"66282e45-57f6-428b-823b-8ede89db05fa","gpo - ITTRT Users Region Settings DENY"
"eb940412-0938-44dd-9443-009cb9cc0b7a","ELS Function Dangerous Substances"
"d2337f2d-991d-4f9e-a360-fe297723a491","ELS PER VERKAUF_016_VERKAUF RW"
"aff660a7-5ee6-48ee-84ef-22f638881baa","ELS Department Order Processing"
"cd1723c9-8917-43bc-9828-65c785f24a75","ELS PER TECHNIK_CAD_02_St?cklisten RW"
"a2186815-4b3d-48f5-914e-ae8e9184e554","ELS Bildvermessung"
"717f555e-a1c7-45c9-9d40-c2be74dc96f6","ENS Function HR"
"85fdf632-904d-4b44-8895-e8c605812899","ELS PER TECHNIK_RnD_Budget_PnL RW"
"544a8d61-b31a-446f-90f9-b795b08033ba","ELS OLD Labor"
"ec3f3dfe-68f5-43ee-984e-e69cfd21b832","ELS PER ORGANISATION_Management_050Americas R"
"92832905-2ce2-41aa-b294-d84cb5ff9a1b","ELS OLD Einkauf"
"91eedd82-e778-4e92-9ad5-7c2c120d7b9c","ELS PER ORGANISATION_Administration_Allgemein RW"
"c72ffba1-0d84-4528-94f2-0314bb33c866","ELS Function HEIT"
"57d93981-067e-4418-8bf0-c69047b1e3db","ELS APP Layouttool Filter EPU Users"
"6ee67b5e-8fcc-4a65-a211-0be1340db616","MAB APP Datev KaReWe User"
"7c6ad530-ce3f-466f-a5ce-ef604b51a882","TEST PER TESTDRIVE2_FOLDER RW"
"37137b6a-82f1-4675-9f56-2afd47b6f0c2","ELS PER VERKAUF_017_Lieferscheine RW"
"4c4f9429-9d14-4c4c-a02d-5b27bf29fb65","ELS PER APPLICATION_SSD_CMD RW"
"75357e51-e7b0-410e-8c53-9a94d38b3609","ELS PER TRAINING_6_HSE RW"
"e0d8a49d-2e1d-40f0-aebe-8c974a2b69aa","ENS PER DEPT_Management_7ManagementTeam RW"
"2cdc1ced-cbae-4a62-b140-304fdedafe69","ELS PER ORGANISATION_HHPBoard_030CVHHPBM RW"
"d1b05dc8-2c6e-4287-a756-e224dd5f6d37","ELS FunctionDepartment Corporate Finance"
"7b17360f-49ee-4c53-9aa0-bcf0b7b1f525","ELS PER TECHNIK_CAD RW"
"c706ee53-1b16-45cd-86e8-da70db47f41f","ELS Function FAU-System Design"
"202ff91e-d094-4dc3-be9f-eb90b696672b","GLB All Skype Admins"
"32b8b1ce-2350-40db-9aba-447030edb48c","ELS FunctionHead Marketing & Product Management"
"139c3551-e815-4da0-a750-5381d978f552","SRMW_Intune_Win_User_Shared-DEMAB"
"79dedf05-a02a-4ac0-967a-cd55007fc3fa","MAG Printer MAGPR0007"
"2ac12ff5-a666-4c81-bd8a-5770450a619e","SRMW_Intune_Win_Devices_USCLB"
"6f2b28c3-0628-4991-bbfb-509249e8545f","ELS PER TECHNIK_Elektro_Spezial RW"
"3860e7de-c32c-4d8e-8a6b-ee2bdf310fa1","ELS Department Finance Accounting"
"c660ee64-d276-485e-8e0e-cf4f2365b35b","ELS PER TECHNIK_Labor_27Zertifizierungen R"
"8d367b2c-d6a3-4014-b29a-7855e2db8d1e","ELS SP_ICBP_HENL R"
"a05504e5-7572-415c-9f60-ddf0b82cf150","ELS PER TECHNIK_Labor_15Lieferanten RW"
"2cac2426-0357-4d00-b6a2-5da56a935b9b","ELS PER TECHNIK_Elektro_CAN Kommunikation Mobil RW"
"dca1799b-f8c2-438d-8434-77b8765beb0d","ELS FunctionHead Project Management"
"632aec35-b29c-4794-8769-668894c77b5d","ELS PER TECHNIK_Labor_34SkizzenZeichnungen RW"
"9317827b-87d0-40f7-ae64-dc3f486b5cf6","ELS PER ORGANISATION_Finanzen_ReportingFAUBudget R"
"e4d01d3e-3af2-48a2-bfa4-9cbb820451ce","ELS SP_Abteilungs-Seiten_hugservice R"
"bde04169-0f64-49e4-abfb-dba9ee05d57c","ENS Disabled User"
"fdd0cbd7-1bfb-4478-9f24-e978ef07d986","ELS Department Control System Design"
"7a81b6f1-af61-44cb-8902-655f0a7dcaa0","ELS PER TECHNIK_Labor_16Literatur R"
"3014a1d9-7975-44f4-bcb7-2f1bd39da1a4","ELS PER APPLICATION_SSD_AppsTemp R"
"e43cb2b3-7cdf-43b1-9a5b-be88b7273a7d","ELS PER ORGANISATION_Qualit?tsundUmwelt_Gesetzesakt RW"
"c1c01313-73c1-4967-874a-f992ca1f063b","TEST PER TESTDRIVE_FOLDER L"
"9a7b1f63-6346-4286-a83e-c083284ea3f4","ELS PER ORGANISATION_Dokumentation_Dokumentenstamm R"
"3366c819-9b9a-4329-a5f9-b18c9be3ef50","MAG Users WLAN Access"
"2ec0bd03-fbae-460c-b1a0-f7afc39d2ad8","ELS PER TECHNIK_Labor_29Gesetzgebung RW"
"32d11662-f81d-4331-a18b-463d13d2d569","ELS PER ORGANISATION_Qualit?tsundUmwelt_ProductConf R"
"3c5af49c-3d1f-42da-b30f-5d7e298f102c","ELS PER TECHNIK_TechnBerechnungen_99_UNSORTIERT RW"
"83b0bb7c-8bc2-44e1-8537-92345a36078c","ELS Share EPLAN"
"3e307d65-9449-477b-a11d-097fba59e5aa","ELS SP_Abteilungs-Seiten_Projektleiter RW"
"7cd90286-c9e4-48b7-b241-c72fbd89342c","ELS PER TECHNIK_TechnBerechnungen_99_UNSORTIERT R"
"998577b1-2329-4e9f-9c82-fcabb2c9af56","ELS PER ORGANISATION_Personal_RnDdevelopment RW"
"de9a3206-b2d0-4382-aa13-b3ae7c86dca9","ENS Function Aftersales Backoffice"
"720b8368-21de-4503-8056-c5ba8d2408fb","ELS PER TECHNIK_Labor_10Entwicklung R"
"8b965998-20d4-4c52-a30e-8073fcd412d0","ELS PER TECHNIK_CAD_03_Zeichnungen RW"
"c124351d-fdb1-4c65-957e-fb1368af617e","ELS PER TECHNIK_Labor_35Lessons learnt RW"
"5ba5a79b-3e75-4e44-94f5-ce949b6a55d2","ELS PER ORGANISATION_GLT RW"
"94dea706-0df3-4d49-a5a1-22a9196fdde2","ELS DepartmentHead Order Processing"
"b27baa9a-80cd-403a-a555-093a1f587662","ELS OLD Produktion_COR"
"508c0e8c-d855-41f0-9c69-341eb62b8242","ELS PER TECHNIK_TechnBerechnungen_90_GRUNDLAGEN_RECHNUNGEN RW"
"e95ea891-1e74-4a43-b185-3f9ae7aeb8a2","ELS PER TECHNIK_CAD R"
"66f213c8-1a61-465f-9646-86ee1a27382a","ELS PER ORGANISATION_Gesch?ftsleitung RW"
"887bbdfc-3e40-4267-b395-e05a77e0a964","ELS Department Marketing"
"69f9d31c-b4f8-405b-8095-fd6e46f05b47","ELS SP_Abteilungs-Seiten_Application R"
"049f0407-7229-4792-beb2-c2d06962bd48","ELS PER APPLICATION_Durchlaufofen R"
"3934d975-4193-4df8-8ae9-4a7b394d18fc","ELS PER ORGANISATION_Service_ServiceGlobal R"
"4067ea66-6ca2-45c8-a990-7f1e93bac3df","ELS PER TECHNIK_TechnBerechnungen_30_TOOLS_MAINTENANCE_DATA RW"
"890e235f-527f-482f-b69a-346272845c3d","ELS PER ELSVMABACUSTST2 ABACUSTST RW"
"2b28b988-7801-4a86-bc07-198cf408a292","ELS APP SalesDB external access"
"b1defe35-f277-492d-94ab-67c8611c6ea3","ELS PER TECHNIK_Elektro_Schulung R"
"267c6220-0d29-4e61-b457-85b21c10f5a7","ELS PER APPLICATION_ePlanP8 RW"
"10bf90a3-040e-442a-9134-97c8d69c7af0","ELS PER TECHNIK_SystemEngineering RW"
"2b5f25a4-55d4-42fc-9061-bd876e12ef5c","ELS PER TECHNIK_Labor_02AuswertungLabormessungen RW"
"c48525d1-7d96-41e7-b039-d1de5682be29","ELS SP Admins"
"fb6a9842-7bb9-437e-b1ce-abf48b9d5b46","ELS Department Entwicklung"
"4f89cdeb-12a5-48be-8748-3f6a254d3a02","ELS PER ORGANISATION_HHPBoard_030CVHHPBM R"
"fad4a8b8-ad38-430e-a907-bbff54d64caf","ELS Department Quality Planning"
"750e1aba-69a4-4ee1-8eb3-f4cdd38456b1","ELS PER TECHNIK_AFO RW"
"262ecd63-1af3-4903-b0fe-303da2d9bf30","ELS PER TECHNIK_Labor_05Auslegeprogramme RW"
"334730e4-f48d-490e-8996-a003b202dc7a","ELS PER PRJ RW"
"9b0e9f4d-882c-4f6b-a4c5-34dfdc36c4a5","ELS PER OPERATIONS_3ProduktionsnaheBereiche_2AVORLager R"
"5ae02317-bf74-4fb0-832a-027c7989ec4c","ELS FunctionHead Application"
"15cf3d32-e4ec-4e07-99ab-f48c4ee12ca6","ELS Function GLT"
"6825a4fa-b698-4e1f-9d59-e35989a5bc2d","ELS PER ORGANISATION_HHPBoard_000Archiv R"
"9cb16ff3-ce88-4140-bc18-3680d21980b1","SRMW_Intune_Win_User_Shared-ITTRA"
"ab831b65-ef94-48b9-9f93-cbbac1f6b1ae","ELS PER TECHNIK_RnD_Fuel-the-growth R"
"54fa3f89-ca39-4130-9012-fb7616d1f61f","BAV Function Control RnD"
"5dbca365-e31d-4a6d-a78b-36eb1f2c56ce","ELS SP_Abteilungs-Seiten_Entwicklung RW"
"2de02d65-4a1f-4544-a752-e8a96aaab299","ELS PER TECHNIK_TechnBerechnungen_10_AUSLEGUNG_ANLAGEN R"
"60694b9c-28f7-4763-aacd-91a356e91ad8","ELS Department Testing"
"0b03f415-229f-45c2-b935-e93a2993aa04","ELS Function SoftwareDevelopmentProduction"
"99e3b275-aba9-404d-976c-c63e03cdc82e","ELS Function Director RnD Project Management"
"c13a2195-8392-4a42-8dbd-e05dbef78ac0","ELS SP_ICBP_HEUS RW"
"6c60ec47-5d5a-4521-8a08-2f758fac4351","GLB Proxy Client Access Groups"
"fb95b8ed-819e-4e74-83cb-56acf12ffc82","ELS PER TECHNIK_Labor_02AuswertungLabormessungen R"
"88679a9d-6f5d-45a3-957c-9793eebc7c73","ELS PER ORGANISATION_TechnicalRedaction R"
"bf45e8f4-20e0-403e-938a-607f379e9cce","ELS DepartmentHead Technical Service & Maintenance"
"eb934d23-20f2-43fc-be75-41baa4df8702","ELS PER TECHNIK_Elektro_Modulbeschreibung R"
"4f0bb9a5-1a19-40c8-99da-c79fda1c3152","ELS PER APPLICATION_Abacus R"
"689de854-2fd4-4ca3-82d8-5aaa6ca8a1c0","ELS SP_Abteilungs-Seiten_Projektleiter R"
"82923c33-33ae-4e99-9d98-1cee1d36ff94","ELS PER TECHNIK_Elektro_Schulung RW"
"4c39e43a-dd59-44b5-a6f4-5341e618bbcf","ELS PER TECHNIK_Elektro_Modulbeschreibung RW"
"74fd05c1-264b-48bd-8aa7-1b2cd6217d42","ELS PER ORGANISATION_HHPBoard RW"
"ae471eec-b0f6-4316-b489-2e3d3abbc69b","ELS Function Finance Order Processing"
"605e300b-dd14-4d62-b7eb-5ba9709b604a","ELS PER ORGANISATION_Management_010BSC-KPI R"
"36eb6dec-8ae8-4cf0-be00-96049aef0bef","ELS APP SalesDB RW"
"9e2f4c9e-892d-4c3f-b949-35de44cfce4d","ELS OLD Hug_Niederlande"
"8cdbe6fd-eec2-4c22-95cc-7a0993d261f5","ELS Department ERP"
"ccd16ad1-02f8-4343-8906-50ef270738fd","ELS APP Productstream CAD"
"835b9d3e-8500-4b47-b981-591702934de6","ELS FunctionDepartment Corporate HR"
"8e3fc5a6-2614-4e54-b1cb-3af9e7577d00","ELS Share srv3hug PHYSIKLABOR"
"ba4d3b9d-e6f0-413b-85c2-bbd3481aca04","ELS PER APPLICATION_ePlan8 R"
"e68fe1dc-15e8-48d0-bd01-519344f1c86c","TRA Function Administration"
"871c3136-0709-4dd9-be8d-9834a866281c","ELS PER APPLICATION_SSD_AppsTemp RW"
"fcb5f0a9-2863-442d-bbcc-e4ead8718359","ELS PER ORGANISATION_Qualit?tsundUmwelt RW"
"7b0788f5-9c5e-488a-9fbb-c6be74b23314","ELS PER VERKAUF_003_OFFERTEN RW"
"0dd9d787-f5e0-4ac2-98b1-29a61037e741","ELS PER ORGANISATION_IT L"
"6833a8d3-1df9-4b46-b5b3-735ba4893d08","ELS PER ORGANISATION_CorporateDevelopment_Corp. Dev R"
"935c48f9-f5dc-45d6-b429-a426e57d437f","MAB Function WorkingStudent Administration"
"283580d9-8dee-46b5-98e9-272735da5dbb","ELS PER TECHNIK_Elektro_Korrespondenz R"
"97708c52-0c7d-4fff-bcaf-d6bd5d81ff46","ENS PER DEPT_Management_2Sales R"
"4f9dca23-c829-4837-af1d-b9b5bde72c99","ELS Share TECHNIK"
"61e4400b-e704-46ee-94ae-b937806f9d93","ENS Share Service R"
"b486f314-7a3c-4441-aed4-ee0fc8dfc2cb","ELS Function FAU Regulation & Certification"
"8a0046f3-663d-47ab-8700-6cacb3f5d5c1","ELS NTFS Projekte"
"2a90d1bd-2495-4611-a1e8-902514966471","gpo - ITTRT Users Backup Profile DENY"
"f97a22fd-63d5-40f3-8db7-13e67a14f196","SRMW_Intune_Win_Devices_All"
"b277cb23-f4f7-46eb-af68-bee518df8d31","ELS PER VERKAUF_011_VERORDNUNGEN_GESETZGEBUNGEN R"
"6541583d-533a-4997-90cd-ccf3f85183b8","ELS PER ORGANISATION_HHPBoard_000Archiv RW"
"fbe0d734-c7b0-476f-a70b-6cd2bdaa207e","ELS PER ORGANISATION_TechnicalRedaction L"
"059ed135-73a0-4704-a68e-e2910223a8f2","ELS DepartmentHead System Design"
"81a6097f-504b-42d7-a89c-fdf327b18312","ELS PER ORGANISATION_Administration RW"
"0067bc11-3da7-4f72-be7b-575262b0a466","ELS PER OPERATIONS_2Technik RW"
"f59cf9e9-3526-4e5b-8fe5-7d68213834bf","ENS PER DEPT_Management_5FinanceLegal R"
"cc91b88b-46f3-4239-8d4f-975d92628515","ELS PER HECN L"
"b8402b13-1b76-4ce9-bc73-2e35f89693e3","ELS PER TECHNIK_Productline_03LifecycleManagement RW"
"bf86b50a-9f99-4e1e-8177-44c6cbe68a4a","ELS PER TECHNIK_Productline_05Common R"
"996109ed-87b6-4df8-9afd-ff31b2579e77","ELS PER VERKAUF_003_OFFERTEN L"
"58b55f85-9760-435c-9063-30617eafa237","ELS PER TECHNIK_Elektro_Entwicklung RW"
"3c45c35b-a30b-478f-a411-56fa20cdd8f2","ELS PER ORGANISATION_Gesch?ftsleitung_Vision2020 RW"
"0e5ed116-da93-4ec4-8bd9-2d98c7394973","ELS Function all Apprentice"
"bf267d0c-5f76-4394-a50d-c69e8d6bb811","ELS PER ORGANISATION_ERP RW"
"94e5fba6-9e28-4df6-a992-40acc0102aa9","ELS PER ORGANISATION_HHPBoard_070Organization RW"
"aff9a5dd-ed08-4650-abb8-6c0c5c72224e","ELS PER TECHNIK_CAD_10_FEA_Faurecia R"
"83aa9cd8-1645-4c92-b587-1b975cdbcf78","ELS PER ORGANISATION_Management_060VP-Coordination R"
"af5766ba-6407-4b1f-8fb4-fb60d3098de8","ELS TeamManager Purchasing"
"ed6c5018-7427-455b-941a-bb1b86e2270b","SRMW_Intune_Role_OperationsAdmins"
"bdc7b8d5-4967-43d9-9a0b-efcaa466dbeb","MBI HUG Function ManagingDirector HECN"
"cd1f36f9-e904-4e65-bfbc-d81ac655d7f0","ELS NTFS Labor"
"7c6ac069-3368-4295-98a1-22d342070273","ELS Function Electronical"
"6d861a3d-38c0-4044-867b-65f3b2c7aac6","ELS Function Waste"
"abbd13c3-2981-4fe1-a60e-d9c9ad1d3e1b","ELS PER APPLICATION_Keytech14 R"
"fc52736a-2930-49f8-986c-f7d2a7ac367c","ELS PER TECHNIK_RnD_QUality RW"
"74995570-931f-4bc2-80b6-76ecc951a7aa","ELS Russabbrandverhalten_Partikelfilter"
"a4f9cd38-66ea-46c5-b851-ec8ad4f5abc5","ELS OLD Dokumentarist"
"1e0ded09-5da2-4284-be6a-db9907cc53c7","ELS PER TECHNIK_Labor_21Korrespondenz R"
"92b67dd5-718f-423b-9033-31d9986be9e9","ELS PER ORGANISATION_Projektmanagement R"
"8a22053d-fb04-4c8b-9df6-36be039bb078","ELS PER PRJ_CCIMO R"
"c55cf2de-55c2-4314-9a26-83b22c9f4448","ELS PER APPLICATION_Durchlaufofen RW"
"984e988d-7a2f-4d44-a3dc-2e14c43d136a","ELS PER VERKAUF_016_VERKAUF R"
"b5c796d6-650a-4e50-ab78-37b1a41e3949","ELS PER ORGANISATION_Management_071SCM R"
"b8f5e11e-7d66-40ab-814e-1bbd635efa8f","ELS SP_Abteilungs-Seiten_Entwicklung_Entwicklungsberichte RW"
"b17b2e9a-3e06-4024-afeb-7aaf251857bc","ELS WabenProduktion"
"85dd904f-45b2-4964-94d8-80e1fdeeadf3","ELS PER TECHNIK_ProduktManagement RW"
"296710f1-0a09-42f0-a0a4-f8f6b0378835","ELS PER APPLICATION_VM R"
"0dfeaeb8-ea12-4867-91a5-34884a553565","ELS FunctionHead Quality Management"
"c18b875a-9c6d-4f9b-92f7-58435592e408","ELS PER ORGANISATION_Finanzen_Auftr?ge R"
"be21dd83-bc24-4079-8c05-4ce2e5faf982","ELS PER TECHNIK_Productline_04PortfolioOptimization R"
"804b2a3f-8107-4707-9532-625984528c42","gpo - ITTRT Computers IE10 Install APPLY"
"485de90a-54a4-4c6b-8018-2448ca240371","ELS PER TECHNIK_RnD_Innovation RW"
"84b9ba37-aea0-4c6f-abb5-eaaa442a43c7","ELS Apprentice Customer Support & Logistics"
"4350563e-d3d1-4910-803b-9f66882c4890","ELS PER APPLICATION_Eplan RW"
"3b8c7ac6-a89c-4929-8154-f626a859c8cb","ELS PER TECHNIK_Elektro_Anleitungen R"
"ccc2a7b0-b2c9-4fbc-b382-bb2bac9358ef","ELS PER TECHNIK_CAD_03_Zeichnungen R"
"bb6d07ae-cd61-4faf-b713-4db8a2186381","ELS PER ORGANISATION_CorporateDevelopment R"
"b114fd51-8b42-43fb-b79d-9023982ece9e","ELS PER VERKAUF_023_Preislisten R"
"b861ec1f-346b-4bdc-9ec3-d6b541d4389d","ELS PER ORGANISATION_Personal_HENL R"
"9ff899d0-ae13-4561-8c9f-2fbf8981dfc2","ELS Share ABACUS"
"4c7da14e-b605-4a40-a5fb-f57a8dffaeb9","ELS PER TECHNIK_Labor_06Pr?fverfahren R"
"fd3008c1-54a6-4c62-8c80-34105c999d77","ENS PER DEPT_Management_101Algemene zaken RW"
"d703b53c-ac8d-4d32-ba41-fb06ca0605c8","ELS Department System Design"
"c3452bb9-c23a-4844-897f-a3feb4c203fa","ELS PER ORGANISATION_ApparatusEngineering R"
"85dd1b6c-b59d-4a36-8f8a-5d427ba96ae0","ELS Share ORGANISATION"
"f9271b62-a941-4cba-a68e-514a8c8fa6cc","ELS PER TECHNIK_RnD_Management RW"
"18913620-4ef7-4882-b894-5ac7b9555f32","ELS PER ORGANISATION_CorporateDevelopment_Corp. Dev RW"
"6401c631-3676-42cb-912a-b419d32c1d68","ELS PER OPERATIONS_3ProduktionsnaheBereiche_3QSUmwelt R"
"548ce60f-b842-492e-900b-f7846535567b","ELS APP ExpoVit_Users"
"df7eb67a-218d-4dfa-9013-5ea54c94e177","ELS PER OPERATIONS_3ProduktionsnaheBereiche_1Kundendienst R"
"fb09046b-65d4-4f6b-8801-7ae5452a3226","ELS PER ORGANISATION_Personal_HECH RW"
"f316e21e-fde5-4283-8f50-4a3987f86533","ELS PER ORGANISATION_Personal_Versicherungen R"
"b56ee9e7-4f6f-4689-bb25-e6ecefc8ace8","ELS Lagerbewirtschaftung"
"a9d5be4b-e59d-4e57-86cc-43cc6cea0b9c","ELS Share AUTODESK"
"71591538-9e72-4dcf-97ef-a20552d9534e","ELS PER ORGANISATION_Administration_WelcomeScreen RW"
"cf4845ca-91de-45a7-ac80-5c8a2f23445f","ELS PER OPERATIONS_2Technik R"
"c6269566-599a-45ba-82b9-dcf2f462ec60","ELS PER APPLICATION_COMOS RW"
"a819038d-811d-4e75-85d7-161cf638c638","ELS PER TECHNIK_Labor_12Messdienstleistungenext R"
"f5a16f75-7ccb-446c-b27d-3eb6313484ac","ELS PER OPERATIONS_1Produktion RW"
"efaaa10c-e789-456f-bfd4-c0e389216ef1","ELS PER APPLICATION_SSD L"
"957778c6-28fc-4214-850b-b435b054e39c","MAG IT Admin"
"44edf847-8859-4f9b-a193-f5e7e962f1dc","ELS PER APPLICATION_TIM_FCTTIMWORK RW"
"c18875b2-111b-4d75-a282-b8f9a2afd50c","ELS PER ORGANISATION_Finanzen R"
"4bd2e9f8-780c-44d5-bd03-6d0a010826d7","ELS PER TECHNIK_Elektro_CyberSecurity R"
"bd67eacb-c190-48c3-9dba-196ee94771c6","ELS PER APPLICATION_DBPrK RW"
"403c5ce7-0304-40a7-99f2-8f11b924d382","All Users"
"e3eb621d-237d-432e-8d0d-7a7f6e6d2724","ELS Apprentice Sales Agents"
"e1c4ecc2-b988-4938-a223-782b51f2bc4c","ELS OLD Produktion_MUL"
"df16c669-6302-41ec-80f6-9a8034da5570","ELS OLD Hug_Schweiz"
"cd5b1885-c422-48f4-a24c-4edb69707a47","ELS Department RnD Project Management"
"c24ec401-d0e4-44a1-9875-0c0c038dff29","ENS Function Marketing"
"7bca91e7-9cbc-4b74-833f-928b8177baa5","CH-ELS-TeamsQueue-WarehouseLogistics"
"ca1168b5-0ed4-4458-9d98-04b9f03e4197","ELS Function AFO-CH"
"7b3d6e48-59f2-48d7-8cdf-3d0e44fecee9","ELS PER ORGANISATION_Dokumentation RW"
"fc97e080-a8b0-490b-932c-ab49aecf677a","ELS PER VERKAUF_012_NICE TO KNOW RW"
"d453550d-11ec-40c6-83a0-0c9d03d82c93","ELS PER APPLICATION_Abacus_Auslastungsreport R"
"1e5f3ee2-ae5f-484a-ab3a-3be9e0d3afd8","ELS PER TECHNIK_AFO L"
"57db30ad-c450-4f99-b397-007c4dfb2cdd","ELS PER ORGANISATION_IT_Projekte R"
"7c6d29df-601e-4e02-9248-bff9789a2b56","ELS PER TRAINING_4_Einf?hrung R"
"8f2b9261-ffe8-41a7-9db3-c69f847593ef","ELS SP_Produkthandbuch_CAD R"
"9434f3e9-6436-4387-a1fd-0a239979825d","ELS PER ORGANISATION_Administration_Schulungen RW"
"0e381ff7-78b1-488b-b2f7-524a104229ad","ELS PER OPERATIONS RW"
"e87de99c-90c0-480f-8942-8dd1e22b0871","ELS PER TECHNIK_Elektro_Produktpflege R"
"bd594324-29c3-489d-9789-bbb3b2ad9fd8","ELS PER TECHNIK_RnD_Benchmarking R"
"e8620cd8-d927-46e0-b390-d0e7d3dac4a8","ENS Function Health_n_Safety"
"2a18ca29-53aa-4413-9491-ca568ac84ddd","ELS Function Safety_and_Regulations"
"2bd00597-0ee7-4189-b27e-263159150cd5","ELS PER TECHNIK_Labor_18Organisation RW"
"45e5cf5a-ceac-44e0-802b-cf78de6decd6","ELS PER TECHNIK_Labor_19Messmittel?berwachung R"
"b78d68df-a26e-4143-85c8-41281ec3720f","ELS PER TRAINING_1_HUGACADEMY R"
"a4a5d9c0-1456-470e-a585-d1ce68ffdb0a","ELS PER ORGANISATION_Qualit?tsundUmwelt_z_Archiv R"
"d653df70-42ab-47f4-81f6-b4670d154667","ELS Function FAU-Functional Development"
"50eea1c4-6fb7-411b-bece-30ada3ad3425","ELS PER ORGANISATION_Management_040Asia R"
"08dea55e-24ac-4da7-9099-cc4f57836431","ELS PER TECHNIK_Elektro_Anlagen_Spezial R"
"107bda6a-f655-4458-9080-9e1aa13f311f","ELS DepartmentHead Sales Agents"
"43a1d3fb-229b-4e3f-944a-94199ca10f38","ELS PER APPLICATION_DBBmk RW"
"95d6401e-cfdd-4745-b47c-7f8e1ee86909","ELS PER ORGANISATION_Personal_HEUS RW"
"06547a1d-90c8-4f43-9a42-f37b33bd8bce","ELS OLD AVOR"
"5d19a878-57bb-4768-bcd9-ea361eda709b","SRMW_Intune_Win_Users_All"
"4c1140e7-3bde-4a11-a245-8b8ca418785a","ELS PER ORGANISATION_TransportLogistics RW"
"adc29829-0812-4c8a-b2d4-9a87fd551365","ELS PER TECHNIK_Productline_02PowerGeneration RW"
"b6197424-4535-4a27-b3fe-dec887edad3e","ELS PER ORGANISATION_IT_Lehrling RW"
"6bd753d0-70f7-4e4d-be02-94a1894196a2","ELS PER ORGANISATION_IT_Sicherungen R"
"4bb29c03-65a3-460b-981f-902434f461b3","ELS Department Work Preparation & Warehouse"
"adcde3a9-796e-41b0-98be-799ae7d907ad","ELS Function First Aid"
"84383abe-6615-4b96-8f3f-c04fe34399b3","ELS PER ORGANISATION_Management_071SCM RW"
"63b833d8-3557-4664-9845-33e94c60d88e","ELS Function FAU Digital Services Development SVM"
"5166458e-19ca-439d-8cc0-b6fa36f0f0e4","ELS OLD Hug_Deutschland_CSS"
"56582b00-e846-4dd5-a3b8-360dfb58aff0","ELS SP_Abteilungs-Seiten_Verkauf_Preislisten RW"
"d75eeed6-7d2f-4057-b4b6-c4f1f501602c","ELS PER ORGANISATION RW"
"e4ae5f97-326c-451b-9a5c-3d827d99ce86","ELS PER ELSSVABACUS1 AbaScan RW"
"0f50eb30-ec96-4f18-ba39-96ed78e27d9d","ELS APP Datenbank_Betriebsmittel"
"88c8a874-13f3-43ac-9646-ca67149b895b","ELS Apprentice Deviation Management"
"b89432a3-45ea-423d-96ab-0a065c637838","ELS PER ORGANISATION_Qualit?tsundUmwelt_Umwelt R"
"53f702f6-0e47-4b60-96de-c3510ba54b43","ELS Function Director Finance Controlling"
"fa9f6d87-c8b7-40c0-beb1-c3d56863b1db","ELS PER APPLICATION_Abacus_CorporateHR RW"
"975c7a04-2a6b-4f7f-8594-ddd3fe61e58b","ELS PER TECHNIK_CAD_99_Outlook_Archiv RW"
"875b4096-8b47-493a-92bd-154b28f1e733","ELS PER ORGANISATION_Einkauf_05SupplierQuality RW"
"184b1d06-8b46-41f2-aed6-5bf4173cb2cd","MBI HUG Function Finance Controlling"
"a847f9f9-e8a9-493d-b252-19a857aecdd2","ELS Department Customer Support & Logistics"
"c532dc2b-14d5-47c2-8fc3-ffd06aef0836","ELS PER TECHNIK_Elektro_Bibliotheken R"
"1122fe8a-3e36-431a-847c-387708b9e6fe","ELS PER TECHNIK R"
"7d04fa97-2356-40b3-a3c4-eadf239ff26b","SRMW_Intune_MobileMDM_Users_All"
"22944e86-9468-4a07-a341-ebd60e9fedb2","ELS PER VERKAUF_006_MARKTFORSCHUNG und VERTR?GE RW"
"41acd61d-02f6-4027-a06d-1f4a0ae97b4f","ELS PER PRJ_ProjectsReport RW"
"ad280a59-d999-4c19-b260-68f61770e1e9","SRMW_Intune_Android_Devices_POWP"
"37fc5d7b-fce2-4412-948a-b5a08b4437a6","ELS DepartmentHead Ceramics & Catalysts Development"
"d57290e2-a7ac-4bda-b9ae-0bcea309227a","ENS PER DEPT_Management_HUGMT RW"
"2fffd871-a403-4a45-a0ce-7a79a56033f0","ENS PER DEPT_Management_Oud R"
"2d40887c-7449-4f08-9564-30c85ff55656","BUH Domain Users"
"baad7d02-47a7-478b-a891-8c1622d69c72","ELS PER APPLICATION_DBSales R"
"ee983740-3967-48eb-96b9-94926d70a1da","ELS PER VERKAUF_023_Preislisten RW"
"ad8b074f-9977-43cc-baa0-ea3a56f730ba","ELS PER TECHNIK_RnD_Presentations RW"
"5b2d5dac-3abd-41cc-a0fa-5911bb5c5412","ELS DepartmentHead Finance"
"5a938669-65fd-4eca-920d-981fc68382c0","ELS PER ORGANISATION_HHPBoard R"
"b24ca8fc-b1bd-41ee-be7b-90a5eccdf1b8","ELS PER TECHNIK_Elektro RW"
"1d661926-750f-436c-9b73-6b941e786e01","ENS Share Service RW"
"beb1b44e-bd52-4a73-b821-927abab5a20e","ELS PER TECHNIK_FMM Application L"
"cf47b6ed-71e7-4696-8c02-50cbc69bc4f7","ELS SP_Abteilungs-Seiten_Application RW"
"0d224e06-45f2-4584-9cea-89b87f1e4a8d","ELS PER TECHNIK_CAD_04_Zertifizierung RW"
"b4be34a3-f251-4daf-8ccd-c09d4d39b190","ELS PER TECHNIK_Elektro_05_Datenbank R"
"84f8b19c-8fa4-40ec-af3e-16c702585569","ELS PER ORGANISATION_IT_Archiv R"
"dbb44de1-29a8-4a2f-8435-eb21f0abadf1","ENS PER DEPT_Management_2Sales RW"
"c0b1fba6-e622-44e3-970e-776cc9879c85","ELS FunctionHead Sales"
"54a1889b-b38a-4db8-bd7f-1c501622bfb2","ELS PER ORGANISATION_Safety_and_Regulations R"
"510a1b83-1482-43dd-bb65-7533553b0658","ELS PER ELSSVABACUS1 ABACUS_HERKFGZ R"
"81f6e1a1-ef36-43a1-a849-a98b79dd499e","ELS PER VERKAUF_009_MESSEN R"
"86ccc9fc-4a6a-4b09-b3a1-48193429496a","ELS APP SalesDB Admin"
"0b6fbfd7-d201-4666-8843-4334c26ff936","ELS Department Entwicklung Keramik_Katalytik"
"4bdc29a4-69b9-4c27-ba4a-c18297c9e24f","ELS PER ELSSVABACUS1 ABACUS R"
"72b160b4-ec5b-4a10-998c-027b46879ba9","ELS PER APPLICATION_BnR R"
"9bb497a4-cf3b-4472-9d5f-970088aa6f00","ELS PER ORGANISATION_Management_030Europe RW"
"2bf75651-d443-4d5e-8d81-58bc09201ffc","ELS PER TECHNIK_Labor_39ArbeitsbewilligungFremdfirmen RW"
"924643a4-9344-408c-9e7f-93c6eb65d2a9","SRMW_Intune_Win_Devices_ITTRA"
"f87c7392-32f2-4d0f-9add-05fdce209103","ELS PER APPLICATION_Abacus_Dashboard R"
"3a343a82-e279-4064-b6c8-4572dd0b7ed3","ENS PER DEPT_RapportSys R"
"5ef73903-26e7-4d23-a1b1-48f5ff0eff95","ELS Function HECN"
"aa6f5c05-d6b1-4ac4-b327-6ff78a4ddab9","ELS SP_Abteilungs-Seiten_Marketing R"
"59020339-f81b-4b0c-9379-d9d04acb6b12","ELS Function CTO"
"d8a6c57c-5aff-4c71-a17f-258fc9dcad86","ELS OLD Brandschutz"
"6c29de5e-8a4e-46e2-aee8-06e8d80cc56f","ELS Leitung Technik"
"9de8e963-23cc-4c21-b412-1072ffc241b0","BUF Domain Users"
"8277e3e7-902f-4dda-8a98-7f3788834e65","ELS PER TECHNIK_Labor_24Temp R"
"3a91736a-33ec-4151-848d-8fdef583cf50","ELS PER TECHNIK_Labor_19Messmittel?berwachung RW"
"f3a7984d-2a15-4c9a-a766-45b87d79fd97","SRMW_Intune_Win_User_All-DEMAB"
"17263ff9-59d3-49c5-96ba-65541782357e","ELS PER TECHNIK_Elektro_Projekte R"
"ca74397e-4227-4c5c-af53-9591781ff059","ELS Function OUAdmins"
"f7db523d-5698-4be4-ad83-0ebe967aebc0","ELS PER ORGANISATION_Dokumentation_Dokumenten-Arbeitsverzeich R"
"6473f408-8a46-4166-a4a9-fe92abfa808b","ELS PER ORGANISATION_WarehouseLogistics R"
"cb5783b7-f153-4b42-be5b-a9e50385a8cd","ELS PER TECHNIK_Labor_04Berechnungen R"
"b6fbaa05-4057-485a-8bcf-0a2f6676a1a6","ELS PER EPLAN_EPLANP8 RW"
"0d18b034-58f5-45c9-b496-e3bf3a5f7f65","ELS PER TECHNIK_CAD_13_Austausch_Faurecia R"
"3377c293-ca91-4f30-aa92-7bd313ade2a9","ENS PER DEPT_Multivers R"
"909c82b5-cbd5-4a7d-b39e-63dff354824d","ELS OLD Produktion_Beschichtung"
"9d35c68e-ae85-4f88-bdc0-9d7b84f60a60","ELS PER APPLICATION_TIM RW"
"d252ea70-bc9c-4092-9485-eb246c72f6dc","ELS PER ORGANISATION_Qualit?tsundUmwelt_Arbeitssicherheit R"
"4994d6f5-f45b-4dbf-a9e2-4b7533701001","ELS PER ORGANISATION_Management_030Europe R"
"f4cc36ad-e02a-45e7-b7a5-c04afaa11243","ELS PER ORGANISATION_HHPBoard_100Minutes R"
"54d34a51-37d0-42ea-88c2-4e559aa1a28b","GLB LIC M365 Teams Phone Resource"
"ca8d754a-63fd-4ec6-91f8-2445b34fea31","ELS Function HECH"
"4010ec5f-5290-4618-9635-cd7acaf4b9d3","ELS PER TECHNIK_Productline_01Marine R"
"6ed2b62d-ad33-4c41-9779-c148322c6c0f","ELS PER OPERATIONS_3ProduktionsnaheBereiche L"
"72f66e77-46c6-417a-8854-6ba3f493748e","ELS PER ELSSVABACUS1 ABACUS RW"
"6938d5c3-9817-4ff6-bc94-d444237817be","ELS PER TECHNIK_Labor_22Bilder R"
"16010c80-8f95-4527-9d40-d23bb977f09d","ELS PER APPLICATION_TIM_FCTTIMWORK R"
"846dbe77-7c38-4dc7-9577-025a3a17bfe3","ELS PER APPLICATION_Handbucherstellung RW"
"088518e4-899e-4a4a-91f2-32ca72e1b468","ELS PER TECHNIK_RnD_IP RW"
"e8ce7120-86db-411c-b2ae-0df5a398049c","ELS PER TECHNIK_Labor_37Conferences RW"
"70893b74-4298-4a0f-ba06-a026123ed72f","ELS Department Pruefstandlabor"
"5438cd80-0824-4455-a5dd-40cd4e1d1ed5","WW HUG Global Project Management"
"acc202ef-0166-449a-9e3c-de663bd75559","ELS PER APPLICATION_ePlan8 RW"
"163ff671-75de-4eea-bff1-2de24488ea8d","ELS Function Director Finance Accounting"
"44405b1c-064c-4d67-bd88-20a732b386bf","ELS OLD Produktion_SiC"
"26157509-f955-4562-af15-99aade45a63c","ELS PER ORGANISATION_TransportLogistics R"
"1c489bff-04a6-4ea2-ab00-57771cf6aa3a","ELS PER TECHNIK_Labor L"
"907827c5-7584-4732-a97d-6c00338ca874","ELS FunctionHead Operations"
"0bf4177b-b2d9-4805-b073-a6becc9e2fb6","ELS PER PSP_Data R"
"29a77ddd-315f-4cd0-84ce-efcf8851613f","ELS PER TECHNIK_TechnBerechnungen_80_TabGraphRohstoff RW"
"1a221700-b12d-4ee8-ad09-254c06e6f37a","ELS Function Group Controller"
"d23d0c90-6234-4999-83f5-1e4ecf291a3c","ELS Department Globaler_Servicemanager"
"52b15837-1d19-4e7a-9525-91679a63b03e","ELS PER TECHNIK_Labor_32Kontakte extern RW"
"903bf132-f054-47f4-8400-9caa05d0c379","ELS PER TECHNIK_Elektro_Organisation RW"
"0ea3d768-237b-43fd-aa1d-d583be68cf76","ELS PER HECN_HUG_QM R"
"2311bbda-7999-48af-9e7b-ec13f39144e9","ELS PER PRJ_Konstruktion R"
"f25c0328-0efc-4dca-a439-526d1749c4fd","ELS Department CAD"
"bc335c8b-50ac-4262-8323-3bf880361342","ELS PER TECHNIK_CAD_11_Konstruktionsrichtlinien RW"
"4eb20086-baa3-4b5a-9815-d41ed816dc9b","ELS SP_Abteilungs-Seiten_PM_Dokumentation RW"
"00dd8ac5-c0ef-4829-9a66-3c073a7b11b9","ELS OLD Projektordner"
"3fc201d8-7b35-4db1-8ffb-27d1f4016322","ELS PER ORGANISATION_Einkauf_02ProjectExecution RW"
"67423b8c-727f-4e72-b121-fe2e8fed3483","ELS PER TECHNIK_Labor_03Feldmess-Projekte R"
"27c1b86e-17cc-46f2-9727-bf22e1228558","TRT Domain Users"
"fb923038-3a87-4537-a536-e502234df49c","ELS PER TECHNIK_RnD_Budget R"
"f6591d40-0bad-4052-bdc0-c7fc48764a7a","ELS PER ORGANISATION_Management_070WorkshopSeminar R"
"8863e5f6-6e72-4aec-8bf4-3069b21f4a80","TEST PER TESTDRIVE2_FOLDER_Subfolder R"
"eeab8e96-19f5-4a9d-8759-f5a0482b13b4","ELS Department Ceramic Substrate Production"
"2efdde04-59de-4731-8d97-99c89f22398a","TEST FunctionDEPARTMENT TEST1"
"cec1d461-9926-466f-8379-aff1b9f49df4","ENS PER DEPT_Management_6Marketing R"
"c97fba64-d281-4abc-95f3-5e747c6d6271","ELS PER VERKAUF R"
"5bb94fd0-a9cf-4aac-ae77-8c963071b7e0","ELS PER ORGANISATION_IT_Projekte RW"
"f30d24e9-0348-49f7-bd9c-17ad9cc21ab5","ELS Function Corporate Development"
"c9b228e0-ba6b-4c9d-99cd-1f1697cfba3e","ELS Department Keramikproduktion"
"9ecec0c0-1e8e-4140-8653-e347ecb26b10","ELS PER ORGANISATION_Qualit?tsundUmwelt_Gesetzesakt R"
"a4c501f2-e73b-4a7f-9168-d08aca2fda1b","ELS PER TECHNIK_TechnBerechnungen_30_TOOLS_MAINTENANCE_DATA R"
"6aae6780-60f4-4078-9677-e2600ba66bd5","ELS PER TECHNIK_TechnBerechnungen_00_ALLGEMEIN RW"
"477af99c-2bd8-4d73-96da-ccc221499109","ELS PER VERKAUF_003_OFFERTEN_001_Vorlagen_Auftragsvorlagen RW"
"7e8cb38f-9d83-4248-ac2a-21f62c174331","ENS PER DEPT_RapportSys RW"
"0c3052b0-f6ad-490d-8afc-7284c8a2152b","ELS Function all Terminal Users"
"04fac838-5356-4270-96c9-2ff291b87e75","ELS Computer Test"
"6ee1a320-de4c-4fbe-ba74-5cb15338ff6b","ELS PER ORGANISATION_Personal_LohnOutsourcing R"
"a5ad7881-9651-4004-9403-9ee21909a272","ELS Apprentice Automation"
"cfae32a9-87c4-4b35-a3e6-28dbda4bf3b9","ELS PER APPLICATION_Abacus_HEUS R"
"9d0f1954-351b-41c1-9244-d7120f8e00af","ENS PER DEPT_Management_11Presentaties RW"
"f2bd4bdd-95db-4fef-949c-af52de4b5e6a","ELS APP Datenbank_Produktkennzeichen_prk"
"05d3bd79-4492-4007-9fd4-b606ba02f8f9","ELS Department Marketing_Old"
"ad0d3699-bcfc-4970-a501-a6c9efdabe81","ELS PER TECHNIK_Elektro_Produktpflege RW"
"d4642310-3075-474a-9886-18ee7991e5a5","SRMW_Intune_Win_User_Normal-ITTRA"
"4dfaf437-dd7a-4730-bc22-517c9e618ce3","ELS PER APPLICATION_DBTypenschilder RW"
"6f3b69af-77a8-4c88-958a-1694e4c4f93a","ELS PER TRAINING_5_Weiterbildung RW"
"cc50245a-c571-4688-9a6d-dd1692466f76","ELS OLD Projektleiter station?r"
"fe197273-b2fd-4866-9f47-d0006d4ce5af","ELS Function Director Control and Components"
"8ae20c35-e197-463f-9abb-9fe09ddbe539","ELS Department Control and Components"
"8e64dbbd-68c0-4fff-9162-9bd5a24f55c8","ELS PER ELSVMBABTEC1 Babtec-Import R"
"e30d3335-a700-437c-9863-ff6fc7700949","ELS Department Quality Management & Audits"
"c4acbe7d-e456-4ff8-b293-64ff64b48604","ELS PER EPLAN_EPLAN4 R"
"9c588d5b-c1fd-454a-9cb4-52573d2eac47","ELS PER PRJ_Tools_Shortcut RW"
"93ce2596-c0a6-444c-b55d-46a3250ebaae","ELS PER TECHNIK_RnD_Zero Emission R"
"87cdbfbb-39ae-433a-b99c-5b0466b88eb8","ELS PER ORGANISATION_Personal_HEDE RW"
"7cea0335-20b0-4007-a44e-b4c0c468758c","ELS PER TECHNIK_Labor_33Strategy R"
"8e0e47ad-64eb-4612-a748-85820edd27ec","ELS PER ORGANISATION_Management_080StrategicProjects R"
"9601d4d8-a4e8-43f3-a065-35a53c621a81","ELS Function FAU-Procurement"
"d2b2f190-a102-4022-b187-62b6b7db8126","ELS PER ORGANISATION_IT_Netzwerk RW"
"0fa2aa4f-244f-410c-9733-da8e4a62b5c1","ELS PER ORGANISATION_IT_Scripte RW"
"3793c799-61f8-4f8f-9004-d8e61412d32e","ELS OLD Hug_EK_Thale"
"bed00d00-c39f-424f-8873-ed359d6797a2","ELS Calendar CSS Werkstatt"
"fd8a969a-a559-46df-be8f-809df9037818","ELS Department Beschichtung"
"c7b7c6ad-8341-4615-816e-2e093b94fd14","ELS DepartmentHead Testing"
"7a1e65ca-d4d4-4321-9a3b-22ba3da00f33","ELS PER ORGANISATION_HHPBoard_070Organization R"
"8a7f04fc-2b4b-49a6-9ec7-20dc1337a6bf","ELS PER EPLAN_EPLANP8 R"
"2f0b5725-359c-4f97-99c6-4858315999ce","ELS PER ORGANISATION_HHPBoard_080M&A RW"
"a1bbf28f-cac1-400c-9e24-17912645229d","TEST PER TESTDRIVE_FOLDER_Subfolder RW"
"80bfc06d-3cc9-4c9a-b06c-b416528067fd","ELS Labor_Messmittel"
"4321f67b-eaf7-4513-b143-a017361ff3bd","ENS PER DEPT_IT RW"
"13fb4a09-8db1-46ec-a16f-fa8e27826946","ELS PER ORGANISATION_HHPBoard_010HHPBM RW"
"8fc5153d-8548-4989-8999-601fd742de4b","ELS PER VERKAUF_018_Lehrlingausbildung RW"
"11991ecf-960b-40e3-9ba4-17e7e1d247a8","ELS PER TECHNIK_Labor_23Support RW"
"e880eb20-9b91-4080-8125-6c07d02aab69","BFA Function Service Technician"
"8d682091-1bd3-4fd5-af47-f4ec6b88a166","ELS OLD Physiklabor"
"303ddc0f-35f4-4f5a-9182-6ba45f34719f","ENS PER DEPT_Management_10NDAFrameAgreements R"
"697a5c37-4db4-4d45-b630-2f2e413a419e","ELS PER TECHNIK_CAD_01_Protokoll RW"
"1aa4eb95-9359-4982-922b-35584195e435","ELS PER ORGANISATION_Gesch?ftsleitung L"
"0b3322fc-b4aa-4487-bef5-91a4976cdf55","ELS APP Keytech Users Viewer"
"6d32e35f-3d94-4740-9b48-020f76533c13","ELS Function KVP"
"be5806d7-b55a-49c0-b68a-85c9f00f1a66","ELS PER TECHNIK_RnD RW"
"81274a3f-5d88-4fba-a749-269b294a37fb","ELS PER TECHNIK_CAD_99_Outlook_Archiv R"
"d56f3363-01c9-450e-8d8c-12f4958793f1","ELS PER VERKAUF_003_OFFERTEN_003_Offert_Auftragsvorlagen RW"
"a9c4bd72-bd6b-4928-9502-f2f79359c39d","ELS PER TECHNIK_TechnBerechnungen_ R"
"709acc1f-ee68-436e-a3d6-3ba20dcae2cd","TEST PER TESTDRIVE_FOLDER R"
"8f81a893-d8d5-439b-a39c-49b286be569c","ELS PER TECHNIK_TechnBerechnungen_70_SIMULATION R"
"710c7ba7-c2e3-4184-aecc-08b5dfe256df","MAG EX_SEC_Service"
"c6c32755-159b-4f24-ac8c-a35966ffa28c","ELS APP Typenschild_Datenbank"
"fd282764-0a0d-4c8c-b29b-c3b64fe5e31b","ELS FunctionDepartment Sales"
"c8f49b93-d6dc-4f6d-b778-5b8ed6e4c67b","SRMW_Intune_iOS_Users_BYOD"
"c48b68e5-a246-48d2-a4a2-daf2513cead4","ELS PER APPLICATION_SSD_Templates RW"
"bb140345-94b0-4029-a960-49c326e9b136","ELS PER TRAINING_1_HUGACADEMY RW"
"62a5d18c-5e45-4f16-b59b-e8a24f214710","ELS PER ORGANISATION_Qualit?tsundUmwelt_ProductConf RW"
"6d8c0d89-dcb9-4b7a-8066-5982ae9bd712","ELS Function IT-Schnupperlehrling"
"fce993f5-748a-4056-b784-975ba65680c3","ELS FunctionHead Corporate Development"
"f27b00e8-27f3-48a0-91f3-3846ed3d5495","ELS PER TECHNIK_Elektro_Spezial R"
"786379b6-ead8-4f72-bbd9-40e2c7e3e6ca","ELS Department Automation"
"cfb1bb25-f5e6-46ce-b0d8-455f9342cbc9","ELS PER ORGANISATION_Qualit?tsundUmwelt_Idea RW"
"e3353432-a0b3-4893-ad57-b9ef76a0e280","ELS PER OPERATIONS_5FerienUndPikettplanung RW"
"0e88a42a-b732-458c-a67f-90ab922e91f4","ELS PER ORGANISATION_Management_100CSO RW"
"61efa815-35c4-42ff-8543-61b640c58b5e","ELS PER TECHNIK_Labor_15Lieferanten R"
"ced6528b-f160-4693-bab2-1582391f0715","ELS Function all Apprentice Instructors"
"2d76fa78-eddf-4058-a5e9-64165cafca53","ELS Apprentice Service"
"bc40aab5-841e-47d6-a489-355e50544004","ELS PER ORGANISATION_Management_080StrategicProjects RW"
"304f7741-25d4-4ed1-88e9-fa83ffc022bd","ELS PER TECHNIK_RnD L"
"4005e78f-70e1-4ece-bcb3-b31c1c592b04","ELS FunctionHead Research & Development"
"8e9e6124-a80c-4410-9a98-c0fd61bbedad","ELS PER VERKAUF_005_KUNDEN DOSSIER RW"
"9abf252f-56f7-4bb7-acb0-70bac1c981c8","ELS PER TECHNIK_Labor_25Produktionalisierung RW"
"b09bca52-8890-4eac-8839-ed78c0cd3bea","ELS PER TECHNIK_Labor_17Vorlagen RW"
"7d181100-b7c6-40e4-8499-e2c78744c2c2","ELS PER ORGANISATION_Personal_HENL RW"
"9a6997fd-971a-4f0f-8930-51c8350d312b","ELS OLD Konstruktion"
"68419772-4f66-4400-bf8c-814a85855463","ELS Department HR"
"1181bba1-4c37-4f34-bf05-5167e1740cf5","ELS FunctionDepartment Quality Management"
"e2a84f99-df39-4d57-82f5-9cfd6b99150e","ELS PER APPLICATION_SSD_Settings RW"
"b8411aa6-a4f0-41d0-bc1b-012826808dae","ELS PER TECHNIK_RnD_Budget_PnL R"
"5225d5c2-ebc6-4a4f-9e52-a942a97442ca","TRA Function Sales Backoffice Assistant"
"5431c46a-142e-4b16-a912-107dcbf0930b","ELS APP ePlan 8 Users"
"7b65157c-2054-43f8-ba02-f289882bb8cf","ELS PER APPLICATION_SSD_CMD R"
"c1bb7914-72dd-4292-aa2b-c680ae09e376","ELS PER TECHNIK_TechnBerechnungen_70_SIMULATION RW"
"fe15ed5a-e0a7-4a07-89f7-f8421f5ef67c","ELS PER TECHNIK_CAD_11_Konstruktionsrichtlinien R"
"2e427bbd-1506-44d5-b329-05288fed2183","ELS PER TECHNIK_Elektro_Anlagen_bis_2001 R"
"ef9cd51d-037f-4c7b-9293-ca57b57fbe8f","ELS PER TECHNIK_CAD_06_Standard Komponenten RW"
"c1d15455-9499-4409-90ee-08185502b181","ELS PER TECHNIK_CAD_02_St?cklisten R"
"c1f0c9f3-e98a-4f88-94e3-d2b9801d851c","BFA Function AFO-US"
"96d47abe-ee88-4b0c-8ca1-a359db2dd54d","ELS PER ORGANISATION_Personal_LohnOutsourcing RW"
"92043422-51f7-4956-8c2e-e038b6d2a494","ELS PER TECHNIK_TechnBerechnungen_11_LAYOUT_FILTER RW"
"80a647a6-e4b4-4574-87a7-49eead87baf6","ENS PER DEPT_ScanFolder"
"468ca0ba-ffd0-4b6d-8788-41cf0104f77a","ENS PER DEPT_Management_11Presentaties R"
"a2d88919-fd10-409b-97b1-974ae58c309b","ELS PER TECHNIK_CAD_70_Artikelfreigabe R"
"2ec5ec22-57a0-4eee-8e58-0466612f1689","ELS PER ORGANISATION_HHPBoard_080M&A R"
"b23acb65-cafe-4ff4-bfd7-5f95afec1daa","ELS PER APPLICATION_DBBetriebsmittel RW"
"951531cd-5e97-4420-972f-3f3cb7424669","ELS PER APPLICATION R"
"c96df93a-048e-4890-8384-800748de5908","ELS APP Keytech Admins"
"637e721b-50c8-42a9-8412-4e30e5db8175","ELS PER ORGANISATION_Qualit?tsundUmwelt_Qualit?t RW"
"3d7339d9-9590-442c-b41a-ace2cde2bdf0","ELS SP_Abteilungs-Seiten_Entwicklung R"
"abefa452-ed39-4f42-b415-7dc48ca6eceb","ELS PER TECHNIK_CAD_70_Artikelfreigabe RW"
"27bf1479-11f3-4324-bcda-96c7fd917231","ELS PER TECHNIK_RnD_Processes R"
"9c31ccc7-b585-4d40-b327-fe488b5b34c8","ELS PER TECHNIK_03_Entwicklungsprojekte_Keramik_8- F-Projekte RW"
"8f274260-39ef-44f2-b7dd-7a9a4a3dba27","ELS Function Director ProductLine PowerGeneration"
"c2153110-b523-4d66-b153-9ae5726dc555","ELS PER TECHNIK_RnD_Digitalization RW"
"9afa1bb8-9601-4e1e-9de4-9f1d31ea21a9","ELS Department Einkauf"
"44497cb7-79f5-453e-9374-7394d04997ad","ELS PER ORGANISATION_Abteilungsleiter_KVPProtokolle RW"
"99e92839-bdb4-4745-9988-60b144aadf73","ELS PER TECHNIK_RnD_IP R"
"26233b71-5896-49ae-b547-4d16969cfa1a","ELS PER TECHNIK_Physiklabor RW"
"7173f907-15b0-479f-bf4d-3688a744c194","ELS PER ORGANISATION_Administration_Marketing R"
"07b7b492-6f9e-46f9-b459-a80cc42f10ae","ELS PER TECHNIK_Labor_01Messungen RW"
"7bc9a3cf-4107-4847-ac17-2d1f191655c2","ELS PER TECHNIK_CAD_04_Zertifizierung R"
"64b3f153-8176-4d70-ab89-4004820a18ec","ELS SP_Abteilungs-Seiten_PM_KnowledgeManagement RW"
"91748b18-c40a-43ea-86dd-ed68d76d7061","ENS PER DEPT_Images R"
"9ac6616b-9854-4a17-8e83-c896ff9d62b9","ELS Konfektion"
"de231a13-6045-4749-9d8c-a73ece8a2fdf","ELS Department Sicherheitsbeauftragter_Sanitaet"
"a3ff75a1-da74-40a2-8248-6e8deab25bc7","ELS PER TECHNIK_CAD_07_Plott_Zeichnungen_IMSC RW"
"3b013b06-b892-4cb3-a9a2-29481d0d28dd","GLB TEMP all Inventored Computers"
"aaf5a772-9d00-448d-984c-8f4717f762af","MBI HUG Function AFO-CN"
"8f8dc7cc-2832-4975-89c6-1286c7d9e57e","ELS PER ORGANISATION_Personal_DigitalSignature RW"
"88ca015f-2053-4894-a095-cb13fef49d3f","SRMW_Intune_Win_User_Shared"
"fd66abb2-3203-4fca-aebb-e26b63a64f4e","ELS PER ORGANISATION_IT_Systeme RW"
"5d293962-3d12-449b-8aae-8dba0d07cb3e","MBI HUG Department Project Management"
"cac3aed4-839f-49a8-9b23-50d171fe4037","ELS PER TECHNIK_Labor_16Literatur RW"
"1d2835a8-fd71-4ef1-99df-797a8419c3b4","ENS PER DEPT_Management_6Marketing RW"
"b6e9d3c0-2722-4153-9877-fb9d27fe24b9","ELS PER PRJ_CCIMO RW"
"cceb7466-ec1f-4162-99bd-c16a06b05a5b","ELS PER ORGANISATION_Management_070WorkshopSeminar RW"
"cc07f68e-9781-491b-92bf-dce4631bd4f3","TRT Function CAD-IT"
"edf480b3-660b-46f4-a2a2-da629a12039b","ELS PER TECHNIK_RnD R"
"6f7c935d-982b-4a65-9d26-e5542320719a","TEST DEPARTMENT TEST1"
"e4b6ffe4-00cd-4fde-966e-66fc19c9cbd1","ELS Function General Manager United States"
"8a6969d9-8944-4f3e-8445-011d04751e59","ELS PER APPLICATION_SSD_Log R"
"9c1ff3f7-8955-458a-95d4-64402566b10c","ELS PER TRAINING_4_Einf?hrung RW"
"d9ceee77-3ce0-4a5f-962a-6e373b51e6d0","SRMW_Intune_Win_Device_LocalAdmins"
"98f3cca0-1419-4f4b-b72f-a6ec2cd3ee16","ELS Function Hug Group"
"e2437b46-d39c-4fb4-9c4a-1daaa13f9f97","ELS PER TECHNIK_Labor_14Ausbildung R"
"c5c29286-bae4-46e3-a09c-c5f590b3db10","ELS PER ORGANISATION_Einkauf L"
"09985aa5-07a0-4fd5-a835-72bf747601e5","ELS PER TECHNIK_Apparatus R"
"8dff42bd-b91d-4630-87f8-4626ff3c12e8","ELS PER APPLICATION_SSD_AppTools RW"
"e9617da3-3257-476c-bda2-f08148b3fb8d","ENS Department Management"
"0c222646-813d-44ab-b6d7-7ad18b24c9df","ELS PER TECHNIK_CAD_12_BTC RW"
"a6ebd8a9-b3a6-4ac3-b439-8080657cefd4","ELS PER APPLICATION_SSD_src R"
"6e65f8ae-4bd7-4822-b80f-417857c4a607","GLB Teampass Admin"
"1bc6f92f-b9c3-404b-b6f0-517d72206474","ELS PER VERKAUF RW"
"bebc4fc8-7795-4905-b76d-c1feb49b5c67","ELS Terminlisten"
"3f4d84b5-061d-4823-a253-15651139463b","ELS Verkauf_Kader"
"0e94d50c-a516-4fc2-b720-f16355ea6152","ELS OLD Personal"
"8a347ffa-360f-4ac6-82d3-669a1d4a5e8c","ELS Function all Subsidary"
"c0d41e35-61f9-4740-8f28-8f47571bd078","ELS DepartmentHead Ceramic Substrate Production"
"f20ad1b4-6b67-4f7d-8e68-65e64791b4f4","ELS OLD Abteilungsleiter"
"f60e5341-f5ed-48ff-811f-e97ee89bae85","ELS PER ORGANISATION_IT_Netzwerk R"
"3e8ab549-5ee2-4a31-b3b4-85c4b49dd6eb","ELS Function FAU-BTC Support Automation"
"048d6aee-98e5-4722-93fa-7a3ebf8dcb2d","ELS PER HECN_HUG RW"
"9d8327f5-c056-4e1d-8637-ae4d7f09061c","TRA Function AFO-IT"
"f7b23d96-56a0-41a8-8d88-a5041e266e0b","ELS PER TECHNIK_03_Entwicklungsprojekte_Keramik R"
"284a3715-3814-4e17-a696-66d5eaa6e5c4","ELS Function Product Managers"
"114836fd-744c-498a-be52-20357bc712a1","ELS PER ORGANISATION_IT_Server RW"
"fe0639de-2af2-4105-aa1b-7217325cf36b","ELS PER ORGANISATION_Personal_Versicherungen RW"
"875745eb-b6cc-4394-91d5-ce85027457d5","ELS PER TRAINING_2_HHP_Fundamentals RW"
"017521cc-2f12-47e4-8ff4-2683c0465511","ELS DEP Metalwork Engineering"
"c1471927-f1fd-443f-a724-faa02d11eaa7","BFA Function Sales Support Speciallist"
"4a1972c0-fa6e-4163-9b49-178bd9a59e19","MBI HUG Function ServiceTechnician"
"4e6d0999-0458-42b4-9cd7-b04a1ea9756b","ELS PER ORGANISATION_Qualit?tsundUmwelt_z_Archiv RW"
"7e1046aa-3135-49a9-b7c2-835b5c941d65","ELS PER TECHNIK_Labor_32Kontakte extern R"
"6c67fd91-d6a9-47fc-b80b-c0198d6a7546","ELS Department Konstruktion"
"16a228a6-c473-46f9-b2fd-648ce451145c","ELS PER TRAINING_3_Strategy R"
"a6ef9453-d7fe-4d22-91e4-adcf24642532","ELS PER EPLAN_EPLAN4 RW"
"3a0d2717-9e17-4c54-b4f6-1ca2a8b47353","ELS PER ORGANISATION_IT R"
"b37079ef-659a-4a52-ace1-d39390f5700b","ENS Department Administration"
"faeec75a-9216-4864-b985-8f90922723ea","ENS PER DEPT_Management_3Service RW"
"75174abb-8d93-4a3f-a3e9-9cdcec2da932","ELS PER ORGANISATION_Administration_IT RW"
"8124ebc6-3fa0-4394-aafc-5e02d46fab1c","ENS PER DEPT_Management_1Rapportage RW"
"de10126c-7ceb-47bf-8d73-6d77958a2559","ELS Calendar CSS Editor Access"
"d5c39608-c859-418a-90e1-d24407c7618b","ELS OLD Elektro"
"5072c1df-3202-4c42-aca3-7b8bc3fca493","ELS Function IT Intern"
"2b0c80d5-2e32-49ed-a032-f7205432205b","ELS PER TECHNIK_Elektro_Lernende R"
"6e9370c1-ee56-4876-ad36-958d09023169","ELS SP_ICBP_HEUS R"
"074e6ddc-a62a-49a6-a232-55e634401e5f","ELS TeamManager Metalwork Engineering"
"16ca1827-6572-4a44-8d89-cb0c5b744348","ELS PER ORGANISATION_Worksafety RW"
"399649ad-eb83-4562-bc13-4b5fa4e9a80b","ELS PER TECHNIK_RnD_QUality R"
"85a59a7d-a505-456e-9cf0-6b0d0af2756f","ELS PER VERKAUF_015_KEY SHOT RW"
"a84f5511-b513-48f6-8a1f-141415b4dc11","ELS PER TECHNIK_Labor_26KVP R"
"b2fb72d6-9b32-4c3d-97b7-61222599ed88","ELS PER TECHNIK_Elektro_Organisation R"
"66832f85-04f5-49f9-9791-64a49304f996","ELS PER TECHNIK_Productline R"
"8079b260-5474-4cfb-877a-91202572ddd9","MBI HUG Department Engineering"
"4f3602da-c772-4b2d-9e28-8198dce66020","ELS DepartmentHead Ceramic Customizing & Coating"
"ba6f1b70-6905-4b6b-b5a1-f5dfcfeca7d2","ELS PER ORGANISATION_IT_Lehrling R"
"f22f82fd-6c6d-490b-ad5d-6f0c014583e4","ENS PER DEPT_Management_HUGMT R"
"08e145c9-649c-4cf2-9ff7-b03f0f5a23e6","ELS DepartmentHead Functional Development"
"c811871c-9aa3-4b4d-be13-1ed60b078475","ELS DepartmentHead Project Management"
"29cfd1a5-3b0e-4d89-bcbf-f179c4adbe93","ELS PER ORGANISATION_Abteilungsleiter R"
"07b41986-0f03-4704-9edf-779cfbe8d621","ELS PER TECHNIK_RnD_Benchmarking RW"
"89ef14a8-5c17-493f-b1df-108929897647","MAG Datev Admins"
"4a9968a1-3777-4743-acdb-b0b2f524ac12","ENS Department Mobil"
"e9c3a222-4bae-4411-a5fe-264821535ee8","ELS SP_Abteilungs-Seiten_Verkauf_Internal Sales Page R"
"c5015542-f556-41ea-94de-2a74c7cb7a6b","ELS PER TECHNIK_AFO R"
"01141220-19ee-4346-8e71-f7c6ca4ede48","ELS DepartmentHead IT"
"b812b398-0d60-4235-8a13-3b281fff741f","ELS PER VERKAUF_020_AUFTRAGSEINGANG R"
"bfc23638-7322-4446-9507-bc20a1ffaf71","ELS PER APPLICATION_SSD_AppTools R"
"fb872bd9-2fd2-4194-8abb-6397145dfd3f","ELS PER ORGANISATION_Qualit?tsundUmwelt_Qualit?t R"
"38e6af04-85ba-47a2-b52e-0e920a7ec1da","ELS Function Health & Safety"
"92e64867-55b9-40d4-92d2-428cffd68923","ELS PER APPLICATION_Abacus RW"
"c78a4743-e12c-4367-9fb0-dcfa52a2fc77","ELS Department IT"
"d5a3b92a-47b1-4dab-98c0-dbd0ec7d6636","MBI HUG Department Quality and Operations"
"137ee466-1a94-4dd7-89a0-186e56a913ce","ELS PER ORGANISATION_Dokumentation_docshop R"
"4bdf3e48-0022-4397-bb2e-6774e97a7666","ELS Function Industrial Engineering"
"fb7840f1-ca15-414e-b7f4-f65a0d24eae6","ELS Function Pikett"
"baff24d7-0c3a-486e-a681-8349632e327f","ELS PER APPLICATION_BnR RW"
"332f2e16-c8e0-44f2-a181-77e0c46e6630","ELS Apprentice Global Service Center"
"049d25d3-593e-4c85-b787-f86434687d93","ELS Function HENL"
"c8838ffc-c42c-40fe-9bd4-d59716671bef","ELS PER TECHNIK_Elektro_Messen R"
"0d05b2bd-2e6f-4070-9327-d23a9d1b4e80","ELS OLD Beschichtung Waage"
"ee007914-3864-4cff-bece-fa6a17d73057","ELS PER APPLICATION_SSD_Source R"
"8035e6c6-1538-4ed9-bdd3-e86ed7df0976","Hug Engineering AG"
"349e0f22-b257-4ad9-900a-ff50d325f3b0","ELS PER TRAINING_6_HSE L"
"5748c01c-2f71-49a3-b3b4-0d6d07af726f","ELS PER TECHNIK_Elektro_Protokolle R"
"d13aeb09-aacb-46f0-ad4d-5d19f8e0853a","ELS SP_ICBP_HEDE R"
"1e59b8bb-797c-44c5-8920-18f0f9fdd1a4","ELS PER ORGANISATION_Worksafety R"
"ef9e2d82-1e2b-49ca-8a79-4270892b90eb","ELS PER VERKAUF_019_Vertriebsplanung R"
"6dc5bb03-b228-46e8-a0c7-81fb968a81b3","ELS OLD Marketing"
"1ea778ed-3021-40f5-b8c8-587cb0d03ed1","ELS DEP Apparatus Engineering"
"b5f91368-fa6f-4e67-8ced-26c472adb67a","ELS PER TECHNIK_Elektro_Korrespondenz RW"
"a7d5a682-4040-4d2c-ad89-4cc725c1db50","ELS OLD Produktmanagement"
"b86e1e2d-c4c6-4c5c-b1ca-41320efb92bb","ELS PER ORGANISATION_IT_Scripte R"
"3c89bdd0-2a47-4dbf-ae2e-7d7f7d804ccf","ELS PER TECHNIK_Labor_14Ausbildung RW"
"dd448efb-a62a-432f-bca9-5019540296ce","ELS PER TECHNIK_Productline RW"
"c9099c85-74c7-478b-909e-0133bc1e78ed","ELS PER TECHNIK_ProduktManagement R"
"1e167251-33a7-41a0-8e14-2399b815c7de","ELS PER ORGANISATION_Service_ServiceCH R"
"1a03b3ff-3860-486f-9f2b-64c06895a2ae","SRMW_Intune_Win_User_Shared-CHELS"
"4a2b1199-b2b1-4eb8-a624-0fd17a9366f1","ELS PER MOBICLEANR RW"
"7fdaad94-0a50-46ea-ab83-ed103debb6af","ELS PER ORGANISATION_CorporateDevelopment L"
"6a34af96-2150-4950-add9-0b848e11e497","ELS Function Office Assistant"
"42b900c8-b796-426d-b090-f71d6735c6dc","ELS PER TECHNIK L"
"f7ba7f09-eaa7-45fe-920f-a4deb2095fd8","ELS PER TECHNIK_RnD_KPI RW"
"19f45b05-c374-4680-961e-740049d44162","ENS PER DEPT_Management_3Service R"
"00434216-ad01-41a1-a2f3-00f8b40483f0","GLB LIC M365 Business Premium"
"af4ef678-67d7-4171-9e84-0f944efe3f19","ELS PER TECHNIK_Elektro_05_Datenbank RW"
"1891c80a-2185-485d-920b-37467fdd9f72","ELS PER TECHNIK_Labor RW"
"2be3c84f-05ab-4b9c-97f4-d461aa0b8577","ELS Apprentice Ceramic Customizing & Coating"
"fa066ede-88ba-46fa-a66d-253543477f72","ELS Apprentice IT"
"283bad5b-2dc8-4630-9b7d-69fe63d1f2ac","ELS PER TECHNIK_Labor_12Messdienstleistungenext RW"
"cf1b9770-52f9-44f6-898d-47980851ae01","ELS PER TECHNIK_Elektro_Messmittel R"
"84193e35-d42d-4129-bec8-f8bf6f81f80a","ELS APP Datenbank_Extrusionswerkzeuge"
"8d5d4976-63dd-4437-be39-3c01ae04bac5","ELS PER APPLICATION_SSD R"
"c306541a-a6c6-4aa9-9580-bd380461736c","ELS PER ORGANISATION_IT_Telefonie RW"
"bd4d8b22-8be0-41e5-8938-1eccf352c6f8","ELS PER APPLICATION_Abacus_CorporateHR R"
"d433c05a-1f68-4d23-9d4b-a7ba6ade714b","ELS PER PSP_Data RW"
"5a937a50-6af1-4370-8a00-799c19143cfc","ELS OLD Produktion_GL"
"6887e826-d1d6-4a68-8d31-5f972086fc1a","ELS Share MOBICLEANR"
"62c7e7c0-9a5e-49ca-abc7-ff529c01afff","ELS PER APPLICATION_Abacus_databix RW"
"ebed46a1-789c-47e8-81a2-a4cb6e17bfde","ELS PER TECHNIK_RnD_Processes RW"
"96ff6249-7edd-4135-9bd2-f052281c55b4","ELS PER ORGANISATION_Administration_WelcomeScreen R"
"0ccb78d2-a053-4829-a51e-9c9d8a03083d","ELS Apprentice Marketing"
"934fa58f-ceee-45db-9f0d-04b80fa735e6","ELS PER ORGANISATION_HHPBoard_060Budget&SP R"
"d49511ac-29b4-4f86-b40c-ad79f41598e8","ELS Department Personal"
"ee6b1de2-f4c8-4b62-b195-1040d3010524","ELS PER TECHNIK_RnD_Fueling RW"
"8c246de2-5fca-42e8-8a96-b5f5285e5eb4","SRMW_Intune_Win_Devices_Depl_HAADJ-STD"
"9a7f21b4-d6e1-4d70-b21d-facec8316232","ELS PER ORGANISATION_IT_Nachweise RW"
"104a5f2f-eb46-4d43-bfa2-3e5470846a1d","ELS Lehrlingsausbildung"
"2b33f160-c287-4be9-938b-3fae3955e4e3","ELS PER ORGANISATION_HHPBoard_090Faureciaothers RW"
"b15720ff-0592-41f8-bbde-6485d6eb4022","ELS Function all Function Heads"
"08b6aafb-f894-4a39-9dc6-62ce1556f27d","ELS PER PRJ_Projects R"
"23419227-984f-4d20-9bcf-ca127373fd52","ELS PER APPLICATION_VM RW"
"e37eb4f9-57fc-4d41-9bcd-3954a848a692","ELS PER ORGANISATION_CorporateDevelopment RW"
"cef40407-716f-46fd-9273-4f73102c5922","ELS PER ORGANISATION_Administration_Allgemein R"
"b1c31235-c3bb-4667-bd47-e888ff6c4b30","ELS SP_Abteilungs-Seiten_PM R"
"0088043b-ba8e-414e-bb0d-79f6c5b5d16b","GLB APP DATEV User"
"8e25105c-84df-4e89-a03f-7786ab5715af","TEST PER TESTDRIVE_FOLDER RW"
"aed51b8d-69a6-4df8-a7e9-45b36b7756f3","ELS PER TECHNIK_Elektro_Dokumentationen RW"
"b9dfd533-5306-408f-8906-ac01e312bd0a","ELS PER VERKAUF_010_WERBUNG RW"
"6a39731a-f3b6-4a22-adc0-570b078e77e4","ELS Department Documentation"
"95f7122c-ea63-49f3-ab9a-ddd73144e2c3","ELS PER ORGANISATION_Projektmanagement RW"
"0aaf8fb3-8887-4cde-8ee6-d5b876666492","All Company"
"e1f2dedb-afc6-4c2f-aaf0-cd0cfe81a49e","MAG Disabled User"
"f1b1ec49-ff0e-4f2f-ad1e-6af8fbd4e194","SRMW_Intune_Win_User_Shared-USCLB"
"1c36ef37-ba8c-45d0-a920-500990441bff","ELS Department Transportlogistics"
"8cfbcef2-cb8a-43d4-8d13-6ffd1d0b564b","ELS DepartmentHead Quality Planning"
"fd3499be-dba3-4954-99a7-734832a6191d","BFA Function Executive Board HEUS"
"7a487b36-6953-4c1f-87f8-31bf6ecb8e42","ELS PER TECHNIK_Zertifizierungen RW"
"eb3dec69-fa04-4cd9-b7c3-4833213c70ac","ELS OLD Hug_Deutschland"
"3e184b07-7a71-4f02-baf4-92de6035f9c4","ELS PER ORGANISATION_Einkauf RW"
"cfc5dbeb-66b5-49b7-ab72-71a2051e653e","ELS SP_Abteilungs-Seiten_PM_Certification and Classification R"
"f49e42a3-6b3a-4182-91b3-4b22eb37d30e","ELS PER OPERATIONS R"
"11f0fe6c-0ca6-4cf9-b591-0112cdc6792f","ELS PER TECHNIK_Productline_04PortfolioOptimization RW"
"f2a0e0f1-aaa4-472a-bcf1-c353d92c7e9a","ELS PER ORGANISATION_HHPBoard_020HHPBMextended R"
"d7d1b7a3-c6f2-49ef-a5b7-c653b9b986c8","ENS Function IT"
"205d6233-e916-4c72-83d9-c509fb69291a","ELS Function Devices physics lab"
"4002a51e-e100-45fa-a97f-b670f18b8d01","ELS Function Consultant HR"
"b35a11ad-b9ce-4df2-9fbb-f79029441f3b","ELS PER TECHNIK_Labor_13Pr?sentationen RW"
"4eada0ef-5c26-4a27-a8e3-ece1bac62193","ELS OLD Ferienplanung"
"3f9eda13-95f4-4f79-8437-ac67b412800a","ELS PER ORGANISATION_HHPBoard_090Faureciaothers R"
"01fc1c3f-6750-4a13-9683-bb74e585e113","SRMW_Intune_Win_Devices_Depl_HAADJ-ADM"
"3fdb3fb2-cbc8-4ae2-8583-13e1e20aee48","TEST FunctionDEPARTMENT TEST2"
"0f46d91b-b65d-4fb6-8b7d-5df4d9362ee8","TRA Function ManagingDirector HEIT"
"54d1baba-208c-4b7a-aa2f-7a7cb47a81d7","ELS Share TRAINING"
"f1e0a15d-1cae-481f-897f-d7be024a5957","ELS Department Industrial Engineering"
"ae4de79a-ab60-4c66-a6ac-97e903ec393c","ELS OLD Bereichsleiter"
"fd75a1e1-1e99-43a9-b630-f469df1da154","ELS Department Operations"
"4cacd6b9-59e4-4e46-8ec2-b6f6cad4b46e","ELS Department Produktdokumentation"
"f1380645-7184-4b79-be00-06f13d0d7b93","ELS Department Kundendienst und Logistik"
"2c3a512d-93b1-459b-8964-fa2a3f131dfe","TEST PER TESTDRIVE2 RW"
"656be818-58ab-48c3-a3cd-3fff4c1cf63d","ELS PER APPLICATION RW"
"e40aa230-5d06-4a93-b8b0-ca34d0e776a4","ENS Share Mobil R"
"375424ae-5359-4653-b2db-c523f4fadced","WW HUG Global Service"
"d007444e-bda5-4551-a788-672b580570f6","ELS PER ORGANISATION_LogistikKDLager R"
"d931a9a0-bd1d-48a4-97e3-4bade576fefd","ELS PER APPLICATION_TIM_PublicationText R"
"63beead2-c6bc-4535-a8de-d6412b4c9f23","ELS PER TRAINING_6_HSE_MonthlyTrainings R"
"20221293-fbc0-4a10-8b55-39bc7ad22a81","ELS PER PRJ_Konstruktion RW"
"402aad44-0be5-44fb-b2c2-aa7be249d2f9","ELS PER TECHNIK_Labor R"
"7c600f75-ad09-4355-a6c9-a3e611f26861","ELS PER TECHNIK_Labor_10Entwicklung RW"
"d75872a4-62cd-4a61-b077-e3a5c0cc8351","ELS Department Automation_Old"
"4dce1bdc-f0ab-45da-a35f-8564d2b51d15","ELS PER VERKAUF_008_ADRESSEN KUNDEN RW"
"74f82a25-90e1-4f82-b736-8d92e8f44233","ELS PER ORGANISATION_Abteilungsleiter_KVPProtokolle R"
"cf45ef39-550d-41f0-bc51-6eff22993855","ELS PER TECHNIK_RnD_Roadmap RW"
"d6a3456d-0263-46ab-81f9-44d9ca7c56c2","ELS PER TECHNIK_Labor_08Infrastruktur R"
"960751de-b727-411d-8c1d-a8c1bfff53dd","ELS PER ORGANISATION_IT_Sicherungen RW"
"42d2d4a1-1bfd-4b03-a336-4c872c3a3e56","ELS PER ORGANISATION_HHPBoard L"
"28dd8fe1-dbee-4787-8e7b-fbbbed2838c5","ELS PER APPLICATION_SSD_src RW"
"8abdb00a-884e-4362-9535-c2a4d8490af9","ELS PER ORGANISATION_HHPBoard_100Minutes RW"
"2ea61300-9af0-45cc-b64b-d57b6b37858b","ELS OLD Kundendienst_Logistik"
"297b4885-e46b-42e2-b530-e2cc82bcb368","ENS PER DEPT_Management_Overleg RW"
"5a4131d7-5fb3-4dab-831f-54e0e884c50f","ELS PER ORGANISATION_Personal_HECH R"
"86a83401-56a8-40c8-9e8c-114829ba9471","ENS PER DEPT_Management_7ManagementTeam R"
"2a9a4d6c-bee8-45b4-8239-1067b682352c","ELS FunctionDepartment Application"
"a6c472c3-e354-43b1-b493-27b19c8999b4","ELS NTFS Entwicklungsprojekte"
"3608ad06-fc80-4d71-bdba-86b11165fad4","ELS PER ORGANISATION_Management_040Asia RW"
"e663b408-744b-4918-a6e5-c356a80bad5d","ELS PER TECHNIK_RnD_Management R"
"3a8e4c5d-fcf1-446d-a79c-c9e2829aff74","ELS PER APPLICATION_DBPrK R"
"51d22405-da23-42de-b0aa-5b19279b0411","ELS PER ORGANISATION_IT RW"
"d711989c-6a39-43bb-92be-78e8eda071af","ELS PER OPERATIONS_3ProduktionsnaheBereiche RW"
"04b4a1be-16d9-4e0e-abba-0be5026d7d94","MAB Function AFO-DE"
"46743867-12e2-4e89-bae4-f1fa59e7cf14","SRMW_Intune_Role_FullAdmins"
"b1c25503-11f9-47c9-85db-6e9ff17ede5f","ELS PER TECHNIK_Labor_07Auftr?ge R"
"3c1ecbc1-1772-40c5-8af6-f6c71b6db0a7","ELS PER ORGANISATION_Administration R"
"7ef3307d-34f5-4651-9250-0bf26d6df9ad","ELS PER ORGANISATION_IT_Archiv RW"
"69fceba7-f710-4eed-8291-5fc278fce226","ELS APP Abacus_Admins"
"679faea5-ae6b-4b1b-a95d-22f2b91ed0e7","ELS PER ORGANISATION_Personal_HEIT R"
"d4cbf578-e462-47ad-8465-5f2b88cab4d6","ELS PER ORGANISATION_GLT R"
"e925f65d-565e-42ec-b709-1f2614a2e6a0","ELS PER TRAINING_5_Weiterbildung R"
"4233a0f8-ea90-4595-8316-9ed209ef48c3","ELS PER ORGANISATION_IT_Telefonie R"
"eec5a4bf-e058-4fec-a022-85c56c85ec14","ELS SP_Abteilungs-Seiten_Produktion RW"
"8ffcaf65-4469-451a-8a36-f6981b9d2fca","ELS FunctionDepartment Aftersales & Logistics"
"816aa789-9e32-4fb1-820a-71d74c2a4f23","ELS PER TECHNIK_Labor_21Korrespondenz RW"
"7410364e-8562-4cf1-b7b3-1141de087598","ELS PER TECHNIK_RnD_Fuel-the-growth RW"
"bcc91aa6-7a68-4030-b5d8-f4e6215ffeb8","ELS Function VAT Manager"
"e276b456-d3f5-406b-b187-cb8c80af9ba0","ELS PER ORGANISATION_TechnicalRedaction RW"
"c4efdb76-7741-4320-9bb3-d8779e2ff34b","TRT OU Admins"
"51aea2f5-1a30-488e-a02c-ec0e265e8796","SRMW_Intune_Android_Users_BYOD"
"ba99e7f2-d102-4302-88ca-ba8eda9e31da","ELS PER ORGANISATION_HHPBoard_020HHPBMextended RW"
"afa529f5-8430-40e8-8609-d3babde471ee","ELS Department Unternehmensprozessentwicklung"
"597820ff-355f-4db8-81bd-05b4e7a5f6d9","SRMW_Intune_Win_User_All-NLENS"
"233196d5-8aa5-4886-be27-a397a743179e","ELS OLD Keramik_Entwicklung"
"0c60f1ae-f504-4dd6-b91f-95488e24720a","TEST Share TESTDRIVE2"
"6b651cc5-c7b8-43a1-9773-13a8a17e7ef3","ELS Department Gesch?ftsleitung"
"5e2f211d-3364-42f5-a850-ce9273cdde71","ELS OLD Management"
"0c362774-56e0-4ea5-8c04-ab720d683b09","ENS Share Management RW"
"3c17fcae-d7b7-4c0a-b051-2a8cf33892e4","ELS SP R"
"fe9f157a-7f35-4e51-a5a7-98557844c0c8","ELS OLD Projektleiter mobil"
"a379185b-8d53-4999-9c6f-55298666da8e","gpo - ITTRT Users Share Mapping DENY"
"b5193aba-2c75-4eef-b838-ebd39ea38c0f","ENS Function Director Service & After Sales"
"c86e4929-12c7-4275-bfe2-14218dd7faff","TEST PER TESTDRIVE_FOLDER_Subfolder R"
"7ab51577-89e9-498a-915f-87c9c43b9c67","ELS PER EPLAN RW"
"75dfcfe0-6973-4ca7-a8bf-778280177a85","SRMW_Intune_Win_Devices_Depl_AADJ-STD"
"2c8de2ad-425d-4b0a-aeab-428ec5880934","ELS PER APPLICATION_DBTypenschilder R"
"2329a0e2-d0b0-451e-a1c4-8161e0b828ba","ELS PER PRJ_Tools_Shortcut R"
"ce65cfc3-d542-4d40-bc95-8572183347d1","ELS PER TECHNIK_Components R"
"20d47194-8845-4936-b0f9-b30a260cb133","ELS PER TRAINING_3_Strategy RW"
"da5d1249-2c9c-4882-8d93-deff8f7fabbb","ELS Department Ceramic Customizing & Coating"
"15850398-e40d-4451-9962-4f8b2baec39e","ELS Department Technik und Entwicklung"
"8477097a-a116-48a1-9cdd-71aa15419d1e","ELS PER ORGANISATION_Lehrlingsausbildung RW"
"cc6c9281-55c3-4092-ad20-5d2902e1a0da","ELS PER TECHNIK_Labor_38Qualitatsthemen RW"
"b5a755bb-d28b-4bbf-b02f-050fe5e79325","ELS PER TECHNIK_03_Entwicklungsprojekte_Keramik RW"
"691d1085-0141-457f-98a0-22c59c50a337","ENS Function Applications Power Gen"
"32367a10-8e2d-4ff7-8985-35dbe22d6c58","ELS PER ORGANISATION_Personal_HEUS R"
"2b370042-0442-4264-95a8-1a0e0cc9023e","ELS PER ORGANISATION_Service_TrainingCenter RW"
"fdf01772-74ee-44f9-b237-07288173a7fe","TEST Share TESTDRIVE"
"fd80237b-68b1-4e9a-8a7e-7d477879c3a5","ENS PER DEPT_Multivers RW"
"e537c82d-6029-4dae-9b19-5174c6039cf3","ELS Apprentice AVOR"
"ad055e86-9e70-4196-b37a-67af820ec8f3","ELS Function Head of Global Aftersales_Service"
"c1dc483e-2109-4083-ad3d-246d989a7363","ELS SP_Abteilungs-Seiten_Verkauf_Preislisten R"
"6dce7ea1-1533-4384-8e9d-77a58aad86b7","ELS PER TECHNIK_RnD_Conferences R"
"e1724627-d10b-4010-9881-2ccae8e36c8c","ELS PER ORGANISATION_WarehouseLogistics RW"
"23b18262-df0d-4453-8f9f-63223d12c55c","ELS PER APPLICATION_Handbucherstellung R"
"b213fa73-a4af-4769-9e6f-e98fd1150110","ELS Department AVOR und Lager"
"837e2069-25e5-425b-b46e-f748b557fe6b","ELS DepartmentHead Procurement"
"75a61998-d102-4cb9-979f-cfe9217922fd","ELS PER ORGANISATION_Management L"
"98bcf001-d14e-4cf7-9c95-53cf3ffeb850","ELS APP SalesDB R"
"4fa7e63d-cd2e-4e6c-a16d-d7b7532be5bb","ELS PER APPLICATION_Eplan R"
"ff56fa68-a3f5-438d-9a2b-28cefaf717b2","ELS PER TECHNIK_Labor_36Praktika RW"
"53f4e0fb-7632-47a9-8e94-d883d91c1ff5","ELS APP Datenbank_Typenschilder"
"3b9bd982-02c8-4381-9b30-713efaeb354c","ELS PER TECHNIK_CAD_01_Protokoll R"
"e209eb7e-6c22-4a60-9c5c-722475f469fb","ELS PER PRJ_Tools_VM R"
"0fc175ce-e4fd-44b4-9908-968c09388aab","ELS PER ORGANISATION_Management_060VP-Coordination RW"
"f498f3e3-bce3-4c2c-9a7b-70e5bb61b6c3","ENS PER DEPT_Management_Overleg R"
"a72de987-055c-4c24-82c9-821bef5277c7","ELS PER ORGANISATION_Einkauf_04TeamOrganization R"
"9533cbae-f415-4632-87fb-cd25c3f5ea34","ELS DepartmentHead HR"
"2e46914e-b4dc-4ce1-a6d2-b333f4058fd3","ELS PER VERKAUF_018_Lehrlingausbildung R"
"6dd13eb8-1d89-4187-915d-5d94baeb95da","ELS PER ORGANISATION_Qualit?tsundUmwelt_Schweissfa RW"
"009aac67-e191-4bd7-a8a4-83db85dcc27a","ELS PER ELSVMABACUSTST2 ABACUSTST R"
"8b385820-6ab2-4f6e-872b-206819830e28","ELS Department Apparatus Production"
"21ed7665-78f4-4418-bec4-a80afb5c9eb8","ELS PER ORGANISATION_HLT R"
"3cdfc1f0-06fe-44a2-9630-0b6f0db45dd1","ELS APP Datenbank_Extrusionswerkzeuge_Lesen"
"f8990448-51f3-403a-bf7f-84d42cc6c7d7","ELS Function Consultant Automation B&R"
"e8db5033-bf6a-4f85-beed-1a21a4790807","MAB RDS DEMABAPPDTV1 RemoteDesktop Users"
"7faf02a9-bec8-4c61-a138-467d169bd0dc","ELS PER TECHNIK_Elektro_Anlagen_Spezial RW"
"92dfde4e-b2da-4a3d-b1f0-ab4be1c0cac2","ELS Function CSPO"
"08054106-ba4d-4dde-8fae-2a03d9d566f9","ENS Share Mobil RW"
"18dd8f53-4bd6-455f-b822-79561930075e","ELS PER TECHNIK_Elektro_Vorlagen RW"
"35d33d8d-f527-4936-982c-20b3d1e45731","ELS SP_ICBP_HECH RW"
"5e2a0ec0-7024-491d-9c8a-ee780cdd0e20","ELS PER OPERATIONS_1Produktion R"
"6e457c37-3e7c-4c02-952e-52f289e4ed7c","ELS PER ORGANISATION_Qualit?tsundUmwelt_Arbeitssicherheit RW"
"b3398d67-6b9b-4d36-99ec-f742ed992164","ELS PER VERKAUF_021_Service USA, Verkauf mit CSS R"
"b9ee7688-4115-4f9b-8665-75cc37bde1e6","ELS PER TECHNIK_Labor_17Vorlagen R"
"6640f2ca-0db2-4c12-be7e-e72d28815d34","ELS Function RnD Business Intelligence"
"681649ab-c260-45c2-a4d2-735d86a58bae","SRMW_Intune_Win_User_Normal"
"16f0a6a7-182d-474d-8be6-9e92f8761ed0","ELS PER TECHNIK_Labor_25Produktionalisierung R"
"e8dc81bc-fea5-4724-8c7a-7ccb647e8b2b","ELS PER VERKAUF_003_OFFERTEN_002_Datenbl?tter f?r Offerten R"
"cfac2f6a-3299-4aa3-ab5c-65291bb77aaf","ELS PER TECHNIK_Labor_05Auslegeprogramme R"
"840dd37f-2715-43c3-9b8e-f260a60a7223","ELS PER TRAINING R"
"ccffc56e-a916-4b44-9075-7329a0c6429d","ELS PER HECN RW"
"30260b0e-26f8-4a31-9cfe-342629d0cbf6","ELS PER ORGANISATION_Management RW"
"ef0cbd16-6d91-4ba4-afb8-04b7b1910db5","ELS PER TECHNIK_Labor_23Support R"
"c3e7fdf1-aa93-4565-aeb8-06e7641b9835","ELS PER TECHNIK_Labor_13Pr?sentationen R"
"1a3558a3-c5c1-4776-aa98-ae6f4cde7189","ELS Function Director Work Preparation"
"a873366c-2419-4665-8d67-923b8fef1412","ELS OLD Produktion_DLO_Brennkurve"
"ff64f4b6-1247-470b-93ce-88f692adc19f","ELS SP_Produkthandbuch_CAD RW"
"360ae48b-d4f4-4832-872e-8f5601f6548c","ELS DepartmentHead Quality Management & Audits"
"8483ff44-bad9-4e01-9821-006a1fa394b6","ELS PER ORGANISATION_Management_000Archiv R"
"4956c3d9-ef90-4231-982b-e7a0eaaeb3e3","ELS PER APPLICATION_COMOS R"
"f23e4379-b478-49bf-92af-90b348fa1093","ELS PER TECHNIK_Elektro_Projekte RW"
"9e934db3-998f-483c-9327-24c871b7a919","ELS PER TECHNIK_FMM Application R"
"b5dbc73a-1cda-41cb-9743-3ae20c690d9c","ELS PER HECN R"
"8fa2d80f-41fd-49e3-942b-f5986008098f","ELS PER VERKAUF_003_OFFERTEN R"
"70b03ceb-27a9-4eb2-9b00-275e305f56e0","SRMW_Intune_Users_Test"
"1fc80b39-bf1b-44f9-bd53-5a439f170ba0","ELS Function Director AFO-CH"
"e0974397-2a2e-48ac-a156-830f9610a47e","TEST PER TESTDRIVE R"
"fca67bd5-b520-480b-93fd-d2e371fcf0f1","ELS APP Layouttool SCR Users"
"f1a5887a-3a3e-41ae-ba35-b9bdb24a9901","ENS Share Management R"
"44d77eff-e513-4898-a775-7dce547a2277","SRMW_Intune_Win_User_All-USCLB"
"3f228221-50ec-45ed-b2f6-12d292f75aee","ELS Department Functional Development"
"24261b3a-8a98-4b36-919a-cca081470e3c","ELS PER ORGANISATION_Service_ServiceCH RW"
"8f857a7e-b5a7-4dd1-bdd9-98de71b62b84","TEST PER TESTDRIVE2 R"
"9bb57e9b-7bb2-490a-9311-8cef8435661d","ELS OLD Leitung Apparatebau"
"4bb231d3-d606-4d15-b256-23b8a9581346","ELS PER ORGANISATION_Qualit?tsundUmwelt_Process R"
"7f08cf7e-9fd0-425a-8ed2-78eef1c84f99","ELS PER VERKAUF_011_VERORDNUNGEN_GESETZGEBUNGEN RW"
"2df4cce2-4b68-4b93-b19c-c71fdbae743b","ELS PER APPLICATION_DBBildungsbericht R"
"f1fe3019-c68e-47f1-864c-f48d02ddd6bd","ELS Department Work Preparation"
"7a8c816b-ee26-4c18-9d89-ad47731e1b94","ELS PER OPERATIONS_4Archiv R"
"059f5a99-3683-4e81-8ed8-b786c59e9d13","ELS PER TECHNIK_CAD L"
"e0ee15d6-d5eb-4984-97e0-d1b87e363e87","ELS DepartmentHead Control System Design"
"e885482a-0dc6-4d49-84f5-ecf7e7bfdec1","CH-ELS-TeamsQueue-TechnicalService"
"5d1bd161-8aec-426b-b886-e39f9abce4e9","ELS PER ORGANISATION_Dokumentation R"
"70289806-1dd0-4b38-9dfd-1de5300cccdd","MAG Users Proxy-Client Access"
"71c001c5-3538-4327-8d6f-3536be22796e","ELS PER OPERATIONS L"
"0b81f7cc-c1d6-4b74-bdf4-4066c0c0e8ef","GLB WLAN Access Groups"
"58d3de9a-628d-4652-916e-3b3e7623bb51","ELS PER VERKAUF_021_Service USA, Verkauf mit CSS RW"
"1929668c-a5fd-47f4-930b-02978ab89745","ELS DepartmentHead Documentation"
"800bf577-46d2-4649-9f6d-00efb81c8812","ELS PER APPLICATION_Abacus_databix R"
"872aa5ef-04fa-4d54-a6e3-13e0ad770891","ELS PER PRJ_Tools_VM RW"
"e263feaa-09ae-4651-baaf-068782f763e9","ELS PER VERKAUF_007_KONKURRENZ RW"
"ac4034ba-8ade-4ce8-9f14-b633c8fd0ce2","ELS OLD EK_HUG"
"d7c427e5-e597-42cd-a299-b309f657f18b","ELS PER VERKAUF_003_OFFERTEN_003_Offert_Auftragsvorlagen R"
"4ff8e3de-8cd4-4293-81b2-9dffa01dd4f3","TRT ESX_SEC_Service"
"8c72342d-920a-425f-94ed-67b6895ff7fe","ELS PER ORGANISATION_HHPBoard_040MBR RW"
"592b17bd-c6ed-40fd-93a2-a7fde512fac0","ELS PER ORGANISATION_Qualit?tsundUmwelt_Process RW"
"28debf75-842a-40e5-8c5b-1af81f2d689c","ELS Department Sales & Key Accounts"
"d1b83bca-163d-46cd-8d1f-bb8a8f904bb3","ELS PER TECHNIK_Elektro_Vorlagen R"
"a46e4441-14fe-4a5c-b698-3aac916ca770","ELS PER ORGANISATION_ApparatusEngineering RW"
"29bbd3d8-d800-4ffb-808d-38e6928a819d","ELS PER TECHNIK_Elektro_CyberSecurity RW"
"570c0bce-008b-47fb-9ab0-d08707de526f","ELS PER VERKAUF_001_ADMINISTRATION RW"
"0cdcf8fd-961b-4683-a19d-087d75d5aba8","ELS PER TECHNIK_Productline_05Common RW"
"9f0246ae-fddc-479c-a5c3-b59217a351d3","ELS PER TECHNIK_CAD_17_TACTON RW"
